Client Category L1,Client Category L2,Client Category L3,Category L1,Category L2,Category L3,Category L4,Category L5,Category L6,Bmaxx Parent,Bmaxx Child
Large Appliances,Air Conditioners,AC Split,Electronics and Appliances,Home Appliances,Air conditioner,Split AC Full Set indoor and outdoor,,,Mobiles and Tablets,Mobile
Large Appliances,Air Conditioners,AC Window,Electronics and Appliances,Home Appliances,Air conditioner,Window AC,,,Mobiles and Tablets,Mobile
Large Appliances,Dummies,Dummies Split AC,Others,,,,,,Mobiles and Tablets,Mobile
Large Appliances,Dishwashers,Dishwashers,Electronics and Appliances,Kitchen appliances,Others,,,,Mobiles and Tablets,Mobile
Large Appliances,Microwaves,Microwaves Solo,Electronics and Appliances,Kitchen appliances,Microwave,,,,Mobiles and Tablets,Mobile
Large Appliances,Microwaves,Microwaves Accessories,Electronics and Appliances,Kitchen appliances,Accessories Kitchen appliances,,,,Mobiles and Tablets,Mobile
Large Appliances,Refrigerators,Refrigerator Direct Cool <300L,Electronics and Appliances,Kitchen appliances,Refrigerator,,,,Mobiles and Tablets,Mobile
Large Appliances,Refrigerators,Wine Cellar's,Electronics and Appliances,Kitchen appliances,Refrigerator,,,,Mobiles and Tablets,Mobile
Large Appliances,Refrigerators,Refrigerator Frost Free <300L,Electronics and Appliances,Kitchen appliances,Refrigerator,,,,Mobiles and Tablets,Mobile
Large Appliances,Refrigerators,Refrigerator Side By Side,Electronics and Appliances,Kitchen appliances,Refrigerator,,,,Mobiles and Tablets,Mobile
Large Appliances,Washing Machines,WM Top Loaders,Electronics and Appliances,Home Appliances,Washing Machine,,,,Mobiles and Tablets,Mobile
Large Appliances,Washing Machines,WM Semi Automatic,Electronics and Appliances,Home Appliances,Washing Machine,,,,Mobiles and Tablets,Mobile
Large Appliances,Washing Machines,Washer Dryer Combi,Electronics and Appliances,Home Appliances,Washing Machine,,,,Mobiles and Tablets,Mobile
Large Appliances,Dryers,Dryers,Electronics and Appliances,Home Appliances,Washing Machine,,,,Mobiles and Tablets,Mobile
Large Appliances,Microwaves,Microwaves Convection,Electronics and Appliances,Kitchen appliances,Microwave,,,,Mobiles and Tablets,Mobile
Large Appliances,Microwaves,Microwaves Grill,Electronics and Appliances,Kitchen appliances,Microwave,,,,Mobiles and Tablets,Mobile
Large Appliances,Washing Machines,WM Front Loaders,Electronics and Appliances,Home Appliances,Washing Machine,,,,Mobiles and Tablets,Mobile
Large Appliances,Refrigerators,Refrigerator Deep Freezer,Electronics and Appliances,Kitchen appliances,Refrigerator,,,,Mobiles and Tablets,Mobile
Large Appliances,Air Conditioners,Portable Air Conditioners,Electronics and Appliances,Home Appliances,Air conditioner,Others,,,Mobiles and Tablets,Mobile
Large Appliances,Air Conditioners,Air Conditioner Accesories Kit,Electronics and Appliances,Home Appliances,Accessories Home Appliances,,,,Mobiles and Tablets,Mobile
Large Appliances,Refrigerators,Refrigerator Kits,Electronics and Appliances,Kitchen appliances,Accessories Kitchen appliances,,,,Mobiles and Tablets,Mobile
Large Appliances,Refrigerators,Refrigerator Frost Free >400L,Electronics and Appliances,Kitchen appliances,Refrigerator,,,,Mobiles and Tablets,Mobile
Large Appliances,Refrigerators,Refrigerator Consignment,Electronics and Appliances,Kitchen appliances,Refrigerator,,,,Mobiles and Tablets,Mobile
Large Appliances,Air Conditioners,ExWty- Air Conditioners,Electronics and Appliances,Home Appliances,Air conditioner,Others,,,Mobiles and Tablets,Mobile
Large Appliances,Dishwashers,ExWty- Dishwashers,Electronics and Appliances,Kitchen appliances,Others,,,,Mobiles and Tablets,Mobile
Large Appliances,Microwaves,ExWty- Microwaves,Electronics and Appliances,Kitchen appliances,Microwave,,,,Mobiles and Tablets,Mobile
Large Appliances,Refrigerators,ExWty- Refrigerators,Electronics and Appliances,Kitchen appliances,Refrigerator,,,,Mobiles and Tablets,Mobile
Large Appliances,Washing Machines,ExWty- Washing Machines,Electronics and Appliances,Home Appliances,Washing Machine,,,,Mobiles and Tablets,Mobile
Large Appliances,Dryers,ExWty- Dryers,Electronics and Appliances,Home Appliances,Washing Machine,,,,Mobiles and Tablets,Mobile
Large Appliances,Washing Machines,Washing Machine Consignment,Electronics and Appliances,Home Appliances,Washing Machine,,,,Mobiles and Tablets,Mobile
Large Appliances,Washing Machines,Washing Machine Kits,Electronics and Appliances,Home Appliances,Accessories Home Appliances,,,,Mobiles and Tablets,Mobile
Large Appliances,Dummies,Dummies Washing Machines,Others,,,,,,Mobiles and Tablets,Mobile
Large Appliances,Dryers,Dryer Consignment,Electronics and Appliances,Home Appliances,Washing Machine,,,,Mobiles and Tablets,Mobile
Large Appliances,Dishwashers,Dishwasher Consignment,Electronics and Appliances,Kitchen appliances,Others,,,,Mobiles and Tablets,Mobile
Large Appliances,Air Conditioners,Stabilizer,Electronics and Appliances,Home Appliances,Accessories Home Appliances,,,,Mobiles and Tablets,Mobile
Large Appliances,Air Conditioners,Tower AC,Electronics and Appliances,Home Appliances,Air conditioner,Others,,,Mobiles and Tablets,Mobile
Large Appliances,Air Conditioners,Invertor AC,Electronics and Appliances,Home Appliances,Air conditioner,Split AC Full Set indoor and outdoor,,,Mobiles and Tablets,Mobile
Large Appliances,Air Conditioners,Cassette AC,Electronics and Appliances,Home Appliances,Air conditioner,Others,,,Mobiles and Tablets,Mobile
Large Appliances,Refrigerators,Refrigerator Frost Free more than 300L,Electronics and Appliances,Kitchen appliances,Refrigerator,,,,Mobiles and Tablets,Mobile
Large Appliances,Refrigerators,Refrigerator Frost Free less than 300L,Electronics and Appliances,Kitchen appliances,Refrigerator,,,,Mobiles and Tablets,Mobile
Large Appliances,Refrigerators,Refrigerator Direct Cool less than 300L,Electronics and Appliances,Kitchen appliances,Refrigerator,,,,Mobiles and Tablets,Mobile
Large Appliances,Refrigerators,Refrigerator Frost Free more than 400L,Electronics and Appliances,Kitchen appliances,Refrigerator,,,,Mobiles and Tablets,Mobile
Large Appliances,Washing Machines,Washing Machine Accessories,Electronics and Appliances,Home Appliances,Accessories Home Appliances,,,,Mobiles and Tablets,Mobile
Large Appliances,Washing Machines,Washing Machine Kits _ L,Electronics and Appliances,Home Appliances,Accessories Home Appliances,,,,Mobiles and Tablets,Mobile
Large Appliances,Refrigerators,Ice Maker,Electronics and Appliances,Home Appliances,Others,,,,Mobiles and Tablets,Mobile
Large Appliances,Washing Machines,Washing Machine Kits _ L2,Electronics and Appliances,Home Appliances,Accessories Home Appliances,,,,Mobiles and Tablets,Mobile
Large Appliances,Dishwashers,"Dishwasher Detergent , Cleaner & Holders",Others,,,,,,Mobiles and Tablets,Mobile
Large Appliances,Dishwashers,Dishwasher Salt & Tablets,Others,Cleaning,Home cleaning,Others,,,Mobiles and Tablets,Mobile
Large Appliances,Washing Machines,Washing Machine Detergent & Cleaners,Others,Cleaning,Laundry,Others,,,Mobiles and Tablets,Mobile
Computers Peripherals,Desktops,PC Desktop - Entry,IT,Desktop and Laptop,Desktop,Desktop Full Set,,,Mobiles and Tablets,Mobile
Communication,Smart Phones (OS Based),Android Phones,Electronics and Appliances,Mobiles and Tablets,Mobile,,,,Mobiles and Tablets,Mobile
Communication,Phones Mobile,Multimedia Phones,Electronics and Appliances,Mobiles and Tablets,Mobile,,,,Mobiles and Tablets,Mobile
Communication,Smart Phones (OS Based),Windows Phones,Electronics and Appliances,Mobiles and Tablets,Mobile,,,,Mobiles and Tablets,Mobile
Communication,Smart Phones (OS Based),Blackberry Phones,Electronics and Appliances,Mobiles and Tablets,Mobile,,,,Mobiles and Tablets,Mobile
Communication,Phones Mobile,Dual Sim Phones,Electronics and Appliances,Mobiles and Tablets,Mobile,,,,Mobiles and Tablets,Mobile
Communication,Phones Mobile,Basic Phones,Electronics and Appliances,Mobiles and Tablets,Mobile,,,,Mobiles and Tablets,Mobile
Communication,Smart Phones (OS Based),Symbian Phones,Electronics and Appliances,Mobiles and Tablets,Mobile,,,,Mobiles and Tablets,Mobile
Communication,Phones Mobile,Mobiles CDMA - Non Premium,Electronics and Appliances,Mobiles and Tablets,Mobile,,,,Mobiles and Tablets,Mobile
Entertainment,TV LCD,"LCD TFT 19-20""",Electronics and Appliances,Home Appliances,Television,,,,Mobiles and Tablets,Mobile
Entertainment,TV LCD,"LCD TFT 26""",Electronics and Appliances,Home Appliances,Television,,,,Mobiles and Tablets,Mobile
Entertainment,TV LCD,"LCD TFT 22""",Electronics and Appliances,Home Appliances,Television,,,,Mobiles and Tablets,Mobile
Entertainment,TV LCD,"LCD TFT 32""",Electronics and Appliances,Home Appliances,Television,,,,Mobiles and Tablets,Mobile
Entertainment,TV LCD,"LCD TFT 40-42""",Electronics and Appliances,Home Appliances,Television,,,,Mobiles and Tablets,Mobile
Entertainment,TV LCD,"LCD TFT 37""",Electronics and Appliances,Home Appliances,Television,,,,Mobiles and Tablets,Mobile
Entertainment,TV LCD,LCD Wall Mount Stand,Electronics and Appliances,Home Appliances,Accessories Home Appliances,,,,Mobiles and Tablets,Mobile
Entertainment,TV CRT,CRT Conventional,Electronics and Appliances,Home Appliances,Television,,,,Mobiles and Tablets,Mobile
Entertainment,TV CRT,"CRT Flat - 15""",Electronics and Appliances,Home Appliances,Television,,,,Mobiles and Tablets,Mobile
Entertainment,TV CRT,"CRT Flat - 21""",Electronics and Appliances,Home Appliances,Television,,,,Mobiles and Tablets,Mobile
Entertainment,TV CRT,"CRT Flat - 25""",Electronics and Appliances,Home Appliances,Television,,,,Mobiles and Tablets,Mobile
Entertainment,TV CRT,"CRT Flat - 29""",Electronics and Appliances,Home Appliances,Television,,,,Mobiles and Tablets,Mobile
Entertainment,TV Plasma,"Plasma 50""",Electronics and Appliances,Home Appliances,Television,,,,Mobiles and Tablets,Mobile
Entertainment,TV Plasma,"Plasma 42""",Electronics and Appliances,Home Appliances,Television,,,,Mobiles and Tablets,Mobile
Entertainment,TV Plasma,"Plasma 65""",Electronics and Appliances,Home Appliances,Television,,,,Mobiles and Tablets,Mobile
Entertainment,TV Plasma,Plasma Wall Mount Stand,Electronics and Appliances,Home Appliances,Accessories Home Appliances,,,,Mobiles and Tablets,Mobile
Computers Peripherals,Input Devices,Tablets,IT,Desktop and Laptop,Others,,,,Mobiles and Tablets,Mobile
Computers Peripherals,Mobile Computing,Apple,Others,,,,,,Mobiles and Tablets,Mobile
Imaging,Imaging Accessories,Photo Paper,Electronics and Appliances,Home Appliances,Accessories Home Appliances,,,,Mobiles and Tablets,Mobile
Imaging,Digital Cameras,Photo Printers,IT,Printer,others,,,,Mobiles and Tablets,Mobile
Computers Peripherals,Mobile Computing,Entry Consignment,Others,,,,,,Mobiles and Tablets,Mobile
Computers Peripherals,Desktops,PC Desktop - Mainstream,IT,Desktop and Laptop,Desktop,Desktop Full Set,,,Mobiles and Tablets,Mobile
Computers Peripherals,Desktops,PC Desktop - Premium,IT,Desktop and Laptop,Desktop,Desktop Full Set,,,Mobiles and Tablets,Mobile
Computers Peripherals,Desktops,PC Desktop - iMACs,IT,Desktop and Laptop,Desktop,Desktop Full Set,,,Mobiles and Tablets,Mobile
Communication,Calculators,PDA Accessories,Electronics and Appliances,Others,,,,,Mobiles and Tablets,Mobile
Entertainment,TV LCD,"LCD TFT 46-47""",Electronics and Appliances,Home Appliances,Television,,,,Mobiles and Tablets,Mobile
Computers Peripherals,Desktops,PC Monitors,IT,Desktop and Laptop,Accessories Desktop and Laptop,Monitor,,,Mobiles and Tablets,Mobile
Communication,Calculators,Calculators,Electronics and Appliances,Others,,,,,Mobiles and Tablets,Mobile
Communication,Phones Mobile,Demo Mobiles,Electronics and Appliances,Mobiles and Tablets,Mobile,,,,Mobiles and Tablets,Mobile
Communication,Phones Mobile,Mobiles CDMA - Premium,Electronics and Appliances,Mobiles and Tablets,Mobile,,,,Mobiles and Tablets,Mobile
Entertainment,TV LCD,LCD Accessories_H,Electronics and Appliances,Home Appliances,Accessories Home Appliances,,,,Mobiles and Tablets,Mobile
Entertainment,TV LCD,LED Wall Mounting Accessories,Electronics and Appliances,Home Appliances,Accessories Home Appliances,,,,Mobiles and Tablets,Mobile
Entertainment,TV LCD,"LCD TFT 52"" AND ABOVE",Electronics and Appliances,Home Appliances,Television,,,,Mobiles and Tablets,Mobile
Entertainment,TV LCD,"LED Panels 32""",Electronics and Appliances,Home Appliances,Television,,,,Mobiles and Tablets,Mobile
Entertainment,TV LCD,"LED Panels 40""",Electronics and Appliances,Home Appliances,Television,,,,Mobiles and Tablets,Mobile
Entertainment,TV LCD,"LED Panels 46""",Electronics and Appliances,Home Appliances,Television,,,,Mobiles and Tablets,Mobile
Entertainment,TV LCD,"LED Panels 55""",Electronics and Appliances,Home Appliances,Television,,,,Mobiles and Tablets,Mobile
Imaging,Digital Cameras,Advanced Cameras,Electronics and Appliances,Home Appliances,Digital Camera,,,,Mobiles and Tablets,Mobile
Imaging,Imaging Accessories,Binoculars,Electronics and Appliances,Home Appliances,Accessories Home Appliances,,,,Mobiles and Tablets,Mobile
Imaging,Imaging Accessories,Lens - SLR Cameras,Electronics and Appliances,Home Appliances,Accessories Home Appliances,,,,Mobiles and Tablets,Mobile
Imaging,Digital Cameras,Basic Cameras,Electronics and Appliances,Home Appliances,Digital Camera,,,,Mobiles and Tablets,Mobile
Imaging,Digital Cameras,Prosumer Cameras,Electronics and Appliances,Home Appliances,Digital Camera,,,,Mobiles and Tablets,Mobile
Imaging,Digital Cameras,DSLR Cameras,Electronics and Appliances,Home Appliances,Digital Camera,,,,Mobiles and Tablets,Mobile
Imaging,DSLR Cameras,DSLR Mid Range,Electronics and Appliances,Home Appliances,Digital Camera,,,,Mobiles and Tablets,Mobile
Imaging,Camcorders,Camcorders - HDD,Electronics and Appliances,Home Appliances,Accessories Home Appliances,,,,Mobiles and Tablets,Mobile
Imaging,Camcorders,Camcorders - HD,Electronics and Appliances,Home Appliances,Camcorder,,,,Mobiles and Tablets,Mobile
Computers Peripherals,Desktops,PC Desktop - Net Top,IT,Desktop and Laptop,Desktop,Desktop Full Set,,,Mobiles and Tablets,Mobile
Computers Peripherals,Mobile Computing,Gaming-Laptops,IT,Desktop and Laptop,Laptop,,,,Mobiles and Tablets,Mobile
Computers Peripherals,Monitors,"Monitors - TFT 19""",IT,Desktop and Laptop,Accessories Desktop and Laptop,Monitor,,,Mobiles and Tablets,Mobile
Computers Peripherals,Tablets & Detachables,E-Reader,Electronics and Appliances,Mobiles and Tablets,Others,,,,Mobiles and Tablets,Mobile
Computers Peripherals,Monitors,"Monitors - TFT 22""",IT,Desktop and Laptop,Accessories Desktop and Laptop,Monitor,,,Mobiles and Tablets,Mobile
Computers Peripherals,Monitors,"Monitors - TFT 24""",IT,Desktop and Laptop,Accessories Desktop and Laptop,Monitor,,,Mobiles and Tablets,Mobile
Computers Peripherals,Monitors,Monitors - Specials,IT,Desktop and Laptop,Accessories Desktop and Laptop,Monitor,,,Mobiles and Tablets,Mobile
Computers Peripherals,Desktops,PC Desktop-iMACs-D,IT,Desktop and Laptop,Desktop,Desktop Full Set,,,Mobiles and Tablets,Mobile
Computers Peripherals,Desktops,PC CPU,IT,Desktop and Laptop,Desktop,Desktop CPU,,,Mobiles and Tablets,Mobile
Communication,Calculators,Electronic Reference,Electronics and Appliances,Others,,,,,Mobiles and Tablets,Mobile
Computers Peripherals,Monitors,Monitors - CRT,IT,Desktop and Laptop,Accessories Desktop and Laptop,Monitor,,,Mobiles and Tablets,Mobile
Entertainment,TV CRT,"CRT FLAT - 14""",Electronics and Appliances,Home Appliances,Television,,,,Mobiles and Tablets,Mobile
Communication,Smart Phones (OS Based),Android Phones D,Electronics and Appliances,Mobiles and Tablets,Mobile,,,,Mobiles and Tablets,Mobile
Computers Peripherals,Tablets & Detachables,Tablets - Premium,Electronics and Appliances,Mobiles and Tablets,Tablets,,,,Mobiles and Tablets,Mobile
Computers Peripherals,Mobile Computing,Touch,IT,Desktop and Laptop,Laptop,,,,Mobiles and Tablets,Mobile
Communication,Brand Free Mobiles,Brand Free Mobiles,Electronics and Appliances,Mobiles and Tablets,Mobile,,,,Mobiles and Tablets,Mobile
Communication,Smart Phones (OS Based),I phones,Electronics and Appliances,Mobiles and Tablets,Mobile,,,,Mobiles and Tablets,Mobile
Entertainment,TV LCD,"LED Panels 22""",Electronics and Appliances,Home Appliances,Television,,,,Mobiles and Tablets,Mobile
Entertainment,TV LCD,"LED Panels 26""",Electronics and Appliances,Home Appliances,Television,,,,Mobiles and Tablets,Mobile
Communication,Phones Mobile,Apple I-Phone,Electronics and Appliances,Mobiles and Tablets,Mobile,,,,Mobiles and Tablets,Mobile
Entertainment,TV LCD,"LCD TFT 24""",Electronics and Appliances,Home Appliances,Television,,,,Mobiles and Tablets,Mobile
Communication,Smart Phones (OS Based),ExWty - Smart Phones,Electronics and Appliances,Mobiles and Tablets,Mobile,,,,Mobiles and Tablets,Mobile
Communication,Phones Mobile,ExWty - Basic Mobile Phones,Electronics and Appliances,Mobiles and Tablets,Mobile,,,,Mobiles and Tablets,Mobile
Entertainment,TV LCD,ExWty- TV LCD,Electronics and Appliances,Home Appliances,Television,,,,Mobiles and Tablets,Mobile
Imaging,Digital Cameras,ExWty- Digital Cameras,Electronics and Appliances,Home Appliances,Digital Camera,,,,Mobiles and Tablets,Mobile
Computers Peripherals,Desktops,ExWty- Desktops,IT,Desktop and Laptop,Desktop,Desktop Full Set,,,Mobiles and Tablets,Mobile
Computers Peripherals,Mobile Computing,ExWty- Mobile Computing,IT,Desktop and Laptop,Others,,,,Mobiles and Tablets,Mobile
Computers Peripherals,Tablets & Detachables,Tablets - Mid,Electronics and Appliances,Mobiles and Tablets,Tablets,,,,Mobiles and Tablets,Mobile
Computers Peripherals,Tablets & Detachables,Tablets - Entry,Electronics and Appliances,Mobiles and Tablets,Tablets,,,,Mobiles and Tablets,Mobile
Communication,Smart Phones (OS Based),Other OS,Electronics and Appliances,Mobiles and Tablets,Mobile,,,,Mobiles and Tablets,Mobile
Imaging,DSLR Cameras,DSLR High End,Electronics and Appliances,Home Appliances,Digital Camera,,,,Mobiles and Tablets,Mobile
Entertainment,TV LCD,LED Panels 24 INCH,Electronics and Appliances,Home Appliances,Television,,,,Mobiles and Tablets,Mobile
Communication,Smart Phones (OS Based),Demo Mobile Phone,Electronics and Appliances,Mobiles and Tablets,Mobile,,,,Mobiles and Tablets,Mobile
Imaging,DSLR Cameras,DSLR Entry Level,Electronics and Appliances,Home Appliances,Digital Camera,,,,Mobiles and Tablets,Mobile
Imaging,Digital Cameras,PL Cameras,Electronics and Appliances,Home Appliances,Digital Camera,,,,Mobiles and Tablets,Mobile
Computers Peripherals,Mobile Computing,Entry Level Laptops,IT,Desktop and Laptop,Laptop,,,,Mobiles and Tablets,Mobile
Computers Peripherals,Mobile Computing,Premium,Others,,,,,,Mobiles and Tablets,Mobile
Computers Peripherals,Mobile Computing,Mainstream Consignment,Others,,,,,,Mobiles and Tablets,Mobile
Computers Peripherals,Mobile Computing,Ultra Thin Consignment,IT,Desktop and Laptop,Laptop,,,,Mobiles and Tablets,Mobile
Computers Peripherals,Mobile Computing,Premium Consignment,Others,,,,,,Mobiles and Tablets,Mobile
Computers Peripherals,Mobile Computing,Gaming Consignment,IT,Desktop and Laptop,Laptop,,,,Mobiles and Tablets,Mobile
Computers Peripherals,Mobile Computing,Ultra Thin,IT,Desktop and Laptop,Laptop,,,,Mobiles and Tablets,Mobile
Communication,Phones Mobile,Dual Sim Phones D,Electronics and Appliances,Mobiles and Tablets,Mobile,,,,Mobiles and Tablets,Mobile
Entertainment,TV LCD,"LED Panels 65""+",Electronics and Appliances,Home Appliances,Television,,,,Mobiles and Tablets,Mobile
Computers Peripherals,Mobile Computing,2-in-1,IT,Desktop and Laptop,Laptop,,,,Mobiles and Tablets,Mobile
Computers Peripherals,Tablets & Detachables,Detachables,Electronics and Appliances,Mobiles and Tablets,Accessories mobiles and Tablets,Others,,,Mobiles and Tablets,Mobile
Computers Peripherals,Mobile Computing,Mainstream,Others,,,,,,Mobiles and Tablets,Mobile
Computers Peripherals,Mobile Computing,2 in 1 Consignment,IT,Desktop and Laptop,Laptop,,,,Mobiles and Tablets,Mobile
Computers Peripherals,Desktops,Dell Desktop SNS,IT,Desktop and Laptop,Desktop,Desktop Full Set,,,Mobiles and Tablets,Mobile
Communication,Smart Phones (OS Based),Other OS D,Electronics and Appliances,Mobiles and Tablets,Mobile,,,,Mobiles and Tablets,Mobile
Computers Peripherals,Gaming Laptops,Entry Gaming,IT,Desktop and Laptop,Laptop,,,,Mobiles and Tablets,Mobile
Computers Peripherals,Monitors,"Monitors - 22""",IT,Desktop and Laptop,Accessories Desktop and Laptop,Monitor,,,Mobiles and Tablets,Mobile
Computers Peripherals,Monitors,"Monitors - 24""",IT,Desktop and Laptop,Accessories Desktop and Laptop,Monitor,,,Mobiles and Tablets,Mobile
Computers Peripherals,Monitors,Gaming Monitors,IT,Desktop and Laptop,Accessories Desktop and Laptop,Monitor,,,Mobiles and Tablets,Mobile
Computers Peripherals,Monitors,"Monitors - 27"" & Above",IT,Desktop and Laptop,Accessories Desktop and Laptop,Monitor,,,Mobiles and Tablets,Mobile
Computers Peripherals,Tablets & Detachables,iPad Accessories,Electronics and Appliances,Mobiles and Tablets,Accessories mobiles and Tablets,Others,,,Mobiles and Tablets,Mobile
Computers Peripherals,Gaming Laptops,Mainstream Gaming,IT,Desktop and Laptop,Others,,,,Mobiles and Tablets,Mobile
Computers Peripherals,Gaming Laptops,Pro Gaming,IT,Desktop and Laptop,Others,,,,Mobiles and Tablets,Mobile
Communication,Smart Phones (OS Based),Windows Phone - D,Electronics and Appliances,Mobiles and Tablets,Mobile,,,,Mobiles and Tablets,Mobile
Communication,Lifestyle & Wearables,Smartwatch,Electronics and Appliances,Personal care appliances,Smart Watch,,,,Mobiles and Tablets,Mobile
Computers Peripherals,Mobile Computing,ACER -NOTEBOOKS-CONS,IT,Desktop and Laptop,Laptop,,,,Mobiles and Tablets,Mobile
Communication,Smart Phones (OS Based),I phones D,Electronics and Appliances,Mobiles and Tablets,Mobile,,,,Mobiles and Tablets,Mobile
Communication,Smart Phones (OS Based),Ins - Smart Phones,Electronics and Appliances,Mobiles and Tablets,Mobile,,,,Mobiles and Tablets,Mobile
Computers Peripherals,Tablets & Detachables,ExWty-Tablets,Electronics and Appliances,Mobiles and Tablets,Tablets,,,,Mobiles and Tablets,Mobile
Computers Peripherals,Tablets & Detachables,DELL-TABS-CONS,Electronics and Appliances,Mobiles and Tablets,Tablets,,,,Mobiles and Tablets,Mobile
Computers Peripherals,PC Accessories,DELL-ATTACHMENTS-CONS,IT,Desktop and Laptop,Accessories Desktop and Laptop,Others,,,Mobiles and Tablets,Mobile
Communication,Lifestyle & Wearables,Lifestyle,Others,,,,,,Mobiles and Tablets,Mobile
Communication,Lifestyle & Wearables,Fitness Bands,Electronics and Appliances,Personal care appliances,Activity Tracker,,,,Mobiles and Tablets,Mobile
Communication,Lifestyle & Wearables,Fitness Bands - D,Electronics and Appliances,Personal care appliances,Activity Tracker,,,,Mobiles and Tablets,Mobile
Communication,Phones Mobile,Basic Phones D,Electronics and Appliances,Mobiles and Tablets,Mobile,,,,Mobiles and Tablets,Mobile
Communication,Smart Phones (OS Based),Phablets D,Electronics and Appliances,Mobiles and Tablets,Tablets,,,,Mobiles and Tablets,Mobile
Communication,Smart Phones (OS Based),Phablets,Electronics and Appliances,Mobiles and Tablets,Tablets,,,,Mobiles and Tablets,Mobile
Communication,Smart Phones (OS Based),Blackberry Phones D,Electronics and Appliances,Mobiles and Tablets,Mobile,,,,Mobiles and Tablets,Mobile
Communication,Lifestyle & Wearables,Smartwatch - D,Electronics and Appliances,Personal care appliances,Smart Watch,,,,Mobiles and Tablets,Mobile
Computers Peripherals,Mobile Computing,Extended Warranty Mobile Computing,IT,Desktop and Laptop,Others,,,,Mobiles and Tablets,Mobile
Imaging,DSLR Cameras,ExWty- DSLR Cameras,Electronics and Appliances,Home Appliances,Digital Camera,,,,Mobiles and Tablets,Mobile
Communication,Lifestyle & Wearables,Mobile Projectors,Electronics and Appliances,Others,,,,,Mobiles and Tablets,Mobile
Imaging,Digital Cameras,Ins - Digital Cameras,Electronics and Appliances,Home Appliances,Digital Camera,,,,Mobiles and Tablets,Mobile
Communication,Lifestyle & Wearables,Virtual Reality,Electronics and Appliances,Others,,,,,Mobiles and Tablets,Mobile
Communication,Lifestyle & Wearables,Lifestyle - Premium,Others,,,,,,Mobiles and Tablets,Mobile
Computers Peripherals,Desktops,PC Desktop - Gaming,IT,Desktop and Laptop,Desktop,Desktop Full Set,,,Mobiles and Tablets,Mobile
Communication,Lifestyle & Wearables,Wearables Accessories,Others,,,,,,Mobiles and Tablets,Mobile
Imaging,Digital Cameras,Action & Sports Cam,Electronics and Appliances,Home Appliances,Digital Camera,,,,Mobiles and Tablets,Mobile
Imaging,Digital Cameras,360 Degree Cameras,Electronics and Appliances,Home Appliances,Digital Camera,,,,Mobiles and Tablets,Mobile
Computers Peripherals,Tablets & Detachables,Ins - Tablets,Electronics and Appliances,Mobiles and Tablets,Tablets,,,,Mobiles and Tablets,Mobile
Computers Peripherals,Mobile Computing,Ins - Mobile Computing,Others,,,,,,Mobiles and Tablets,Mobile
Entertainment,TV LCD,LCD Accessories_L,Electronics and Appliances,Home Appliances,Accessories Home Appliances,,,,Mobiles and Tablets,Mobile
Computers Peripherals,Desktops,DELL-DESKTOP-CONS,IT,Desktop and Laptop,Desktop,Desktop Full Set,,,Mobiles and Tablets,Mobile
Communication,Lifestyle & Wearables,ExWty- Smart watches,Electronics and Appliances,Personal care appliances,Smart Watch,,,,Mobiles and Tablets,Mobile
Entertainment,TV LCD,"LED Panels 28""",Electronics and Appliances,Home Appliances,Television,,,,Mobiles and Tablets,Mobile
Computers Peripherals,Gaming Laptops,Pro Gaming Demo,IT,Desktop and Laptop,Others,,,,Mobiles and Tablets,Mobile
Communication,Refurbished Phones,REFB MOBILES,Electronics and Appliances,Mobiles and Tablets,Mobile,,,,Mobiles and Tablets,Mobile
Entertainment,TV LCD,Smart Screen,Electronics and Appliances,Home Appliances,Television,,,,Mobiles and Tablets,Mobile
Communication,Lifestyle & Wearables,Virtual Reality_L,Electronics and Appliances,Others,,,,,Mobiles and Tablets,Mobile
Communication,Smart Phones (OS Based),SP- Smart Phones,Electronics and Appliances,Mobiles and Tablets,Mobile,,,,Mobiles and Tablets,Mobile
Computers Peripherals,Tablets & Detachables,SP- Tablets,Electronics and Appliances,Mobiles and Tablets,Tablets,,,,Mobiles and Tablets,Mobile
Computers Peripherals,Mobile Computing,SP - Mobile Computing,Others,,,,,,Mobiles and Tablets,Mobile
Computers Peripherals,Desktops,SP- Desktop,IT,Desktop and Laptop,Desktop,Desktop Full Set,,,Mobiles and Tablets,Mobile
Entertainment,TV LCD,SP - Television,Electronics and Appliances,Home Appliances,Television,,,,Mobiles and Tablets,Mobile
Computers Peripherals,Gaming Laptops,ExWty- Gaming Laptops,IT,Desktop and Laptop,Laptop,,,,Mobiles and Tablets,Mobile
Communication,Smart Phones (OS Based),Mass Premium Phones,Electronics and Appliances,Mobiles and Tablets,Mobile,,,,Mobiles and Tablets,Mobile
Communication,Smart Phones (OS Based),Entry,Electronics and Appliances,Mobiles and Tablets,Mobile,,,,Mobiles and Tablets,Mobile
Communication,Smart Phones (OS Based),Value Phone-D,Electronics and Appliances,Mobiles and Tablets,Mobile,,,,Mobiles and Tablets,Mobile
Communication,Smart Phones (OS Based),Value Phones,Electronics and Appliances,Mobiles and Tablets,Mobile,,,,Mobiles and Tablets,Mobile
Communication,Smart Phones (OS Based),Mass Premium Phones - D,Electronics and Appliances,Mobiles and Tablets,Mobile,,,,Mobiles and Tablets,Mobile
Communication,Smart Phones (OS Based),Premium Phones,Electronics and Appliances,Mobiles and Tablets,Mobile,,,,Mobiles and Tablets,Mobile
Communication,Smart Phones (OS Based),Entry-D,Electronics and Appliances,Mobiles and Tablets,Mobile,,,,Mobiles and Tablets,Mobile
Communication,Smart Phones (OS Based),Flagship Phones,Electronics and Appliances,Mobiles and Tablets,Mobile,,,,Mobiles and Tablets,Mobile
Communication,Smart Phones (OS Based),Premium Phones-D,Electronics and Appliances,Mobiles and Tablets,Mobile,,,,Mobiles and Tablets,Mobile
Communication,Smart Phones (OS Based),Flagship Phones-D,Electronics and Appliances,Mobiles and Tablets,Mobile,,,,Mobiles and Tablets,Mobile
Communication,Lifestyle & Wearables,Ins - Smart watches,Electronics and Appliances,Personal care appliances,Smart Watch,,,,Mobiles and Tablets,Mobile
Computers Peripherals,Tablets & Detachables,Graphic Tablet,Electronics and Appliances,Mobiles and Tablets,Tablets,,,,Mobiles and Tablets,Mobile
Computers Peripherals,Monitors,Monitors - 27 & Above_H,IT,Desktop and Laptop,Accessories Desktop and Laptop,Monitor,,,Mobiles and Tablets,Mobile
Entertainment,TV LCD,"LED Panels 75""+",Electronics and Appliances,Home Appliances,Television,,,,Mobiles and Tablets,Mobile
Small Appliances,Health & Personal Care,Hair Care,Electronics and Appliances,Personal care appliances,Others,,,,Mobiles and Tablets,Mobile
Small Appliances,Air Purifier,Air Purifier Accessories,Electronics and Appliances,Home Appliances,Accessories Home Appliances,,,,Mobiles and Tablets,Mobile
Small Appliances,Kitchen Appliances,Flourmill,Electronics and Appliances,Kitchen appliances,Others,,,,Mobiles and Tablets,Mobile
Small Appliances,Kitchen Appliances,Juicers/Choppers/Blenders,Electronics and Appliances,Kitchen appliances,Juicer Mixer Grinder,,,,Mobiles and Tablets,Mobile
Small Appliances,Fans,Table / Pedestal Fans,Electronics and Appliances,Home Appliances,Table Fan,,,,Mobiles and Tablets,Mobile
Small Appliances,Fans,Tower Fans,Electronics and Appliances,Home Appliances,Others,,,,Mobiles and Tablets,Mobile
Small Appliances,Fans,Ceiling Fans,Electronics and Appliances,Home Appliances,Ceiling Fan,,,,Mobiles and Tablets,Mobile
Small Appliances,Cooling & Heating Appliances,Room Coolers,Electronics and Appliances,Home Appliances,Air Cooler,,,,Mobiles and Tablets,Mobile
Small Appliances,Cooling & Heating Appliances,Room Heaters,Electronics and Appliances,Home Appliances,Room heater,,,,Mobiles and Tablets,Mobile
Small Appliances,Cookware,Gas Stoves/Cooktops,Others,Kitchenware,Cooking items,Gas Stove,,,Mobiles and Tablets,Mobile
Small Appliances,Cookware,Hobs,Others,Kitchenware,Cooking items,Gas Stove,,,Mobiles and Tablets,Mobile
Small Appliances,Kitchen Appliances,Induction Cookers,Electronics and Appliances,Kitchen appliances,Others,,,,Mobiles and Tablets,Mobile
Small Appliances,Cookware,Chimney,Electronics and Appliances,Kitchen appliances,Electric Chimney,,,,Mobiles and Tablets,Mobile
Small Appliances,Cookware,Cooking Range,Electronics and Appliances,Kitchen appliances,Others,,,,Mobiles and Tablets,Mobile
Small Appliances,Health & Personal Care,Massagers,Electronics and Appliances,Personal care appliances,Massager,,,,Mobiles and Tablets,Mobile
Small Appliances,Health & Personal Care,Well Being,Electronics and Appliances,Personal care appliances,Others,,,,Mobiles and Tablets,Mobile
Small Appliances,Health & Personal Care,Male Grooming & Shaving,Electronics and Appliances,Personal care appliances,Electric Shaver,,,,Mobiles and Tablets,Mobile
Small Appliances,Kitchen Appliances,Coffee Makers,Electronics and Appliances,Kitchen appliances,Others,,,,Mobiles and Tablets,Mobile
Small Appliances,Water Purifiers,Water Dispensers,Electronics and Appliances,Kitchen appliances,Water purifier,,,,Mobiles and Tablets,Mobile
Small Appliances,Kitchen Appliances,Food Preparation,Electronics and Appliances,Kitchen appliances,Others,,,,Mobiles and Tablets,Mobile
Small Appliances,Home Appliances,Irons,Electronics and Appliances,Home Appliances,Electric Iron,,,,Mobiles and Tablets,Mobile
Small Appliances,Kitchen Appliances,Kettles,Electronics and Appliances,Kitchen appliances,Others,,,,Mobiles and Tablets,Mobile
Small Appliances,Kitchen Appliances,JMG/MG,Electronics and Appliances,Kitchen appliances,Juicer Mixer Grinder,,,,Mobiles and Tablets,Mobile
Small Appliances,Kitchen Appliances,Kitchenware,Others,Kitchenware,Others,,,,Mobiles and Tablets,Mobile
Small Appliances,Health & Personal Care,Female Grooming & Depilation,Electronics and Appliances,Personal care appliances,Others,,,,Mobiles and Tablets,Mobile
Small Appliances,Kitchen Appliances,Toasters & Sandwich Makers,Electronics and Appliances,Kitchen appliances,Sandwitch maker,,,,Mobiles and Tablets,Mobile
Small Appliances,Water Purifiers,Water Purifiers UV,Electronics and Appliances,Kitchen appliances,Water purifier,,,,Mobiles and Tablets,Mobile
Small Appliances,Tools,Kits & Accessories,Electronics and Appliances,Home Appliances,Accessories Home Appliances,,,,Mobiles and Tablets,Mobile
Small Appliances,Home Appliances,Instant Geysers,Electronics and Appliances,Home Appliances,Water heater,,,,Mobiles and Tablets,Mobile
Small Appliances,Home Appliances,Lighting,Others,Electrical product,Others,,,,Mobiles and Tablets,Mobile
Small Appliances,Ovens & Cookers,OTG Less Than 30L,Electronics and Appliances,Kitchen appliances,Others,,,,Mobiles and Tablets,Mobile
Small Appliances,Ovens & Cookers,Cookers,Electronics and Appliances,Kitchen appliances,Others,,,,Mobiles and Tablets,Mobile
Small Appliances,Ovens & Cookers,Snackmakers / Fryware,Electronics and Appliances,Kitchen appliances,Others,,,,Mobiles and Tablets,Mobile
Small Appliances,Power,Invertors,Electronics and Appliances,Home Appliances,Others,,,,Mobiles and Tablets,Mobile
Small Appliances,Power,Door Chimes,Electronics and Appliances,Home Appliances,Others,,,,Mobiles and Tablets,Mobile
Small Appliances,Power,Stabilizer,Electronics and Appliances,Home Appliances,Others,,,,Mobiles and Tablets,Mobile
Small Appliances,Security,Security Accessories,Electronics and Appliances,Others,,,,,Mobiles and Tablets,Mobile
Small Appliances,Security,CCTV Video Security,Electronics and Appliances,Others,,,,,Mobiles and Tablets,Mobile
Small Appliances,Security,Fire Saftey,Electronics and Appliances,Others,,,,,Mobiles and Tablets,Mobile
Small Appliances,Security,IP Range,Electronics and Appliances,Others,,,,,Mobiles and Tablets,Mobile
Small Appliances,Security,Wired Security Systems,Electronics and Appliances,Others,,,,,Mobiles and Tablets,Mobile
Small Appliances,Security,Wireless Security Systems,Electronics and Appliances,Others,,,,,Mobiles and Tablets,Mobile
Small Appliances,Security,Smoke Detectors,Electronics and Appliances,Others,,,,,Mobiles and Tablets,Mobile
Small Appliances,Security,Electronic Safes,Electronics and Appliances,Others,,,,,Mobiles and Tablets,Mobile
Small Appliances,Security,Alarm Systems,Electronics and Appliances,Others,,,,,Mobiles and Tablets,Mobile
Small Appliances,Tools,Cordless Tools,Electronics and Appliances,Home Appliances,Accessories Home Appliances,,,,Mobiles and Tablets,Mobile
Small Appliances,Health & Personal Care,Baby Care,Electronics and Appliances,Personal care appliances,Others,,,,Mobiles and Tablets,Mobile
Small Appliances,Health & Personal Care,Dental Care,Electronics and Appliances,Personal care appliances,Others,,,,Mobiles and Tablets,Mobile
Small Appliances,Home Appliances,Small Vacuum Cleaners,Electronics and Appliances,Home Appliances,Vaccum Cleaner,,,,Mobiles and Tablets,Mobile
Small Appliances,Dummies,Dummies Small Appliances,Others,,,,,,Mobiles and Tablets,Mobile
Communication,Phones Fixed,Phones Corded,Electronics and Appliances,Others,,,,,Mobiles and Tablets,Mobile
Communication,Phones Fixed,Phones Cordless,Electronics and Appliances,Others,,,,,Mobiles and Tablets,Mobile
Communication,Phones Fixed,Simcard enabled Fixed Phone,Electronics and Appliances,Others,,,,,Mobiles and Tablets,Mobile
Communication,Phones Fixed,VoIP Router,IT,Networking products,Router,,,,Mobiles and Tablets,Mobile
Entertainment,Home Theatre,Home Theatre - Low End,Electronics and Appliances,Home Audio,Others,,,,Mobiles and Tablets,Mobile
Entertainment,Home Theatre,Home Theatre - Low End_L,Electronics and Appliances,Home Audio,Others,,,,Mobiles and Tablets,Mobile
Entertainment,Home Theatre,Home Theatre - High End,Electronics and Appliances,Home Audio,Others,,,,Mobiles and Tablets,Mobile
Entertainment,Home Theatre,Sound Bars_L,Electronics and Appliances,Home Appliances,Speaker,,,,Mobiles and Tablets,Mobile
Entertainment,Home Theatre,Sound Bars_H,Electronics and Appliances,Home Appliances,Speaker,,,,Mobiles and Tablets,Mobile
Entertainment,Projectors,Projectors,IT,Projector,,,,,Mobiles and Tablets,Mobile
Entertainment,Kits/Toys,Musical Instrument Toys,Others,Kid's and Baby products,Toys,,,,Mobiles and Tablets,Mobile
Entertainment,Portable BT Speakers/MP3 Players,Speakers - Bluetooth/Portable_L,Electronics and Appliances,Home Appliances,Speaker,,,,Mobiles and Tablets,Mobile
Entertainment,Portable BT Speakers/MP3 Players,I-POD,Electronics and Appliances,Home Appliances,MP3 Player,,,,Mobiles and Tablets,Mobile
Entertainment,Portable BT Speakers/MP3 Players,OTHER MP3 Players,Electronics and Appliances,Home Appliances,MP3 Player,,,,Mobiles and Tablets,Mobile
Entertainment,Audio Systems,Personal Audio_H,Electronics and Appliances,Home Audio,Others,,,,Mobiles and Tablets,Mobile
Entertainment,Audio Systems,Portable Radio Cassette & CD,Electronics and Appliances,Home Appliances,Others,,,,Mobiles and Tablets,Mobile
Entertainment,Audio Systems,Boombox with LCD TV,Electronics and Appliances,Home Audio,Others,,,,Mobiles and Tablets,Mobile
Entertainment,Home Theatre,High End Speakers & Amplifiers,Electronics and Appliances,Home Audio,Others,,,,Mobiles and Tablets,Mobile
Entertainment,Speakers,Multimedia Speakers_L,Electronics and Appliances,Home Appliances,Speaker,,,,Mobiles and Tablets,Mobile
Entertainment,Speakers,Multimedia Speakers_H,Electronics and Appliances,Home Appliances,Speaker,,,,Mobiles and Tablets,Mobile
Entertainment,Audio Systems,Micro HiFi Systems,Electronics and Appliances,Home Audio,Others,,,,Mobiles and Tablets,Mobile
Entertainment,Audio Systems,Mini HiFi Systems,Electronics and Appliances,Home Audio,Others,,,,Mobiles and Tablets,Mobile
Computers Peripherals,Printers & Office Solutions,Printers Inkjet,IT,Printer,Inkjet or Deskjet Printer,,,,Mobiles and Tablets,Mobile
Computers Peripherals,Printers & Office Solutions,Printers Laser,IT,Printer,Laserjet Printer,,,,Mobiles and Tablets,Mobile
Computers Peripherals,Printers & Office Solutions,Printers Multi Function,IT,Printer,others,,,,Mobiles and Tablets,Mobile
Computers Peripherals,Printers & Office Solutions,Shredders,IT,Others,,,,,Mobiles and Tablets,Mobile
Computers Peripherals,Tablets & Detachables,Tablets & Detachables - D,Electronics and Appliances,Mobiles and Tablets,Accessories mobiles and Tablets,Others,,,Mobiles and Tablets,Mobile
Entertainment,DVD/VCD/Content,DVD Players - 5.1 Channel,Electronics and Appliances,Home Appliances,DVD Player,,,,Mobiles and Tablets,Mobile
Entertainment,DVD/VCD/Content,DVD Recorders & VCR,Electronics and Appliances,Home Appliances,DVD Player,,,,Mobiles and Tablets,Mobile
Entertainment,DVD/VCD/Content,DVD In Car,Others,Automobile products,Four Wheeler,Four Wheeler Accessories,,,Mobiles and Tablets,Mobile
Computers Peripherals,Storage Media,Harddisk,IT,Desktop and Laptop,Spares and Parts Desktop and Laptop,Hard Disk,,,Mobiles and Tablets,Mobile
Small Appliances,Home Appliances,Large Vacuum Cleaners,Electronics and Appliances,Home Appliances,Vaccum Cleaner,,,,Mobiles and Tablets,Mobile
Computers Peripherals,PC Accessories,Web Cams,IT,Others,,,,,Mobiles and Tablets,Mobile
Computers Peripherals,PC Accessories,Laptop Kit,IT,Desktop and Laptop,Accessories Desktop and Laptop,Others,,,Mobiles and Tablets,Mobile
Computers Peripherals,Networking,Networking N Series,IT,Networking products,Others,,,,Mobiles and Tablets,Mobile
Entertainment,Personal Assistant Speaker,Personal Assistant Speaker,Electronics and Appliances,Home Audio,Others,,,,Mobiles and Tablets,Mobile
Small Appliances,Ovens & Cookers,Barbecues,Electronics and Appliances,Kitchen appliances,Others,,,,Mobiles and Tablets,Mobile
Entertainment,Speakers,DO NOT USE,Others,,,,,,Mobiles and Tablets,Mobile
Small Appliances,Kitchen Appliances,Kitchen Sets & Accessories,Others,Kitchenware,Others,,,,Mobiles and Tablets,Mobile
Small Appliances,Security,Personal / Baby Monitors,Electronics and Appliances,Others,,,,,Mobiles and Tablets,Mobile
Entertainment,Audio Systems,Portable Radio Cassette & CD_L,Electronics and Appliances,Home Appliances,Others,,,,Mobiles and Tablets,Mobile
Entertainment,Audio Systems,Clock Radios,Electronics and Appliances,Home Appliances,Others,,,,Mobiles and Tablets,Mobile
Small Appliances,Tools,Corded Tools,Electronics and Appliances,Home Appliances,Accessories Home Appliances,,,,Mobiles and Tablets,Mobile
Entertainment,Audio Systems,Receivers / Amps,Electronics and Appliances,Home Appliances,Others,,,,Mobiles and Tablets,Mobile
Computers Peripherals,PC Accessories,PC Speakers,IT,Desktop and Laptop,Accessories Desktop and Laptop,Speaker,,,Mobiles and Tablets,Mobile
Entertainment,Home Theatre,Home Theatre Blue Ray_L,Electronics and Appliances,Home Audio,Others,,,,Mobiles and Tablets,Mobile
Small Appliances,Cooling & Heating Appliances,Coolers & Warmers,Electronics and Appliances,Home Appliances,Others,,,,Mobiles and Tablets,Mobile
Small Appliances,Water Purifiers,Water Purifiers RO,Electronics and Appliances,Kitchen appliances,Water purifier,,,,Mobiles and Tablets,Mobile
Entertainment,Home Theatre,Home Theatre Blue Ray-High End_L,Electronics and Appliances,Home Audio,Others,,,,Mobiles and Tablets,Mobile
Gaming,Gaming Software,X-Box Live,Electronics and Appliances,Home Appliances,Video or PC Game CD or DVD,,,,Mobiles and Tablets,Mobile
Small Appliances,Fans,Exhaust Fan,Electronics and Appliances,Kitchen appliances,Others,,,,Mobiles and Tablets,Mobile
Entertainment,Musical Instruments,Drums,Others,Musical instrument,,,,,Mobiles and Tablets,Mobile
Entertainment,Musical Instruments,Guitars,Others,Musical instrument,,,,,Mobiles and Tablets,Mobile
Small Appliances,Kitchen Appliances,Wet Grinders,Electronics and Appliances,Kitchen appliances,Mixer Grinder,,,,Mobiles and Tablets,Mobile
Small Appliances,Home Appliances,Storage Geysers,Electronics and Appliances,Home Appliances,Water heater,,,,Mobiles and Tablets,Mobile
Communication,Phones Fixed,Fixed Wireless Phones - FWP,Electronics and Appliances,Others,,,,,Mobiles and Tablets,Mobile
Computers Peripherals,Printers & Office Solutions,Ink Tank Printers,IT,Printer,Ink Tank Printer,,,,Mobiles and Tablets,Mobile
Communication,Phones Fixed,Walkie-Talkie,Electronics and Appliances,Others,,,,,Mobiles and Tablets,Mobile
Entertainment,Audio Systems,Audio Subscriptions,Others,,,,,,Mobiles and Tablets,Mobile
Entertainment,Home Theatre,Home Theatre Blue Ray,Electronics and Appliances,Home Audio,Others,,,,Mobiles and Tablets,Mobile
Small Appliances,Water Purifiers,Water Purifiers Storage,Electronics and Appliances,Kitchen appliances,Water purifier,,,,Mobiles and Tablets,Mobile
Small Appliances,Fans,ExWty- Fans,Electronics and Appliances,Home Appliances,Others,,,,Mobiles and Tablets,Mobile
Small Appliances,Cookware,ExWty- Cookware,Others,Kitchenware,Cooking items,Others,,,Mobiles and Tablets,Mobile
Small Appliances,Health & Personal Care,ExWty- Healthcare,Electronics and Appliances,Personal care appliances,Others,,,,Mobiles and Tablets,Mobile
Small Appliances,Kitchen Appliances,ExWty- Kitchen Appliances,Electronics and Appliances,Kitchen appliances,Others,,,,Mobiles and Tablets,Mobile
Entertainment,Audio Systems,ExWty- DJ Speakers,Electronics and Appliances,Home Appliances,Speaker,,,,Mobiles and Tablets,Mobile
Small Appliances,Ovens & Cookers,ExWty- Ovens,Electronics and Appliances,Kitchen appliances,Others,,,,Mobiles and Tablets,Mobile
Small Appliances,Security,ExWty- Security,Electronics and Appliances,Others,,,,,Mobiles and Tablets,Mobile
Small Appliances,Tools,ExWty- Tools,Electronics and Appliances,Home Appliances,Accessories Home Appliances,,,,Mobiles and Tablets,Mobile
Small Appliances,Home Appliances,ExWty- Vacuums,Electronics and Appliances,Home Appliances,Vaccum Cleaner,,,,Mobiles and Tablets,Mobile
Entertainment,Personal Assistant Speaker,ExWty- Personal Assistant,Electronics and Appliances,Home Audio,Others,,,,Mobiles and Tablets,Mobile
Communication,Phones Fixed,ExWty- Phones Fixed,Electronics and Appliances,Others,,,,,Mobiles and Tablets,Mobile
Entertainment,Home Theatre,ExWty- Home Theatre,Electronics and Appliances,Home Audio,Others,,,,Mobiles and Tablets,Mobile
Entertainment,Projectors,ExWty- Projectors,IT,Projector,,,,,Mobiles and Tablets,Mobile
Entertainment,Speakers,ExWty- Speakers,Electronics and Appliances,Home Appliances,Speaker,,,,Mobiles and Tablets,Mobile
Computers Peripherals,Networking,ExWty- Router,IT,Networking products,Router,,,,Mobiles and Tablets,Mobile
Entertainment,Audio Systems,ExWty- Audio Systems,Electronics and Appliances,Home Audio,Others,,,,Mobiles and Tablets,Mobile
Gaming,Gaming Hardware,ExWty- Gaming Hardware,Electronics and Appliances,Home Appliances,Video or PC Game Player,,,,Mobiles and Tablets,Mobile
Small Appliances,Power,ExWty- Stabilizer,Electronics and Appliances,Home Appliances,Others,,,,Mobiles and Tablets,Mobile
Computers Peripherals,Printers & Office Solutions,ExWty- Printers & Office Soln,IT,Printer,others,,,,Mobiles and Tablets,Mobile
Small Appliances,Kitchen Appliances,Do not Use,Others,,,,,,Mobiles and Tablets,Mobile
Small Appliances,Kitchen Appliances,Waste Treatment,Others,Cleaning,Home cleaning,Kitchen Cleaner,,,Mobiles and Tablets,Mobile
Entertainment,Portable BT Speakers/MP3 Players,Speakers - Bluetooth/Portable_H,Electronics and Appliances,Home Appliances,Speaker,,,,Mobiles and Tablets,Mobile
Entertainment,Home Theatre,Home Theatre Blue Ray-High End,Electronics and Appliances,Home Audio,Others,,,,Mobiles and Tablets,Mobile
Small Appliances,Home Appliances,Robotic Vacuum Cleaners,Electronics and Appliances,Home Appliances,Vaccum Cleaner,,,,Mobiles and Tablets,Mobile
Small Appliances,Ovens & Cookers,OTG More Than 30L,Electronics and Appliances,Kitchen appliances,Others,,,,Mobiles and Tablets,Mobile
Small Appliances,Cookware,Cookware Accessories,Others,Kitchenware,Cooking items,Others,,,Mobiles and Tablets,Mobile
Small Appliances,Water Purifiers RO,Water Purifiers RO,Electronics and Appliances,Kitchen appliances,Water purifier,,,,Mobiles and Tablets,Mobile
Small Appliances,Cookware,Built in_L,Others,,,,,,Mobiles and Tablets,Mobile
Small Appliances,Health & Personal Care,Massagers & Electrotherapy Devices,Electronics and Appliances,Personal care appliances,Massager,,,,Mobiles and Tablets,Mobile
Entertainment,Projectors,Portable,IT,Projector,,,,,Mobiles and Tablets,Mobile
Entertainment,Kits/Toys,Remote Control Cars,Others,Kid's and Baby products,Toys,,,,Mobiles and Tablets,Mobile
Small Appliances,Cookware,Built in_H,Others,,,,,,Mobiles and Tablets,Mobile
Gaming,Gaming Hardware,Sony Play Station - 4 Hardware,Electronics and Appliances,Home Appliances,Video or PC Game Player,,,,Mobiles and Tablets,Mobile
Gaming,Gaming Software,Sony Play Station - 4 Games,Electronics and Appliances,Home Appliances,Video or PC Game CD or DVD,,,,Mobiles and Tablets,Mobile
Entertainment,Audio Systems,DJ MACHINE_H,Electronics and Appliances,Others,,,,,Mobiles and Tablets,Mobile
Imaging,Digital Cameras,Digicam Educational Kit,Others,Stationery,Others,,,,Mobiles and Tablets,Mobile
Entertainment,Audio Systems,DJ MACHINE_L,Electronics and Appliances,Others,,,,,Mobiles and Tablets,Mobile
Small Appliances,Air Purifier,Room Air Purifier,Electronics and Appliances,Home Appliances,Others,,,,Mobiles and Tablets,Mobile
Small Appliances,Connected Homes & Housewares,Smart Lighting,Electronics and Appliances,Home Appliances,Others,,,,Mobiles and Tablets,Mobile
Small Appliances,Water Purifiers,ExWty-Water Purifiers,Electronics and Appliances,Kitchen appliances,Water purifier,,,,Mobiles and Tablets,Mobile
Small Appliances,Home Appliances,ExWty - Home Appliances,Electronics and Appliances,Home Appliances,Others,,,,Mobiles and Tablets,Mobile
Small Appliances,Cooling & Heating Appliances,ExWty- Cooling & Heating Appliances,Electronics and Appliances,Home Appliances,Others,,,,Mobiles and Tablets,Mobile
Small Appliances,Air Purifier,Portable Air Purifier,Electronics and Appliances,Home Appliances,Others,,,,Mobiles and Tablets,Mobile
Small Appliances,Health & Personal Care,Weighing Scales,Electronics and Appliances,Personal care appliances,Others,,,,Mobiles and Tablets,Mobile
Small Appliances,Air Purifier,Car Air Purifier,Others,Automobile products,Four Wheeler,Four Wheeler Accessories,,,Mobiles and Tablets,Mobile
Small Appliances,Connected Homes & Housewares,Smart Securities & Door Locks,Electronics and Appliances,Home Appliances,Others,,,,Mobiles and Tablets,Mobile
Small Appliances,Connected Homes & Housewares,Security Camera & Surveillance,Electronics and Appliances,Home Appliances,Others,,,,Mobiles and Tablets,Mobile
Small Appliances,Health & Personal Care,Skincare - Male,Electronics and Appliances,Personal care appliances,Others,,,,Mobiles and Tablets,Mobile
Small Appliances,Connected Homes & Housewares,Home Automation Systems,Electronics and Appliances,Home Appliances,Others,,,,Mobiles and Tablets,Mobile
Small Appliances,Connected Homes & Housewares,Smart Appliance Controls,Electronics and Appliances,Home Appliances,Others,,,,Mobiles and Tablets,Mobile
Entertainment,Audio Systems,Personal Audio_L,Electronics and Appliances,Home Audio,Others,,,,Mobiles and Tablets,Mobile
Small Appliances,Air Purifier,ExWty- Air Purifiers,Electronics and Appliances,Home Appliances,Others,,,,Mobiles and Tablets,Mobile
Gaming,Gaming Software,Sony Play Station - 4 Games consign,Electronics and Appliances,Home Appliances,Video or PC Game CD or DVD,,,,Mobiles and Tablets,Mobile
Entertainment,Portable BT Speakers/MP3 Players,ExWty- Speakers - Bluetooth/Portable,Electronics and Appliances,Home Appliances,Speaker,,,,Mobiles and Tablets,Mobile
Small Appliances,Connected Homes & Housewares,Accessories,Electronics and Appliances,Home Appliances,Others,,,,Mobiles and Tablets,Mobile
Small Appliances,Connected Homes & Housewares,Security Camera & Surveillance_L,Electronics and Appliances,Home Appliances,Others,,,,Mobiles and Tablets,Mobile
Small Appliances,Connected Homes & Housewares,Home Alarms & Sensors,Electronics and Appliances,Home Appliances,Others,,,,Mobiles and Tablets,Mobile
Small Appliances,Consumables,Kitchen & Personal Accessories,Others,,,,,,Mobiles and Tablets,Mobile
Entertainment,Personal Assistant Speaker,Personal Assistant Speaker Standee,Electronics and Appliances,Home Appliances,Accessories Home Appliances,,,,Mobiles and Tablets,Mobile
Small Appliances,Power,Power Board / Double adaptors,Electronics and Appliances,Home Appliances,Others,,,,Mobiles and Tablets,Mobile
Computers Peripherals,PC Accessories,UPS,IT,UPS,,,,,Mobiles and Tablets,Mobile
Small Appliances,Kitchen Appliances,Kitchen Sets & Accessories_L,Others,Kitchenware,Others,,,,Mobiles and Tablets,Mobile
Small Appliances,Home Appliances,Accessories_L,Electronics and Appliances,Home Appliances,Accessories Home Appliances,,,,Mobiles and Tablets,Mobile
Computers Peripherals,Refurbished-PC,PC,IT,Desktop and Laptop,Desktop,Desktop Full Set,,,Mobiles and Tablets,Mobile
Small Appliances,Health & Personal Care,Smart Health Devices,Electronics and Appliances,Personal care appliances,Others,,,,Mobiles and Tablets,Mobile
Small Appliances,Home Appliances,Led Light,Others,Electrical product,Others,,,,Mobiles and Tablets,Mobile
Small Appliances,Fans,Humidifiers & Dehumidifiers,Electronics and Appliances,Home Appliances,Others,,,,Mobiles and Tablets,Mobile
Computers Peripherals,Storage Media,SSD Drive,IT,Desktop and Laptop,Spares and Parts Desktop and Laptop,SSD,,,Mobiles and Tablets,Mobile
Small Appliances,Power,Uninterruptable Power Supply,Electronics and Appliances,Home Appliances,Others,,,,Mobiles and Tablets,Mobile
Entertainment,Speakers,Speakers - Bluetooth/Portable,Electronics and Appliances,Home Appliances,Speaker,,,,Mobiles and Tablets,Mobile
Small Appliances,Health & Personal Care,Baby Care_L,Electronics and Appliances,Personal care appliances,Others,,,,Mobiles and Tablets,Mobile
Gaming,Toys,E-Wheelers,Others,Kid's and Baby products,Toys,,,,Mobiles and Tablets,Mobile
Small Appliances,Health & Personal Care,Fitness Machines,Electronics and Appliances,Personal care appliances,Others,,,,Mobiles and Tablets,Mobile
Small Appliances,Cooling & Heating Appliances,Bed Warmer_L,Electronics and Appliances,Home Appliances,Others,,,,Mobiles and Tablets,Mobile
Small Appliances,Cooling & Heating Appliances,Bed Warmer_H,Electronics and Appliances,Home Appliances,Others,,,,Mobiles and Tablets,Mobile
Small Appliances,Health & Personal Care,Smart Health Devices_H,Electronics and Appliances,Personal care appliances,Others,,,,Mobiles and Tablets,Mobile
Small Appliances,Home Appliances,Solar Water Heater,Electronics and Appliances,Home Appliances,Water heater,,,,Mobiles and Tablets,Mobile
Small Appliances,Kitchen Appliances,Vegetable Cleaners/Purifiers,Others,Cleaning,Home cleaning,Kitchen Cleaner,,,Mobiles and Tablets,Mobile
Small Appliances,Pet Care,Pet Grooming,Others,,,,,,Mobiles and Tablets,Mobile
Small Appliances,Health & Personal Care,Face Masks,Electronics and Appliances,Personal care appliances,Others,,,,Mobiles and Tablets,Mobile
Computers Peripherals,PC Accessories,Projectors,IT,Projector,,,,,Mobiles and Tablets,Mobile
Computers Peripherals,Networking,Switches and Splitters,IT,Networking products,Switch,,,,Mobiles and Tablets,Mobile
Small Appliances,Home Appliances,Sewing Machine,Electronics and Appliances,Home Appliances,Sewing machine,,,,Mobiles and Tablets,Mobile
Computers Peripherals,Printers & Office Solutions,Printers 3D,IT,Printer,others,,,,Mobiles and Tablets,Mobile
Small Appliances,Solar Appliances,Solar Lighting,Others,Electrical product,Others,,,,Mobiles and Tablets,Mobile
Computers Peripherals,Gaming Consoles and Accessories,X Box Games,IT,Desktop and Laptop,Others,,,,Mobiles and Tablets,Mobile
Computers Peripherals,Gaming Consoles and Accessories,Sony Play Station - 3 Hardware,IT,Desktop and Laptop,Others,,,,Mobiles and Tablets,Mobile
Computers Peripherals,Gaming Consoles and Accessories,X-Box Live,IT,Desktop and Laptop,Others,,,,Mobiles and Tablets,Mobile
Computers Peripherals,Gaming Consoles and Accessories,Sony Play Station - 4 Hardware,IT,Desktop and Laptop,Others,,,,Mobiles and Tablets,Mobile
Computers Peripherals,Gaming Consoles and Accessories,Sony Play Station - 4 Games,IT,Desktop and Laptop,Others,,,,Mobiles and Tablets,Mobile
Entertainment,Projectors,Home,IT,Projector,,,,,Mobiles and Tablets,Mobile
Computers Peripherals,Gaming Consoles and Accessories,Sony Play Station - 4 Games consign,IT,Desktop and Laptop,Others,,,,Mobiles and Tablets,Mobile
Computers Peripherals,Gaming Consoles and Accessories,Playstation Plus,IT,Desktop and Laptop,Others,,,,Mobiles and Tablets,Mobile
Small Appliances,Health & Personal Care,Covid Essentials,Electronics and Appliances,Personal care appliances,Others,,,,Mobiles and Tablets,Mobile
Entertainment,Personal Assistant Speaker,Ins - HomePod,Electronics and Appliances,Home Audio,Others,,,,Mobiles and Tablets,Mobile
Small Appliances,Health & Personal Care,Skincare - Female,Electronics and Appliances,Personal care appliances,Others,,,,Mobiles and Tablets,Mobile
Small Appliances,Health & Personal Care,Well Being_L,Electronics and Appliances,Personal care appliances,Others,,,,Mobiles and Tablets,Mobile
Small Appliances,Ovens & Cookers,Cookers_S,Electronics and Appliances,Kitchen appliances,Others,,,,Mobiles and Tablets,Mobile
Small Appliances,Health & Personal Care,Dental Care_H,Electronics and Appliances,Personal care appliances,Others,,,,Mobiles and Tablets,Mobile
Entertainment,Projectors,Screens_L,IT,Others,,,,,Mobiles and Tablets,Mobile
Small Appliances,Connected Homes & Housewares,Smart Appliance Controls_H,Electronics and Appliances,Home Appliances,Others,,,,Mobiles and Tablets,Mobile
Small Appliances,Connected Homes & Housewares,Smart Appliance Controls_L,Electronics and Appliances,Home Appliances,Others,,,,Mobiles and Tablets,Mobile
Entertainment,Projectors,Screens,IT,Others,,,,,Mobiles and Tablets,Mobile
Small Appliances,Power,Adaptors AC/DC,Electronics and Appliances,Home Appliances,Others,,,,Mobiles and Tablets,Mobile
Computers Peripherals,PC Accessories,Adaptors/Cables,IT,Desktop and Laptop,Accessories Desktop and Laptop,Others,,,Mobiles and Tablets,Mobile
Computers Peripherals,PC Accessories,CMP SURGE PROTECTORS,IT,Desktop and Laptop,Accessories Desktop and Laptop,Others,,,Mobiles and Tablets,Mobile
Imaging,Travel Accessories,Travel Chargers,Others,,,,,,Mobiles and Tablets,Mobile
Computers Peripherals,PC Accessories,PC Add On,IT,Desktop and Laptop,Accessories Desktop and Laptop,Others,,,Mobiles and Tablets,Mobile
Communication,Phones Mobile Accessories,Power bank/ Batteries,Electronics and Appliances,Mobiles and Tablets,Accessories mobiles and Tablets,Power bank,,,Mobiles and Tablets,Mobile
Communication,Phones Mobile Accessories,Cables & Connectors,Electronics and Appliances,Mobiles and Tablets,Accessories mobiles and Tablets,Data Cable,,,Mobiles and Tablets,Mobile
Communication,Phones Mobile Accessories,Mobile Hands Free,Electronics and Appliances,Mobiles and Tablets,Accessories mobiles and Tablets,Others,,,Mobiles and Tablets,Mobile
Communication,Phones Mobile Accessories,Hands Free & Speakers,Electronics and Appliances,Mobiles and Tablets,Accessories mobiles and Tablets,Others,,,Mobiles and Tablets,Mobile
Entertainment,Entertainment Accessories,Cables Audio Standard,Electronics and Appliances,Home Appliances,Accessories Home Appliances,,,,Mobiles and Tablets,Mobile
Entertainment,Entertainment Accessories,Cables Video High End,Electronics and Appliances,Home Appliances,Accessories Home Appliances,,,,Mobiles and Tablets,Mobile
Entertainment,Entertainment Accessories,Cables Video Mid Range,Electronics and Appliances,Home Appliances,Accessories Home Appliances,,,,Mobiles and Tablets,Mobile
Entertainment,Entertainment Accessories,Cables Video Special,Electronics and Appliances,Home Appliances,Accessories Home Appliances,,,,Mobiles and Tablets,Mobile
Entertainment,Entertainment Accessories,Cables Video Standard,Electronics and Appliances,Home Appliances,Accessories Home Appliances,,,,Mobiles and Tablets,Mobile
Entertainment,Entertainment Accessories,TV Connectors,Electronics and Appliances,Home Appliances,Accessories Home Appliances,,,,Mobiles and Tablets,Mobile
Entertainment,Entertainment Accessories,Adaptors - Audio / Video / RF,Electronics and Appliances,Home Appliances,Accessories Home Appliances,,,,Mobiles and Tablets,Mobile
Entertainment,Entertainment Accessories,Optical Cables / Accessories,Electronics and Appliances,Home Appliances,Accessories Home Appliances,,,,Mobiles and Tablets,Mobile
Entertainment,Entertainment Accessories,Cleaners,Electronics and Appliances,Home Appliances,Accessories Home Appliances,,,,Mobiles and Tablets,Mobile
Entertainment,Entertainment Accessories,Remote Controls,Electronics and Appliances,Home Appliances,Accessories Home Appliances,,,,Mobiles and Tablets,Mobile
Gaming,Toys,Activity Set & Learning Aid,Others,Kid's and Baby products,Toys,,,,Mobiles and Tablets,Mobile
Gaming,Toys,RC Cars & Vehicles,Others,Kid's and Baby products,Toys,,,,Mobiles and Tablets,Mobile
Gaming,Toys,Action Figures & Toys,Others,Kid's and Baby products,Toys,,,,Mobiles and Tablets,Mobile
Entertainment,MP3 Accessories,MP3 Cases,Electronics and Appliances,Mobiles and Tablets,Accessories mobiles and Tablets,Others,,,Mobiles and Tablets,Mobile
Entertainment,MP3 Accessories,MP3 Accessories,Electronics and Appliances,Mobiles and Tablets,Accessories mobiles and Tablets,Others,,,Mobiles and Tablets,Mobile
Imaging,Travel Accessories,Travel Comfort_L,Others,,,,,,Mobiles and Tablets,Mobile
Imaging,Imaging Accessories,Camcorder Accessories,Electronics and Appliances,Home Appliances,Accessories Home Appliances,,,,Mobiles and Tablets,Mobile
Imaging,Imaging Accessories,Digital Camera Accessories,Electronics and Appliances,Home Appliances,Accessories Home Appliances,,,,Mobiles and Tablets,Mobile
Imaging,Imaging Accessories,Memory Cards - IMG,Electronics and Appliances,Home Appliances,Accessories Home Appliances,,,,Mobiles and Tablets,Mobile
Computers Peripherals,Networking,Networking AC Series,IT,Networking products,Others,,,,Mobiles and Tablets,Mobile
Gaming,Gaming Hardware,Console Gaming Headphones,IT,Desktop and Laptop,Accessories Desktop and Laptop,Headphone,,,Mobiles and Tablets,Mobile
Computers Peripherals,Input Devices,Keyboards,IT,Desktop and Laptop,Accessories Desktop and Laptop,Keyboard,,,Mobiles and Tablets,Mobile
Computers Peripherals,Input Devices,Mice,IT,Desktop and Laptop,Others,,,,Mobiles and Tablets,Mobile
Computers Peripherals,Input Devices,Presenters,IT,Desktop and Laptop,Others,,,,Mobiles and Tablets,Mobile
Computers Peripherals,Networking,Networking,IT,Networking products,Others,,,,Mobiles and Tablets,Mobile
Gaming,Gaming Hardware,X Box Hardware,Electronics and Appliances,Home Appliances,Video or PC Game Player,,,,Mobiles and Tablets,Mobile
Gaming,Gaming Hardware,Sony Play Station Hardware,Electronics and Appliances,Home Appliances,Video or PC Game Player,,,,Mobiles and Tablets,Mobile
Gaming,Gaming Software,X Box Games,Electronics and Appliances,Home Appliances,Video or PC Game CD or DVD,,,,Mobiles and Tablets,Mobile
Entertainment,Entertainment Accessories,Cables Audio High End,Electronics and Appliances,Home Appliances,Accessories Home Appliances,,,,Mobiles and Tablets,Mobile
Entertainment,MP3 Accessories,Walkman Accessories,Electronics and Appliances,Personal care appliances,Others,,,,Mobiles and Tablets,Mobile
Computers Peripherals,Networking,Networking Extender,IT,Networking products,Others,,,,Mobiles and Tablets,Mobile
Computers Peripherals,Storage Media,Memory - Flash Drives,IT,Desktop and Laptop,Spares and Parts Desktop and Laptop,Others,,,Mobiles and Tablets,Mobile
Entertainment,Earphones/Headphones,Audio Tapes Blank,Others,,,,,,Mobiles and Tablets,Mobile
Entertainment,Earphones/Headphones,Audio Carry Cases,Others,,,,,,Mobiles and Tablets,Mobile
Entertainment,Earphones/Headphones,Headphones_D,Electronics and Appliances,Mobiles and Tablets,Accessories mobiles and Tablets,Earphone or Headphone,On-Ear Earphone or Headphone,,Mobiles and Tablets,Mobile
Entertainment,Earphones/Headphones,Headphones Wireless,Electronics and Appliances,Mobiles and Tablets,Accessories mobiles and Tablets,Earphone or Headphone,On-Ear Earphone or Headphone,,Mobiles and Tablets,Mobile
Entertainment,Earphones/Headphones,Earphones_D,Electronics and Appliances,Mobiles and Tablets,Accessories mobiles and Tablets,Earphone or Headphone,In-Ear Earphone or Headphone,,Mobiles and Tablets,Mobile
Entertainment,Earphones/Headphones,Earphones,Electronics and Appliances,Mobiles and Tablets,Accessories mobiles and Tablets,Earphone or Headphone,In-Ear Earphone or Headphone,,Mobiles and Tablets,Mobile
Imaging,Travel Accessories,Travel Batteries,Others,,,,,,Mobiles and Tablets,Mobile
Imaging,Travel Accessories,Travel Gear,Others,,,,,,Mobiles and Tablets,Mobile
Imaging,Travel Accessories,Rechargeable Batteries_L,Others,,,,,,Mobiles and Tablets,Mobile
Gaming,Gaming Hardware,PS2 Accessories,Electronics and Appliances,Home Appliances,Video or PC Game Accessories,,,,Mobiles and Tablets,Mobile
Gaming,PC Gaming,PC GMG Keyboards Mice Headsets,IT,Desktop and Laptop,Accessories Desktop and Laptop,Headphone,,,Mobiles and Tablets,Mobile
Gaming,Gaming Hardware,XBox Accessories,Electronics and Appliances,Home Appliances,Video or PC Game Accessories,,,,Mobiles and Tablets,Mobile
Gaming,Gaming Hardware,Nintendo Wii Accessories,Electronics and Appliances,Home Appliances,Video or PC Game Accessories,,,,Mobiles and Tablets,Mobile
Gaming,Gaming Hardware,Sony Play Station - 3 Hardware,Electronics and Appliances,Home Appliances,Video or PC Game Player,,,,Mobiles and Tablets,Mobile
Gaming,Gaming Hardware,PS3 Accessories,Electronics and Appliances,Home Appliances,Video or PC Game Accessories,,,,Mobiles and Tablets,Mobile
Gaming,Gaming Hardware,PSP Accessories,Electronics and Appliances,Home Appliances,Video or PC Game Accessories,,,,Mobiles and Tablets,Mobile
Gaming,Gaming Software,Nintendo Wii Games,Electronics and Appliances,Home Appliances,Video or PC Game CD or DVD,,,,Mobiles and Tablets,Mobile
Imaging,Camcorders,Camcorders - Flash Memory,Electronics and Appliances,Home Appliances,Accessories Home Appliances,,,,Mobiles and Tablets,Mobile
Computers Peripherals,PC Accessories,PC Headsets,IT,Desktop and Laptop,Accessories Desktop and Laptop,Headphone,,,Mobiles and Tablets,Mobile
Computers Peripherals,PC Accessories,MAC Accessories,IT,Desktop and Laptop,Accessories Desktop and Laptop,Others,,,Mobiles and Tablets,Mobile
Computers Peripherals,Networking,USB data cards,IT,Networking products,Others,,,,Mobiles and Tablets,Mobile
Entertainment,Earphones/Headphones,DO NOT USE,Others,,,,,,Mobiles and Tablets,Mobile
Communication,Phones Mobile Accessories,Phone Accessories,Electronics and Appliances,Mobiles and Tablets,Accessories mobiles and Tablets,Others,,,Mobiles and Tablets,Mobile
Entertainment,Earphones/Headphones,Headphone Accessories,Electronics and Appliances,Mobiles and Tablets,Accessories mobiles and Tablets,Others,,,Mobiles and Tablets,Mobile
Communication,Phones Mobile Accessories,Apple Iphone Accessories,Electronics and Appliances,Mobiles and Tablets,Accessories mobiles and Tablets,Others,,,Mobiles and Tablets,Mobile
Communication,Phones Mobile Accessories,Chargers & Adaptors,Electronics and Appliances,Mobiles and Tablets,Accessories mobiles and Tablets,Charger,,,Mobiles and Tablets,Mobile
Computers Peripherals,PC Accessories,Notebook Batteries,IT,Desktop and Laptop,Accessories Desktop and Laptop,Others,,,Mobiles and Tablets,Mobile
Imaging,Imaging Accessories,Camera Miscellaneous,Electronics and Appliances,Home Appliances,Accessories Home Appliances,,,,Mobiles and Tablets,Mobile
Computers Peripherals,Tablets & Detachables,Detachable Accessories,Electronics and Appliances,Mobiles and Tablets,Accessories mobiles and Tablets,Others,,,Mobiles and Tablets,Mobile
Gaming,Gaming Hardware,Nintendo DS Lite,Electronics and Appliances,Home Appliances,Video or PC Game Player,,,,Mobiles and Tablets,Mobile
Communication,Phones Mobile Accessories,Memory Cards - COM,Electronics and Appliances,Mobiles and Tablets,Accessories mobiles and Tablets,Memory card,,,Mobiles and Tablets,Mobile
Imaging,Imaging Accessories,Camera Scratchguards,Electronics and Appliances,Home Appliances,Accessories Home Appliances,,,,Mobiles and Tablets,Mobile
Gaming,Gaming Hardware,Nintendo Wii,Electronics and Appliances,Home Appliances,Video or PC Game Player,,,,Mobiles and Tablets,Mobile
Entertainment,Batteries,Batteries Carbon,Electronics and Appliances,Home Appliances,Accessories Home Appliances,,,,Mobiles and Tablets,Mobile
Imaging,Imaging Accessories,Tripods,Electronics and Appliances,Home Appliances,Accessories Home Appliances,,,,Mobiles and Tablets,Mobile
Computers Peripherals,E-Readers,E-Readers,IT,Desktop and Laptop,Accessories Desktop and Laptop,Others,,,Mobiles and Tablets,Mobile
Entertainment,Entertainment Accessories,TV Accessories,Electronics and Appliances,Home Appliances,Accessories Home Appliances,,,,Mobiles and Tablets,Mobile
Communication,Phones Mobile Accessories,ExWty- Mobile Phone Accsry,Electronics and Appliances,Mobiles and Tablets,Accessories mobiles and Tablets,Others,,,Mobiles and Tablets,Mobile
Computers Peripherals,PC Accessories,ExWty- PC accessories,IT,Desktop and Laptop,Accessories Desktop and Laptop,Others,,,Mobiles and Tablets,Mobile
Computers Peripherals,Peripherals,ExWty- Peripherals,IT,Desktop and Laptop,Accessories Desktop and Laptop,Others,,,Mobiles and Tablets,Mobile
Computers Peripherals,Storage Media,C&C Storage Media,IT,Desktop and Laptop,Spares and Parts Desktop and Laptop,Others,,,Mobiles and Tablets,Mobile
Communication,Phones Mobile Accessories,Mobile & PDA Attachment,Electronics and Appliances,Mobiles and Tablets,Accessories mobiles and Tablets,Others,,,Mobiles and Tablets,Mobile
Computers Peripherals,E-Readers,E-Reader-Accessories,IT,Desktop and Laptop,Accessories Desktop and Laptop,Others,,,Mobiles and Tablets,Mobile
Computers Peripherals,Storage Media,Network Harddisks,IT,Desktop and Laptop,Spares and Parts Desktop and Laptop,Hard Disk,,,Mobiles and Tablets,Mobile
Imaging,DSLR Cameras,Full Frame & Mirrorless,Electronics and Appliances,Home Appliances,Digital Camera,,,,Mobiles and Tablets,Mobile
Computers Peripherals,Tablets & Detachables,Tablet Accessories,Electronics and Appliances,Mobiles and Tablets,Accessories mobiles and Tablets,Others,,,Mobiles and Tablets,Mobile
Entertainment,Batteries,Batteries Rechargeable,Electronics and Appliances,Home Appliances,Accessories Home Appliances,,,,Mobiles and Tablets,Mobile
Entertainment,Batteries,Batteries Alkaline,Electronics and Appliances,Home Appliances,Accessories Home Appliances,,,,Mobiles and Tablets,Mobile
Entertainment,Batteries,Battery Chargers / Accessories,Electronics and Appliances,Home Appliances,Accessories Home Appliances,,,,Mobiles and Tablets,Mobile
Entertainment,Earphones/Headphones,Premium Headphone,Electronics and Appliances,Mobiles and Tablets,Accessories mobiles and Tablets,Earphone or Headphone,On-Ear Earphone or Headphone,,Mobiles and Tablets,Mobile
Imaging,Travel Accessories,Travel Comfort,Others,,,,,,Mobiles and Tablets,Mobile
Gaming,Dummy Gaming Hardware,Gaming Accessories,Others,,,,,,Mobiles and Tablets,Mobile
Entertainment,Batteries,Torches,Electronics and Appliances,Home Appliances,Accessories Home Appliances,,,,Mobiles and Tablets,Mobile
Computers Peripherals,Tablets & Detachables,Tablet Freebies,Electronics and Appliances,Mobiles and Tablets,Accessories mobiles and Tablets,Others,,,Mobiles and Tablets,Mobile
Computers Peripherals,Tablets & Detachables,E-Reader Accessories,Electronics and Appliances,Mobiles and Tablets,Accessories mobiles and Tablets,Others,,,Mobiles and Tablets,Mobile
Communication,Phones Mobile Accessories,Powerbank_L,Electronics and Appliances,Mobiles and Tablets,Accessories mobiles and Tablets,Power bank,,,Mobiles and Tablets,Mobile
Entertainment,Earphones/Headphones,Headphones,Electronics and Appliances,Mobiles and Tablets,Accessories mobiles and Tablets,Earphone or Headphone,On-Ear Earphone or Headphone,,Mobiles and Tablets,Mobile
Entertainment,Earphones/Headphones,Premium Earphone,Electronics and Appliances,Mobiles and Tablets,Accessories mobiles and Tablets,Earphone or Headphone,In-Ear Earphone or Headphone,,Mobiles and Tablets,Mobile
Computers Peripherals,PC Accessories,Adaptors/Cables/Hubs,IT,Desktop and Laptop,Accessories Desktop and Laptop,Others,,,Mobiles and Tablets,Mobile
Computers Peripherals,Networking,MIFI-WIFI PORTABLE ROUTERS,IT,Networking products,Router,,,,Mobiles and Tablets,Mobile
Gaming,Gaming Hardware,PS4 Accessories,Electronics and Appliances,Home Appliances,Video or PC Game Accessories,,,,Mobiles and Tablets,Mobile
Computers Peripherals,Storage Media,Cloud Storage,Others,,,,,,Mobiles and Tablets,Mobile
Computers Peripherals,PC Accessories,ACER-ATTACHMENTS,IT,Desktop and Laptop,Accessories Desktop and Laptop,Others,,,Mobiles and Tablets,Mobile
Entertainment,MP3 Accessories,MP3 Accessories_L,Electronics and Appliances,Mobiles and Tablets,Accessories mobiles and Tablets,Others,,,Mobiles and Tablets,Mobile
Entertainment,Entertainment Accessories,Cleaners_L,Electronics and Appliances,Home Appliances,Accessories Home Appliances,,,,Mobiles and Tablets,Mobile
Communication,Phones Mobile Accessories,Memory Cards - COM Premium,Electronics and Appliances,Mobiles and Tablets,Accessories mobiles and Tablets,Memory card,,,Mobiles and Tablets,Mobile
Entertainment,Entertainment Accessories,Adaptors - Audio / Video / RF_L,Electronics and Appliances,Home Appliances,Accessories Home Appliances,,,,Mobiles and Tablets,Mobile
Entertainment,Earphones/Headphones,Demo Earphones/Headphones,Electronics and Appliances,Mobiles and Tablets,Accessories mobiles and Tablets,Earphone or Headphone,In-Ear Earphone or Headphone,,Mobiles and Tablets,Mobile
Imaging,Travel Accessories,Travel Eye masks,Others,,,,,,Mobiles and Tablets,Mobile
Imaging,Travel Accessories,Travel Locks,Others,,,,,,Mobiles and Tablets,Mobile
Imaging,Imaging Accessories,Action & Sports Cam Accessories,Electronics and Appliances,Home Appliances,Accessories Home Appliances,,,,Mobiles and Tablets,Mobile
Communication,Phones Mobile Accessories,Cables & Connectors_H,Electronics and Appliances,Mobiles and Tablets,Accessories mobiles and Tablets,Data Cable,,,Mobiles and Tablets,Mobile
Entertainment,Earphones/Headphones,ExWty- Headphones/Earphones,Electronics and Appliances,Mobiles and Tablets,Accessories mobiles and Tablets,Earphone or Headphone,In-Ear Earphone or Headphone,,Mobiles and Tablets,Mobile
Imaging,Imaging Accessories,Imaging Accessories_L,Electronics and Appliances,Home Appliances,Accessories Home Appliances,,,,Mobiles and Tablets,Mobile
Gaming,Gaming Software,Playstation Plus,Electronics and Appliances,Home Appliances,Video or PC Game CD or DVD,,,,Mobiles and Tablets,Mobile
Computers Peripherals,Printers & Office Solutions,3D Accessories,IT,Printer,Accessories Printer,Others,,,Mobiles and Tablets,Mobile
Entertainment,Earphones/Headphones,Mono Headset,Electronics and Appliances,Mobiles and Tablets,Accessories mobiles and Tablets,Earphone or Headphone,On-Ear Earphone or Headphone,,Mobiles and Tablets,Mobile
Computers Peripherals,Gaming Consoles and Accessories,Console Gaming Headphones,IT,Desktop and Laptop,Accessories Desktop and Laptop,Headphone,,,Mobiles and Tablets,Mobile
Computers Peripherals,Gaming Consoles and Accessories,X Box Hardware,IT,Desktop and Laptop,Others,,,,Mobiles and Tablets,Mobile
Computers Peripherals,Gaming Consoles and Accessories,Sony Play Station Hardware,IT,Desktop and Laptop,Others,,,,Mobiles and Tablets,Mobile
Computers Peripherals,Gaming Consoles and Accessories,PS2 Accessories,IT,Desktop and Laptop,Others,,,,Mobiles and Tablets,Mobile
Computers Peripherals,Gaming Consoles and Accessories,PC GMG Keyboards Mice Headsets,IT,Desktop and Laptop,Others,,,,Mobiles and Tablets,Mobile
Computers Peripherals,Gaming Consoles and Accessories,XBox Accessories,IT,Desktop and Laptop,Others,,,,Mobiles and Tablets,Mobile
Computers Peripherals,Gaming Consoles and Accessories,Nintendo Wii Accessories,IT,Desktop and Laptop,Others,,,,Mobiles and Tablets,Mobile
Computers Peripherals,Gaming Consoles and Accessories,PS3 Accessories,IT,Desktop and Laptop,Others,,,,Mobiles and Tablets,Mobile
Computers Peripherals,Gaming Consoles and Accessories,PSP Accessories,IT,Desktop and Laptop,Others,,,,Mobiles and Tablets,Mobile
Entertainment,Earphones/Headphones,PC & Gaming Headset_L,Electronics and Appliances,Mobiles and Tablets,Accessories mobiles and Tablets,Earphone or Headphone,On-Ear Earphone or Headphone,,Mobiles and Tablets,Mobile
Computers Peripherals,Gaming Consoles and Accessories,PS4 Accessories,IT,Desktop and Laptop,Others,,,,Mobiles and Tablets,Mobile
Entertainment,Earphones/Headphones,PC & Gaming Headset_H,Electronics and Appliances,Mobiles and Tablets,Accessories mobiles and Tablets,Earphone or Headphone,On-Ear Earphone or Headphone,,Mobiles and Tablets,Mobile
Computers Peripherals,E-Readers,ExWty- E-Readers,IT,Desktop and Laptop,Accessories Desktop and Laptop,Others,,,Mobiles and Tablets,Mobile
Computers Peripherals,PC Accessories,Laptop Powerbank,IT,Desktop and Laptop,Accessories Desktop and Laptop,Others,,,Mobiles and Tablets,Mobile
Computers Peripherals,PC Accessories,Adaptors/Cables/Hubs_L,IT,Desktop and Laptop,Accessories Desktop and Laptop,Others,,,Mobiles and Tablets,Mobile
Computers Peripherals,Networking,Networking AX Series,IT,Networking products,Others,,,,Mobiles and Tablets,Mobile
Communication,Phones Mobile Accessories,Scratchgard,Electronics and Appliances,Mobiles and Tablets,Accessories mobiles and Tablets,Screen guard,,,Mobiles and Tablets,Mobile
Communication,Phones Mobile Accessories,Mobile Covers/Cases,Electronics and Appliances,Mobiles and Tablets,Accessories mobiles and Tablets,Mobile case and cover,,,Mobiles and Tablets,Mobile
Communication,Phones Mobile Accessories,Scratchgard_L,Electronics and Appliances,Mobiles and Tablets,Accessories mobiles and Tablets,Screen guard,,,Mobiles and Tablets,Mobile
Music,CD Hindi,CD New Film Music,Electronics and Appliances,Home Appliances,Video or PC Game CD or DVD,,,,Mobiles and Tablets,Mobile
Music,CD International,CD Pop,Electronics and Appliances,Home Appliances,Video or PC Game CD or DVD,,,,Mobiles and Tablets,Mobile
Communication,Navigation Systems,Navigation Systems,Electronics and Appliances,Others,,,,,Mobiles and Tablets,Mobile
Entertainment,Mounts & Stands,CTV Stands,Electronics and Appliances,Home Appliances,Accessories Home Appliances,,,,Mobiles and Tablets,Mobile
Entertainment,Mounts & Stands,Speaker Stands,Electronics and Appliances,Home Appliances,Accessories Home Appliances,,,,Mobiles and Tablets,Mobile
Entertainment,Mounts & Stands,LCD Stands,Electronics and Appliances,Home Appliances,Accessories Home Appliances,,,,Mobiles and Tablets,Mobile
Gaming,PC Gaming,PC Games,Electronics and Appliances,Home Appliances,Video or PC Game Others,,,,Mobiles and Tablets,Mobile
Gaming,Gaming Software,Sony Play Station - 2 Games,Electronics and Appliances,Home Appliances,Video or PC Game CD or DVD,,,,Mobiles and Tablets,Mobile
Gaming,Gaming Software,Sony PSP Games,Electronics and Appliances,Home Appliances,Video or PC Game CD or DVD,,,,Mobiles and Tablets,Mobile
Gaming,Gaming Software,Sony Play Station - 3 Games,Electronics and Appliances,Home Appliances,Video or PC Game CD or DVD,,,,Mobiles and Tablets,Mobile
Gaming,Gaming Software,Nintendo DS Lite Games,Electronics and Appliances,Home Appliances,Video or PC Game CD or DVD,,,,Mobiles and Tablets,Mobile
Gaming,Toys,Games & Puzzles,Others,Kid's and Baby products,Toys,,,,Mobiles and Tablets,Mobile
Gaming,Gaming Hardware,Handheld/Vedio Games,Electronics and Appliances,Home Appliances,Video or PC Game Player,,,,Mobiles and Tablets,Mobile
Gaming,Toys,Camera & Spy Gear,Others,Kid's and Baby products,Toys,,,,Mobiles and Tablets,Mobile
Imaging,Imaging Accessories,Camera Bags/Pouches,Electronics and Appliances,Home Appliances,Accessories Home Appliances,,,,Mobiles and Tablets,Mobile
Computers Peripherals,Dummy Laptop / Netbook / Tabs,Tablet-D,Others,,,,,,Mobiles and Tablets,Mobile
Computers Peripherals,Computer Bags,Backpacks,IT,Desktop and Laptop,Accessories Desktop and Laptop,Laptop cover/ Bag,,,Mobiles and Tablets,Mobile
Computers Peripherals,Mobile Computing,Computer Carry Bags,IT,Desktop and Laptop,Accessories Desktop and Laptop,Laptop cover/ Bag,,,Mobiles and Tablets,Mobile
Computers Peripherals,Computer Bags,Sleeves/Cases,IT,Desktop and Laptop,Accessories Desktop and Laptop,Laptop cover/ Bag,,,Mobiles and Tablets,Mobile
Computers Peripherals,Printers & Office Solutions,Ink Cartridges,IT,Printer,Accessories Printer,Cartridge,,,Mobiles and Tablets,Mobile
Computers Peripherals,Printers & Office Solutions,Paper - Printer & Fax,Others,Stationery,Others,,,,Mobiles and Tablets,Mobile
Computers Peripherals,Software,Software,Others,,,,,,Mobiles and Tablets,Mobile
Computers Peripherals,Computer Consignments,Notebook Consignment,IT,Desktop and Laptop,Laptop,,,,Mobiles and Tablets,Mobile
Imaging,DSLR Cameras,DSLR Mid Range-D,Electronics and Appliances,Home Appliances,Digital Camera,,,,Mobiles and Tablets,Mobile
Computers Peripherals,Mobile Computing,Apple - D,Others,,,,,,Mobiles and Tablets,Mobile
Music,CD Hindi,CD Indi Pop,Electronics and Appliances,Home Appliances,Video or PC Game CD or DVD,,,,Mobiles and Tablets,Mobile
Music,CD Hindi,CD Old Film Music,Electronics and Appliances,Home Appliances,Video or PC Game CD or DVD,,,,Mobiles and Tablets,Mobile
Movies,DVD Bollywood,DB New Hindi Films,Electronics and Appliances,Home Appliances,Video or PC Game CD or DVD,,,,Mobiles and Tablets,Mobile
Movies,DVD Hollywood,DH Action & Adventure,Electronics and Appliances,Home Appliances,Video or PC Game CD or DVD,,,,Mobiles and Tablets,Mobile
Movies,DVD Hollywood,DH Thriller,Electronics and Appliances,Home Appliances,Video or PC Game CD or DVD,,,,Mobiles and Tablets,Mobile
Movies,DVD Hollywood,DH Drama,Electronics and Appliances,Home Appliances,Video or PC Game CD or DVD,,,,Mobiles and Tablets,Mobile
Movies,DVD Regional,DR Gujrathi,Electronics and Appliances,Home Appliances,Video or PC Game CD or DVD,,,,Mobiles and Tablets,Mobile
Entertainment,DVD/VCD/Content,Mic & Karaoke,Electronics and Appliances,Home Audio,Others,,,,Mobiles and Tablets,Mobile
Entertainment,DVD/VCD/Content,Set Top Boxes,Electronics and Appliances,Others,,,,,Mobiles and Tablets,Mobile
Entertainment,DVD/VCD/Content,Blu Ray DVD Players,Electronics and Appliances,Home Appliances,DVD Player,,,,Mobiles and Tablets,Mobile
Imaging,Imaging Accessories,Digital Photo Frames,Electronics and Appliances,Home Appliances,Accessories Home Appliances,,,,Mobiles and Tablets,Mobile
Imaging,DSLR Cameras,DSLR Entry Level-D,Electronics and Appliances,Home Appliances,Digital Camera,,,,Mobiles and Tablets,Mobile
Movies,VCD Bollywood,VB Old Hindi Film,Electronics and Appliances,Home Appliances,Video or PC Game CD or DVD,,,,Mobiles and Tablets,Mobile
Movies,VCD Hollywood,VH Kids/Cartoon/Animation,Electronics and Appliances,Home Appliances,Video or PC Game CD or DVD,,,,Mobiles and Tablets,Mobile
Movies,VCD Hollywood,VH Thriller,Electronics and Appliances,Home Appliances,Video or PC Game CD or DVD,,,,Mobiles and Tablets,Mobile
Movies,VCD Hollywood,VH Drama,Electronics and Appliances,Home Appliances,Video or PC Game CD or DVD,,,,Mobiles and Tablets,Mobile
Movies,VCD Regional,VR Kannada,Electronics and Appliances,Home Appliances,Video or PC Game CD or DVD,,,,Mobiles and Tablets,Mobile
Computers Peripherals,Dummy Laptop / Netbook / Tabs,Desktop-D,Others,,,,,,Mobiles and Tablets,Mobile
Computers Peripherals,Mobile Computing,2in1-D,IT,Desktop and Laptop,Laptop,,,,Mobiles and Tablets,Mobile
Computers Peripherals,Mobile Computing,Premium-D,Others,,,,,,Mobiles and Tablets,Mobile
Computers Peripherals,Software,License,Others,,,,,,Mobiles and Tablets,Mobile
Music,CD Classical,CD Thematic,Electronics and Appliances,Home Appliances,Video or PC Game CD or DVD,,,,Mobiles and Tablets,Mobile
Imaging,DSLR Cameras,Full Frame & Mirrorless-D,Electronics and Appliances,Home Appliances,Digital Camera,,,,Mobiles and Tablets,Mobile
Imaging,Imaging Accessories,Camera Attachments,Electronics and Appliances,Home Appliances,Accessories Home Appliances,,,,Mobiles and Tablets,Mobile
Entertainment,DVD/VCD/Content,DVD Players - 2.1 Channel,Electronics and Appliances,Home Appliances,DVD Player,,,,Mobiles and Tablets,Mobile
Imaging,DSLR Cameras,DSLR High End-D,Electronics and Appliances,Home Appliances,Digital Camera,,,,Mobiles and Tablets,Mobile
Computers Peripherals,Mobile Computing,Mainstream-D,Others,,,,,,Mobiles and Tablets,Mobile
Computers Peripherals,Computer Bags,Backpacks-Oem,IT,Desktop and Laptop,Accessories Desktop and Laptop,Laptop cover/ Bag,,,Mobiles and Tablets,Mobile
Computers Peripherals,Mobile Computing,Entry-D,IT,Desktop and Laptop,Laptop,,,,Mobiles and Tablets,Mobile
Movies,DVD Hollywood,DH Music Videos,Electronics and Appliances,Home Appliances,Video or PC Game CD or DVD,,,,Mobiles and Tablets,Mobile
Movies,VCD Bollywood,VB Music Videos,Electronics and Appliances,Home Appliances,Video or PC Game CD or DVD,,,,Mobiles and Tablets,Mobile
Entertainment,DVD/VCD/Content,Streaming Devices,Electronics and Appliances,Others,,,,,Mobiles and Tablets,Mobile
Movies,DVD Bollywood,Movie DVD,Electronics and Appliances,Home Appliances,Video or PC Game CD or DVD,,,,Mobiles and Tablets,Mobile
Computers Peripherals,Printers & Office Solutions,Ink Bottles,IT,Printer,Accessories Printer,Ink,,,Mobiles and Tablets,Mobile
Computers Peripherals,Computer Consignments,Carry Bags Consignment,IT,Desktop and Laptop,Accessories Desktop and Laptop,Laptop cover/ Bag,,,Mobiles and Tablets,Mobile
Communication,Navigation Systems,Navigation Software CD's,Electronics and Appliances,Others,,,,,Mobiles and Tablets,Mobile
Movies,DVD Hollywood,DH Kids/Cartoon/Animation,Electronics and Appliances,Home Appliances,Video or PC Game CD or DVD,,,,Mobiles and Tablets,Mobile
Computers Peripherals,Computer Consignments,Desktops Consignment,IT,Desktop and Laptop,Desktop,Desktop CPU,,,Mobiles and Tablets,Mobile
Computers Peripherals,Software,Online Software,Others,,,,,,Mobiles and Tablets,Mobile
Music,CD International,CD Rock,Electronics and Appliances,Home Appliances,Video or PC Game CD or DVD,,,,Mobiles and Tablets,Mobile
Movies,VCD Regional,VR Telgu,Electronics and Appliances,Home Appliances,Video or PC Game CD or DVD,,,,Mobiles and Tablets,Mobile
Movies,DVD Television,DT English,Electronics and Appliances,Home Appliances,Video or PC Game CD or DVD,,,,Mobiles and Tablets,Mobile
Music,CD Devotional,CD North Indian,Electronics and Appliances,Home Appliances,Video or PC Game CD or DVD,,,,Mobiles and Tablets,Mobile
Communication,Phones Mobile Providers,GIFT Cards,Others,,,,,,Mobiles and Tablets,Mobile
Entertainment,DVD/VCD/Content,Content & Subscriptions,Others,,,,,,Mobiles and Tablets,Mobile
Miscellaneous,Free Gifts,Communications,Others,,,,,,Mobiles and Tablets,Mobile
Computers Peripherals,Books,Magazines,Others,Stationery,Books,,,,Mobiles and Tablets,Mobile
Computers Peripherals,Computer Bags,Sling/Messenger Bags,IT,Desktop and Laptop,Accessories Desktop and Laptop,Laptop cover/ Bag,,,Mobiles and Tablets,Mobile
Charge,Other Charges,Trade In,Others,,,,,,Mobiles and Tablets,Mobile
Charge,Other Charges,Trade In Mobile GST,Others,,,,,,Mobiles and Tablets,Mobile
Charge,Other Charges,Trade In New,Others,,,,,,Mobiles and Tablets,Mobile
Charge,Other Charges,Trade In Purchase,Others,,,,,,Mobiles and Tablets,Mobile
Entertainment,DVD/VCD/Content,ExWty- DVD / VCD,Electronics and Appliances,Home Appliances,DVD Player,,,,Mobiles and Tablets,Mobile
Miscellaneous,Free Gifts,Gift Cards,Others,,,,,,Mobiles and Tablets,Mobile
Miscellaneous,Free Gifts,Large Appliances,Others,,,,,,Mobiles and Tablets,Mobile
Miscellaneous,Free Gifts,Small Appliances,Others,,,,,,Mobiles and Tablets,Mobile
Miscellaneous,Free Gifts,Computers / Peripherals,Others,,,,,,Mobiles and Tablets,Mobile
Miscellaneous,Free Gifts,Imaging,Others,,,,,,Mobiles and Tablets,Mobile
Miscellaneous,Free Gifts,Entertainment,Others,,,,,,Mobiles and Tablets,Mobile
Miscellaneous,Free Gifts,Gaming,Others,,,,,,Mobiles and Tablets,Mobile
Miscellaneous,Free Gifts,Movies,Others,,,,,,Mobiles and Tablets,Mobile
Charge,Gift Card,Gift Card,Others,,,,,,Mobiles and Tablets,Mobile
Miscellaneous,Spares,Appliance Small,Electronics and Appliances,Home Appliances,Spares Home appliances,,,,Mobiles and Tablets,Mobile
Miscellaneous,Spares,Computers/Peripherals,IT,Desktop and Laptop,Spares and Parts Desktop and Laptop,Others,,,Mobiles and Tablets,Mobile
Miscellaneous,Spares,Entertainment,Electronics and Appliances,Home Appliances,Spares Home appliances,,,,Mobiles and Tablets,Mobile
Charge,Other Charges,Other Charges,Others,,,,,,Mobiles and Tablets,Mobile
Charge,Other Charges,Scrap Sales,Others,,,,,,Mobiles and Tablets,Mobile
Charge,ECharge,Idea Recharge,Others,,,,,,Mobiles and Tablets,Mobile
Charge,Simcard,Idea,Electronics and Appliances,Mobiles and Tablets,Accessories mobiles and Tablets,Others,,,Mobiles and Tablets,Mobile
Miscellaneous,Spares,Appliance Large,Electronics and Appliances,Home Appliances,Spares Home appliances,,,,Mobiles and Tablets,Mobile
Charge,Shop in Shop,Watches,Others,,,,,,Mobiles and Tablets,Mobile
Miscellaneous,Free Gifts,Music,Others,,,,,,Mobiles and Tablets,Mobile
Miscellaneous,Spares,Imaging,Electronics and Appliances,Home Appliances,Spares Home appliances,,,,Mobiles and Tablets,Mobile
Charge,Shop in Shop,Imaging,Others,,,,,,Mobiles and Tablets,Mobile
Charge,Shop in Shop,Repair & Services,Others,,,,,,Mobiles and Tablets,Mobile
Charge,Shop in Shop,Kitchen,Others,,,,,,Mobiles and Tablets,Mobile
Charge,Shop in Shop,Computers,Others,,,,,,Mobiles and Tablets,Mobile
Charge,Shop in Shop,Entertainment,Others,,,,,,Mobiles and Tablets,Mobile
Charge,ECharge,Airtel Echarge,Others,,,,,,Mobiles and Tablets,Mobile
Charge,ECharge,Vodafone Echarge,Others,,,,,,Mobiles and Tablets,Mobile
Charge,ECharge,Tata Indicom Echarge,Others,,,,,,Mobiles and Tablets,Mobile
Charge,ECharge,BPL Echarge,Others,,,,,,Mobiles and Tablets,Mobile
Charge,ECharge,Virgin Echarge,Others,,,,,,Mobiles and Tablets,Mobile
Charge,Simcard,Airtel,Electronics and Appliances,Mobiles and Tablets,Accessories mobiles and Tablets,Others,,,Mobiles and Tablets,Mobile
Charge,Simcard,Tata Indicom,Electronics and Appliances,Mobiles and Tablets,Accessories mobiles and Tablets,Others,,,Mobiles and Tablets,Mobile
Charge,Simcard,BPL,Electronics and Appliances,Mobiles and Tablets,Accessories mobiles and Tablets,Others,,,Mobiles and Tablets,Mobile
Charge,Simcard,Virgin,Electronics and Appliances,Mobiles and Tablets,Accessories mobiles and Tablets,Others,,,Mobiles and Tablets,Mobile
Charge,Shop in Shop,Appliances,Others,,,,,,Mobiles and Tablets,Mobile
Imaging,Imaging Accessories,Imaging Training Guides,Electronics and Appliances,Home Appliances,Accessories Home Appliances,,,,Mobiles and Tablets,Mobile
Charge,Shop in Shop,Entertainment_L,Others,,,,,,Mobiles and Tablets,Mobile
Miscellaneous,Spares,Communications,Electronics and Appliances,Mobiles and Tablets,Spares mobiles and Tablets,Others,,,Mobiles and Tablets,Mobile
Charge,Simcard,Vodafone,Electronics and Appliances,Mobiles and Tablets,Accessories mobiles and Tablets,Others,,,Mobiles and Tablets,Mobile
Charge,Simcard,Prepaid Simcards,Electronics and Appliances,Mobiles and Tablets,Accessories mobiles and Tablets,Others,,,Mobiles and Tablets,Mobile
Charge,ECharge,Aircel Echarge,Others,,,,,,Mobiles and Tablets,Mobile
Miscellaneous,Croma Bags Plastic & Paper,Croma Take away Bags,Others,Stationery,Others,,,,Mobiles and Tablets,Mobile
Entertainment,Dummy ENT LCD / LED / Plasma,Dummies LCD / LED / Plasma,Others,,,,,,Mobiles and Tablets,Mobile
Imaging,Dummy IMG Cameras / Camcorders,Dummy Cameras / Camcorders,Others,,,,,,Mobiles and Tablets,Mobile
Computers Peripherals,Dummy Laptop / Netbook / Tabs,Notebook -D,Others,,,,,,Mobiles and Tablets,Mobile
Miscellaneous,Dummy Units Misc,Misc Dummy units,Others,,,,,,Mobiles and Tablets,Mobile
Computers Peripherals,Computer Bags,Trolley Bags,IT,Desktop and Laptop,Accessories Desktop and Laptop,Laptop cover/ Bag,,,Mobiles and Tablets,Mobile
Computers Peripherals,Computer Consignments,Printers Multi Function Consig,IT,Printer,others,,,,Mobiles and Tablets,Mobile
Computers Peripherals,Computer Consignments,Disney Consignment,Others,,,,,,Mobiles and Tablets,Mobile
Communication,Phones Mobile Providers,Recharge Vouchers,Others,,,,,,Mobiles and Tablets,Mobile
Entertainment,Mounts & Stands,DVD Stands,Electronics and Appliances,Home Appliances,Accessories Home Appliances,,,,Mobiles and Tablets,Mobile
Miscellaneous,Free Gifts,Coupons / Vouchers,Others,,,,,,Mobiles and Tablets,Mobile
Communication,Phones Mobile Accessories,Antivirus & Softwares,Electronics and Appliances,Mobiles and Tablets,Accessories mobiles and Tablets,Others,,,Mobiles and Tablets,Mobile
Charge,GEEK Services,Geek Services,Others,,,,,,Mobiles and Tablets,Mobile
Computers Peripherals,Mobile Computing,Ultra Thin D,IT,Desktop and Laptop,Laptop,,,,Mobiles and Tablets,Mobile
Communication,Phones Mobile Accessories,Mounts & Enhancements,Electronics and Appliances,Mobiles and Tablets,Accessories mobiles and Tablets,Others,,,Mobiles and Tablets,Mobile
Charge,Onsite Service,Onsite Service,Others,,,,,,Mobiles and Tablets,Mobile
Music,CD Regional,CD Marathi,Electronics and Appliances,Home Appliances,Video or PC Game CD or DVD,,,,Mobiles and Tablets,Mobile
Movies,VCD Bollywood,VB New Hindi Film,Electronics and Appliances,Home Appliances,Video or PC Game CD or DVD,,,,Mobiles and Tablets,Mobile
Imaging,Digital Cameras,Basic Cameras D,Electronics and Appliances,Home Appliances,Digital Camera,,,,Mobiles and Tablets,Mobile
Imaging,Digital Cameras,Advanced Cameras D,Electronics and Appliances,Home Appliances,Digital Camera,,,,Mobiles and Tablets,Mobile
Imaging,Camcorders,Camcorders Flash Memory D,Electronics and Appliances,Home Appliances,Accessories Home Appliances,,,,Mobiles and Tablets,Mobile
Imaging,Digital Cameras,Prosumer Cameras D,Electronics and Appliances,Home Appliances,Digital Camera,,,,Mobiles and Tablets,Mobile
Charge,Simcard,Reliance,Electronics and Appliances,Mobiles and Tablets,Accessories mobiles and Tablets,Others,,,Mobiles and Tablets,Mobile
Large Appliances,Dummies,Dummies Refrigerators,Others,,,,,,Mobiles and Tablets,Mobile
Charge,Onsite Service,Accidental Damage Service,Others,,,,,,Mobiles and Tablets,Mobile
Computers Peripherals,Gaming Laptops,Entry Gaming Demo,IT,Desktop and Laptop,Laptop,,,,Mobiles and Tablets,Mobile
Charge,Simcard,Postpaid Simcards,Electronics and Appliances,Mobiles and Tablets,Accessories mobiles and Tablets,Others,,,Mobiles and Tablets,Mobile
Imaging,Travel Accessories,Travel Bags,Others,,,,,,Mobiles and Tablets,Mobile
Imaging,Travel Accessories,Travel Security,Others,,,,,,Mobiles and Tablets,Mobile
Computers Peripherals,Gaming Laptops,Mainstream Gaming Demo,IT,Desktop and Laptop,Others,,,,Mobiles and Tablets,Mobile
Charge,Other Charges,Ewaste 18,Others,,,,,,Mobiles and Tablets,Mobile
Charge,Other Charges,Ewaste 28,Others,,,,,,Mobiles and Tablets,Mobile
Charge,Other Charges,Ewaste 12,Others,,,,,,Mobiles and Tablets,Mobile
Gaming,Toys,Action Figures & Toys_L,Others,Kid's and Baby products,Toys,,,,Mobiles and Tablets,Mobile
Computers Peripherals,Gaming Consoles and Accessories,PC Games,IT,Desktop and Laptop,Others,,,,Mobiles and Tablets,Mobile
Computers Peripherals,Gaming Consoles and Accessories,Sony Play Station - 2 Games,IT,Desktop and Laptop,Others,,,,Mobiles and Tablets,Mobile
Computers Peripherals,Gaming Consoles and Accessories,Sony PSP Games,IT,Desktop and Laptop,Others,,,,Mobiles and Tablets,Mobile
Computers Peripherals,Gaming Consoles and Accessories,Sony Play Station - 3 Games,IT,Desktop and Laptop,Others,,,,Mobiles and Tablets,Mobile
Computers Peripherals,Gaming Consoles and Accessories,Handheld/Vedio Games,IT,Desktop and Laptop,Others,,,,Mobiles and Tablets,Mobile
Computers Peripherals,Gaming Consoles and Accessories,Nintendo Wii Games,IT,Desktop and Laptop,Others,,,,Mobiles and Tablets,Mobile
Computers Peripherals,Gaming Consoles and Accessories,Nintendo Wii,IT,Desktop and Laptop,Others,,,,Mobiles and Tablets,Mobile
Charge,Other Charges,Annual Subscription,Others,,,,,,Mobiles and Tablets,Mobile
Computers Peripherals,Mobile Computing,Gaming-D,IT,Desktop and Laptop,Laptop,,,,Mobiles and Tablets,Mobile
Computers Peripherals,Mobile Computing,Backpacks-Oem,IT,Desktop and Laptop,Accessories Desktop and Laptop,Laptop cover/ Bag,,,Mobiles and Tablets,Mobile
Computers Peripherals,Gaming Laptops,Gaming Backpacks,IT,Desktop and Laptop,Accessories Desktop and Laptop,Laptop cover/ Bag,,,Mobiles and Tablets,Mobile
Large Appliances,Dummies,Split AC,Electronics and Appliances,Large Appliances,Split AC,,,,Mobiles and Tablets,Mobile
Large Appliances,Televisions,Television,Electronics and Appliances,Large Appliances,Television,,,,Mobiles and Tablets,Mobile
Large Appliances,Televisions,LED TV,Electronics and Appliances,Large Appliances,LED TV,,,,Mobiles and Tablets,Mobile
Large Appliances,Refrigerators,Refrigerator,Electronics and Appliances,Large Appliances,Refrigerator,,,,Mobiles and Tablets,Mobile
Communication,Smart Phones,Smart Phone,Communication,Mobile Phone,Smart Phone,,,,Mobiles and Tablets,Mobile
Computers Peripherals,PC Accessories,HDMI Cable,Computers Peripherals,PC Accessories,HDMI Cable,,,,Mobiles and Tablets,Mobile
Electronics and Appliances,Large Appliances,Television,Electronics and Appliances,Home Appliances,Television,,,,Mobiles and Tablets,Mobile
Electronics and Appliances,Large Appliances,LED TV,Electronics and Appliances,Home Appliances,Television,,,,Mobiles and Tablets,Mobile
Electronics and Appliances,Large Appliances,Refrigerator,Electronics and Appliances,Kitchen appliances,Refrigerator,,,,Mobiles and Tablets,Mobile
Electronics and Appliances,Large Appliances,Split AC,Electronics and Appliances,Home Appliances,Air conditioner,Split AC,,,Mobiles and Tablets,Mobile
Communication,Mobile Phone,Smart Phone,Electronics and Appliances,Mobiles and Tablets,Mobile,,,,Mobiles and Tablets,Mobile
Computers Peripherals,PC Accessories,HDMI Cable,IT,Desktop and Laptop,Accessories Desktop and Laptop,Others,,,Mobiles and Tablets,Mobile
