Category L1,Category L2,Category L3
Large Appliances,Air Conditioners,AC Split
Large Appliances,Air Conditioners,AC Window
Large Appliances,Dummies,Dummies Split AC
Small Appliances,Health & Personal Care,Hair Care
Small Appliances,Air Purifier,Air Purifier Accessories
Small Appliances,Kitchen Appliances,Flourmill
Computers Peripherals,Desktops,PC Desktop - Entry
Communication,Smart Phones (OS Based),Android Phones
Communication,Phones Mobile Accessories,Scratchgard
Large Appliances,Dishwashers,Dishwashers
Small Appliances,Kitchen Appliances,Juicers/Choppers/Blenders
Small Appliances,Fans,Table / Pedestal Fans
Small Appliances,Fans,Tower Fans
Small Appliances,Fans,Ceiling Fans
Small Appliances,Cooling & Heating Appliances,Room Coolers
Small Appliances,Cooling & Heating Appliances,Room Heaters
Small Appliances,Cookware,Gas Stoves/Cooktops
Small Appliances,Cookware,Hobs
Small Appliances,Kitchen Appliances,Induction Cookers
Small Appliances,Cookware,Chimney
Small Appliances,Cookware,Cooking Range
Small Appliances,Health & Personal Care,Massagers
Small Appliances,Health & Personal Care,Well Being
Small Appliances,Health & Personal Care,Male Grooming & Shaving
Small Appliances,Kitchen Appliances,Coffee Makers
Small Appliances,Water Purifiers,Water Dispensers
Small Appliances,Kitchen Appliances,Food Preparation
Small Appliances,Home Appliances,Irons
Small Appliances,Kitchen Appliances,Kettles
Small Appliances,Kitchen Appliances,JMG/MG
Small Appliances,Kitchen Appliances,Kitchenware
Small Appliances,Health & Personal Care,Female Grooming & Depilation
Small Appliances,Kitchen Appliances,Toasters & Sandwich Makers
Small Appliances,Water Purifiers,Water Purifiers UV
Small Appliances,Tools,Kits & Accessories
Small Appliances,Home Appliances,Instant Geysers
Small Appliances,Home Appliances,Lighting
Large Appliances,Microwaves,Microwaves Solo
Large Appliances,Microwaves,Microwaves Accessories
Small Appliances,Ovens & Cookers,OTG Less Than 30L
Small Appliances,Ovens & Cookers,Cookers
Small Appliances,Ovens & Cookers,Snackmakers / Fryware
Computers Peripherals,PC Accessories,Adaptors/Cables
Computers Peripherals,PC Accessories,CMP SURGE PROTECTORS
Imaging,Travel Accessories,Travel Chargers
Computers Peripherals,PC Accessories,PC Add On
Small Appliances,Power,Invertors
Small Appliances,Power,Door Chimes
Small Appliances,Power,Stabilizer
Large Appliances,Refrigerators,Refrigerator Direct Cool <300L
Large Appliances,Refrigerators,Wine Cellar's
Large Appliances,Refrigerators,Refrigerator Frost Free <300L
Large Appliances,Refrigerators,Refrigerator Frost Free >300L
Large Appliances,Refrigerators,Refrigerator Side By Side
Small Appliances,Security,Security Accessories
Small Appliances,Security,CCTV Video Security
Small Appliances,Security,Fire Saftey
Small Appliances,Security,IP Range
Small Appliances,Security,Wired Security Systems
Small Appliances,Security,Wireless Security Systems
Small Appliances,Security,Smoke Detectors
Small Appliances,Security,Electronic Safes
Small Appliances,Security,Alarm Systems
Small Appliances,Tools,Cordless Tools
Small Appliances,Health & Personal Care,Baby Care
Small Appliances,Health & Personal Care,Dental Care
Small Appliances,Home Appliances,Small Vacuum Cleaners
Large Appliances,Washing Machines,WM Top Loaders
Large Appliances,Washing Machines,WM Semi Automatic
Large Appliances,Washing Machines,Washer Dryer Combi
Small Appliances,Dummies,Dummies Small Appliances
Large Appliances,Dryers,Dryers
Communication,Phones Mobile Accessories,Power bank/ Batteries
Communication,Phones Mobile Accessories,Mobile Covers/Cases
Communication,Phones Mobile Accessories,Cables & Connectors
Communication,Phones Mobile Accessories,Mobile Hands Free
Communication,Phones Mobile Accessories,Scratchgard_L
Communication,Phones Mobile,Multimedia Phones
Communication,Smart Phones (OS Based),Windows Phones
Communication,Smart Phones (OS Based),Blackberry Phones
Communication,Phones Mobile Accessories,Hands Free & Speakers
Music,CD Hindi,CD New Film Music
Music,CD International,CD Pop
Communication,Phones Mobile,Dual Sim Phones
Communication,Phones Mobile,Basic Phones
Communication,Smart Phones (OS Based),Symbian Phones
Communication,Phones Mobile,Mobiles CDMA - Non Premium
Communication,Navigation Systems,Navigation Systems
Communication,Phones Fixed,Phones Corded
Communication,Phones Fixed,Phones Cordless
Communication,Phones Fixed,Simcard enabled Fixed Phone
Communication,Phones Fixed,VoIP Router
Entertainment,Entertainment Accessories,Cables Audio Standard
Entertainment,Entertainment Accessories,Cables Video High End
Entertainment,Entertainment Accessories,Cables Video Mid Range
Entertainment,Entertainment Accessories,Cables Video Special
Entertainment,Entertainment Accessories,Cables Video Standard
Entertainment,Entertainment Accessories,TV Connectors
Entertainment,Entertainment Accessories,Adaptors - Audio / Video / RF
Entertainment,Entertainment Accessories,Optical Cables / Accessories
Entertainment,Entertainment Accessories,Cleaners
Entertainment,Entertainment Accessories,Remote Controls
Entertainment,Mounts & Stands,CTV Stands
Entertainment,Mounts & Stands,Speaker Stands
Entertainment,Mounts & Stands,LCD Stands
Entertainment,Home Theatre,Home Theatre - Low End
Entertainment,Home Theatre,Home Theatre - Low End_L
Entertainment,Home Theatre,Home Theatre - High End
Entertainment,Home Theatre,Sound Bars_L
Entertainment,Home Theatre,Sound Bars_H
Entertainment,Projectors,Projectors
Gaming,Toys,Activity Set & Learning Aid
Gaming,Toys,RC Cars & Vehicles
Gaming,Toys,Action Figures & Toys
Entertainment,Kits/Toys,Musical Instrument Toys
Entertainment,TV LCD,"LCD TFT 19-20"""
Entertainment,TV LCD,"LCD TFT 26"""
Entertainment,TV LCD,"LCD TFT 22"""
Entertainment,TV LCD,"LCD TFT 32"""
Entertainment,TV LCD,"LCD TFT 40-42"""
Entertainment,TV LCD,"LCD TFT 37"""
Entertainment,TV LCD,LCD Wall Mount Stand
Entertainment,MP3 Accessories,MP3 Cases
Entertainment,Portable BT Speakers/MP3 Players,Speakers - Bluetooth/Portable_L
Entertainment,Portable BT Speakers/MP3 Players,I-POD
Entertainment,Portable BT Speakers/MP3 Players,OTHER MP3 Players
Entertainment,MP3 Accessories,MP3 Accessories
Entertainment,Audio Systems,Personal Audio_H
Entertainment,Audio Systems,Portable Radio Cassette & CD
Entertainment,Audio Systems,Boombox with LCD TV
Entertainment,Home Theatre,High End Speakers & Amplifiers
Entertainment,Speakers,Multimedia Speakers_L
Entertainment,Speakers,Multimedia Speakers_H
Entertainment,TV CRT,CRT Conventional
Entertainment,TV CRT,"CRT Flat - 15"""
Entertainment,TV CRT,"CRT Flat - 21"""
Entertainment,TV CRT,"CRT Flat - 25"""
Entertainment,TV CRT,"CRT Flat - 29"""
Entertainment,TV Plasma,"Plasma 50"""
Entertainment,TV Plasma,"Plasma 42"""
Entertainment,TV Plasma,"Plasma 65"""
Entertainment,TV Plasma,Plasma Wall Mount Stand
Entertainment,Audio Systems,Micro HiFi Systems
Entertainment,Audio Systems,Mini HiFi Systems
Gaming,PC Gaming,PC Games
Gaming,Gaming Software,Sony Play Station - 2 Games
Gaming,Gaming Software,Sony PSP Games
Gaming,Gaming Software,Sony Play Station - 3 Games
Gaming,Gaming Software,Nintendo DS Lite Games
Gaming,Toys,Games & Puzzles
Gaming,Gaming Hardware,Handheld/Vedio Games
Gaming,Toys,Camera & Spy Gear
Imaging,Travel Accessories,Travel Comfort_L
Imaging,Imaging Accessories,Camcorder Accessories
Imaging,Imaging Accessories,Digital Camera Accessories
Imaging,Imaging Accessories,Camera Bags/Pouches
Imaging,Imaging Accessories,Memory Cards - IMG
Computers Peripherals,Networking,Networking AC Series
Computers Peripherals,Dummy Laptop / Netbook / Tabs,Tablet-D
Gaming,Gaming Hardware,Console Gaming Headphones
Computers Peripherals,Input Devices,Keyboards
Computers Peripherals,Input Devices,Mice
Computers Peripherals,Input Devices,Presenters
Computers Peripherals,Input Devices,Tablets
Computers Peripherals,Computer Bags,Backpacks
Computers Peripherals,Mobile Computing,Apple
Computers Peripherals,Mobile Computing,Computer Carry Bags
Computers Peripherals,Computer Bags,Sleeves/Cases
Computers Peripherals,Printers & Office Solutions,Ink Cartridges
Computers Peripherals,Printers & Office Solutions,Paper - Printer & Fax
Computers Peripherals,Printers & Office Solutions,Printers Inkjet
Computers Peripherals,Printers & Office Solutions,Printers Laser
Computers Peripherals,Printers & Office Solutions,Printers Multi Function
Computers Peripherals,Printers & Office Solutions,Shredders
Computers Peripherals,Tablets & Detachables,Tablets & Detachables - D
Computers Peripherals,Software,Software
Imaging,Imaging Accessories,Photo Paper
Imaging,Digital Cameras,Photo Printers
Computers Peripherals,Networking,Networking
Large Appliances,Microwaves,Microwaves Convection
Gaming,Gaming Hardware,X Box Hardware
Computers Peripherals,Computer Consignments,Notebook Consignment
Computers Peripherals,Mobile Computing,Entry Consignment
Computers Peripherals,Desktops,PC Desktop - Mainstream
Computers Peripherals,Desktops,PC Desktop - Premium
Imaging,DSLR Cameras,DSLR Mid Range-D
Gaming,Gaming Hardware,Sony Play Station Hardware
Gaming,Gaming Software,X Box Games
Computers Peripherals,Desktops,PC Desktop - iMACs
Communication,Calculators,PDA Accessories
Computers Peripherals,Mobile Computing,Apple - D
Large Appliances,Microwaves,Microwaves Grill
Entertainment,DVD/VCD/Content,DVD Players - 5.1 Channel
Entertainment,DVD/VCD/Content,DVD Recorders & VCR
Entertainment,DVD/VCD/Content,DVD In Car
Entertainment,Entertainment Accessories,Cables Audio High End
Entertainment,TV LCD,"LCD TFT 46-47"""
Entertainment,MP3 Accessories,Walkman Accessories
Computers Peripherals,Desktops,PC Monitors
Computers Peripherals,Networking,Networking Extender
Computers Peripherals,Storage Media,Harddisk
Large Appliances,Washing Machines,WM Front Loaders
Computers Peripherals,Storage Media,Memory - Flash Drives
Small Appliances,Home Appliances,Large Vacuum Cleaners
Communication,Calculators,Calculators
Communication,Phones Mobile,Demo Mobiles
Music,CD Hindi,CD Indi Pop
Music,CD Hindi,CD Old Film Music
Communication,Phones Mobile,Mobiles CDMA - Premium
Movies,DVD Bollywood,DB New Hindi Films
Movies,DVD Hollywood,DH Action & Adventure
Movies,DVD Hollywood,DH Thriller
Movies,DVD Hollywood,DH Drama
Movies,DVD Regional,DR Gujrathi
Entertainment,Earphones/Headphones,Audio Tapes Blank
Entertainment,Earphones/Headphones,Audio Carry Cases
Entertainment,DVD/VCD/Content,Mic & Karaoke
Entertainment,Earphones/Headphones,Headphones_D
Entertainment,Earphones/Headphones,Headphones Wireless
Entertainment,Earphones/Headphones,Earphones_D
Entertainment,Earphones/Headphones,Earphones
Imaging,Travel Accessories,Travel Batteries
Imaging,Travel Accessories,Travel Gear
Imaging,Travel Accessories,Rechargeable Batteries_L
Entertainment,DVD/VCD/Content,Set Top Boxes
Entertainment,TV LCD,LCD Accessories_H
Entertainment,TV LCD,LED Wall Mounting Accessories
Entertainment,TV LCD,"LCD TFT 52"" AND ABOVE"
Entertainment,TV LCD,"LED Panels 32"""
Entertainment,TV LCD,"LED Panels 40"""
Entertainment,TV LCD,"LED Panels 46"""
Entertainment,TV LCD,"LED Panels 55"""
Imaging,Digital Cameras,Advanced Cameras
Entertainment,DVD/VCD/Content,Blu Ray DVD Players
Gaming,Gaming Hardware,PS2 Accessories
Gaming,PC Gaming,PC GMG Keyboards Mice Headsets
Gaming,Gaming Hardware,XBox Accessories
Gaming,Gaming Hardware,Nintendo Wii Accessories
Gaming,Gaming Hardware,Sony Play Station - 3 Hardware
Gaming,Gaming Hardware,PS3 Accessories
Gaming,Gaming Hardware,PSP Accessories
Gaming,Gaming Software,Nintendo Wii Games
Imaging,Imaging Accessories,Digital Photo Frames
Imaging,Imaging Accessories,Binoculars
Imaging,Imaging Accessories,Lens - SLR Cameras
Imaging,Digital Cameras,Basic Cameras
Imaging,Digital Cameras,Prosumer Cameras
Imaging,Digital Cameras,DSLR Cameras
Imaging,DSLR Cameras,DSLR Mid Range
Imaging,DSLR Cameras,DSLR Entry Level-D
Imaging,Camcorders,Camcorders - HDD
Imaging,Camcorders,Camcorders - HD
Imaging,Camcorders,Camcorders - Flash Memory
Movies,VCD Bollywood,VB Old Hindi Film
Movies,VCD Hollywood,VH Kids/Cartoon/Animation
Movies,VCD Hollywood,VH Thriller
Movies,VCD Hollywood,VH Drama
Movies,VCD Regional,VR Kannada
Computers Peripherals,Desktops,PC Desktop - Net Top
Computers Peripherals,PC Accessories,Web Cams
Computers Peripherals,PC Accessories,PC Headsets
Computers Peripherals,PC Accessories,Laptop Kit
Computers Peripherals,Mobile Computing,Gaming-Laptops
Computers Peripherals,Dummy Laptop / Netbook / Tabs,Desktop-D
Computers Peripherals,PC Accessories,MAC Accessories
Computers Peripherals,Mobile Computing,2in1-D
Computers Peripherals,Mobile Computing,Premium-D
Computers Peripherals,Networking,USB data cards
Computers Peripherals,Networking,Networking N Series
Computers Peripherals,Monitors,"Monitors - TFT 19"""
Computers Peripherals,Tablets & Detachables,E-Reader
Computers Peripherals,Monitors,"Monitors - TFT 22"""
Computers Peripherals,Monitors,"Monitors - TFT 24"""
Computers Peripherals,Monitors,Monitors - Specials
Computers Peripherals,Software,License
Entertainment,Personal Assistant Speaker,Personal Assistant Speaker
Music,CD Classical,CD Thematic
Small Appliances,Ovens & Cookers,Barbecues
Entertainment,Speakers,DO NOT USE
Imaging,DSLR Cameras,Full Frame & Mirrorless-D
Entertainment,Earphones/Headphones,DO NOT USE
Imaging,Imaging Accessories,Camera Attachments
Large Appliances,Refrigerators,Refrigerator Deep Freezer
Small Appliances,Kitchen Appliances,Kitchen Sets & Accessories
Large Appliances,Air Conditioners,Portable Air Conditioners
Computers Peripherals,Desktops,PC Desktop-iMACs-D
Computers Peripherals,Desktops,PC CPU
Small Appliances,Security,Personal / Baby Monitors
Communication,Calculators,Electronic Reference
Communication,Phones Mobile Accessories,Phone Accessories
Entertainment,Earphones/Headphones,Headphone Accessories
Entertainment,DVD/VCD/Content,DVD Players - 2.1 Channel
Entertainment,Audio Systems,Portable Radio Cassette & CD_L
Entertainment,Audio Systems,Clock Radios
Imaging,DSLR Cameras,DSLR High End-D
Computers Peripherals,Mobile Computing,Mainstream-D
Computers Peripherals,Computer Bags,Backpacks-Oem
Computers Peripherals,Mobile Computing,Entry-D
Computers Peripherals,Monitors,Monitors - CRT
Small Appliances,Tools,Corded Tools
Entertainment,TV CRT,"CRT FLAT - 14"""
Communication,Phones Mobile Accessories,Apple Iphone Accessories
Entertainment,Audio Systems,Receivers / Amps
Communication,Smart Phones (OS Based),Android Phones D
Computers Peripherals,PC Accessories,PC Speakers
Computers Peripherals,Tablets & Detachables,Tablets - Premium
Computers Peripherals,Mobile Computing,Touch
Communication,Phones Mobile Accessories,Chargers & Adaptors
Large Appliances,Air Conditioners,Air Conditioner Accesories Kit
Movies,DVD Hollywood,DH Music Videos
Movies,VCD Bollywood,VB Music Videos
Entertainment,DVD/VCD/Content,Streaming Devices
Entertainment,Home Theatre,Home Theatre Blue Ray_L
Communication,Brand Free Mobiles,Brand Free Mobiles
Computers Peripherals,PC Accessories,Notebook Batteries
Imaging,Imaging Accessories,Camera Miscellaneous
Communication,Smart Phones (OS Based),I phones
Movies,DVD Bollywood,Movie DVD
Small Appliances,Cooling & Heating Appliances,Coolers & Warmers
Computers Peripherals,Printers & Office Solutions,Ink Bottles
Entertainment,TV LCD,"LED Panels 22"""
Entertainment,TV LCD,"LED Panels 26"""
Computers Peripherals,Tablets & Detachables,Detachable Accessories
Computers Peripherals,Computer Consignments,Carry Bags Consignment
Gaming,Gaming Hardware,Nintendo DS Lite
Communication,Phones Mobile Accessories,Memory Cards - COM
Imaging,Imaging Accessories,Camera Scratchguards
Small Appliances,Water Purifiers,Water Purifiers RO
Entertainment,Home Theatre,Home Theatre Blue Ray-High End_L
Communication,Navigation Systems,Navigation Software CD's
Gaming,Gaming Hardware,Nintendo Wii
Gaming,Gaming Software,X-Box Live
Movies,DVD Hollywood,DH Kids/Cartoon/Animation
Small Appliances,Fans,Exhaust Fan
Entertainment,Musical Instruments,Drums
Entertainment,Musical Instruments,Guitars
Computers Peripherals,Computer Consignments,Desktops Consignment
Computers Peripherals,Software,Online Software
Communication,Phones Mobile,Apple I-Phone
Small Appliances,Kitchen Appliances,Wet Grinders
Small Appliances,Home Appliances,Storage Geysers
Entertainment,Batteries,Batteries Carbon
Music,CD International,CD Rock
Imaging,Imaging Accessories,Tripods
Communication,Phones Fixed,Fixed Wireless Phones - FWP
Computers Peripherals,Printers & Office Solutions,Ink Tank Printers
Movies,VCD Regional,VR Telgu
Movies,DVD Television,DT English
Music,CD Devotional,CD North Indian
Communication,Phones Fixed,Walkie-Talkie
Communication,Phones Mobile Providers,GIFT Cards
Entertainment,DVD/VCD/Content,Content & Subscriptions
Entertainment,Audio Systems,Audio Subscriptions
Miscellaneous,Free Gifts,Communications
Computers Peripherals,Books,Magazines
Entertainment,Home Theatre,Home Theatre Blue Ray
Small Appliances,Water Purifiers,Water Purifiers Storage
Entertainment,TV LCD,"LCD TFT 24"""
Large Appliances,Refrigerators,Refrigerator Kits
Computers Peripherals,Computer Bags,Sling/Messenger Bags
Large Appliances,Refrigerators,Refrigerator Frost Free >400L
Large Appliances,Refrigerators,Refrigerator Consignment
Computers Peripherals,E-Readers,E-Readers
Entertainment,Entertainment Accessories,TV Accessories
Charge,Other Charges,Trade In
Charge,Other Charges,Trade In Mobile GST
Charge,Other Charges,Trade In New
Charge,Other Charges,Trade In Purchase
Large Appliances,Air Conditioners,ExWty- Air Conditioners
Large Appliances,Dishwashers,ExWty- Dishwashers
Small Appliances,Fans,ExWty- Fans
Small Appliances,Cookware,ExWty- Cookware
Small Appliances,Health & Personal Care,ExWty- Healthcare
Small Appliances,Kitchen Appliances,ExWty- Kitchen Appliances
Entertainment,Audio Systems,ExWty- DJ Speakers
Large Appliances,Microwaves,ExWty- Microwaves
Small Appliances,Ovens & Cookers,ExWty- Ovens
Large Appliances,Refrigerators,ExWty- Refrigerators
Small Appliances,Security,ExWty- Security
Small Appliances,Tools,ExWty- Tools
Small Appliances,Home Appliances,ExWty- Vacuums
Large Appliances,Washing Machines,ExWty- Washing Machines
Large Appliances,Dryers,ExWty- Dryers
Communication,Phones Mobile Accessories,ExWty- Mobile Phone Accsry
Communication,Smart Phones (OS Based),ExWty - Smart Phones
Entertainment,Personal Assistant Speaker,ExWty- Personal Assistant
Communication,Phones Mobile,ExWty - Basic Mobile Phones
Communication,Phones Fixed,ExWty- Phones Fixed
Entertainment,DVD/VCD/Content,ExWty- DVD / VCD
Entertainment,Home Theatre,ExWty- Home Theatre
Entertainment,Projectors,ExWty- Projectors
Entertainment,TV LCD,ExWty- TV LCD
Entertainment,Speakers,ExWty- Speakers
Computers Peripherals,Networking,ExWty- Router
Entertainment,Audio Systems,ExWty- Audio Systems
Gaming,Gaming Hardware,ExWty- Gaming Hardware
Imaging,Digital Cameras,ExWty- Digital Cameras
Computers Peripherals,PC Accessories,ExWty- PC accessories
Computers Peripherals,Desktops,ExWty- Desktops
Computers Peripherals,Peripherals,ExWty- Peripherals
Small Appliances,Power,ExWty- Stabilizer
Computers Peripherals,Mobile Computing,ExWty- Mobile Computing
Computers Peripherals,Printers & Office Solutions,ExWty- Printers & Office Soln
Miscellaneous,Free Gifts,Gift Cards
Miscellaneous,Free Gifts,Large Appliances
Miscellaneous,Free Gifts,Small Appliances
Miscellaneous,Free Gifts,Computers / Peripherals
Miscellaneous,Free Gifts,Imaging
Miscellaneous,Free Gifts,Entertainment
Miscellaneous,Free Gifts,Gaming
Miscellaneous,Free Gifts,Movies
Charge,Gift Card,Gift Card
Miscellaneous,Spares,Appliance Small
Miscellaneous,Spares,Computers/Peripherals
Miscellaneous,Spares,Entertainment
Charge,Other Charges,Other Charges
Charge,Other Charges,Scrap Sales
Charge,ECharge,Idea Recharge
Charge,Simcard,Idea
Miscellaneous,Spares,Appliance Large
Charge,Shop in Shop,Watches
Miscellaneous,Free Gifts,Music
Miscellaneous,Spares,Imaging
Charge,Shop in Shop,Imaging
Charge,Shop in Shop,Repair & Services
Charge,Shop in Shop,Kitchen
Charge,Shop in Shop,Computers
Charge,Shop in Shop,Entertainment
Charge,ECharge,Airtel Echarge
Charge,ECharge,Vodafone Echarge
Charge,ECharge,Tata Indicom Echarge
Charge,ECharge,BPL Echarge
Charge,ECharge,Virgin Echarge
Charge,Simcard,Airtel
Charge,Simcard,Tata Indicom
Charge,Simcard,BPL
Charge,Simcard,Virgin
Charge,Shop in Shop,Appliances
Small Appliances,Kitchen Appliances,Do not Use
Computers Peripherals,Storage Media,C&C Storage Media
Small Appliances,Kitchen Appliances,Waste Treatment
Communication,Phones Mobile Accessories,Mobile & PDA Attachment
Imaging,Imaging Accessories,Imaging Training Guides
Charge,Shop in Shop,Entertainment_L
Computers Peripherals,Tablets & Detachables,Tablets - Mid
Computers Peripherals,Tablets & Detachables,Tablets - Entry
Computers Peripherals,E-Readers,E-Reader-Accessories
Computers Peripherals,Storage Media,Network Harddisks
Miscellaneous,Spares,Communications
Communication,Smart Phones (OS Based),Other OS
Imaging,DSLR Cameras,DSLR High End
Imaging,DSLR Cameras,Full Frame & Mirrorless
Computers Peripherals,Tablets & Detachables,Tablet Accessories
Entertainment,Batteries,Batteries Rechargeable
Entertainment,TV LCD,LED Panels 24 INCH
Entertainment,Batteries,Batteries Alkaline
Entertainment,Batteries,Battery Chargers / Accessories
Communication,Smart Phones (OS Based),Demo Mobile Phone
Imaging,DSLR Cameras,DSLR Entry Level
Charge,Simcard,Vodafone
Large Appliances,Washing Machines,Washing Machine Consignment
Charge,Simcard,Prepaid Simcards
Charge,ECharge,Aircel Echarge
Entertainment,Portable BT Speakers/MP3 Players,Speakers - Bluetooth/Portable_H
Large Appliances,Washing Machines,Washing Machine Kits
Entertainment,Earphones/Headphones,Premium Headphone
Miscellaneous,Croma Bags Plastic & Paper,Croma Take away Bags
Imaging,Travel Accessories,Travel Comfort
Imaging,Digital Cameras,PL Cameras
Entertainment,Dummy ENT LCD / LED / Plasma,Dummies LCD / LED / Plasma
Imaging,Dummy IMG Cameras / Camcorders,Dummy Cameras / Camcorders
Computers Peripherals,Dummy Laptop / Netbook / Tabs,Notebook -D
Gaming,Dummy Gaming Hardware,Gaming Accessories
Miscellaneous,Dummy Units Misc,Misc Dummy units
Computers Peripherals,Computer Bags,Trolley Bags
Large Appliances,Dummies,Dummies Washing Machines
Computers Peripherals,Computer Consignments,Printers Multi Function Consig
Entertainment,Batteries,Torches
Large Appliances,Dryers,Dryer Consignment
Large Appliances,Dishwashers,Dishwasher Consignment
Entertainment,Home Theatre,Home Theatre Blue Ray-High End
Computers Peripherals,Computer Consignments,Disney Consignment
Large Appliances,Air Conditioners,Stabilizer
Communication,Phones Mobile Providers,Recharge Vouchers
Computers Peripherals,Mobile Computing,Entry Level Laptops
Computers Peripherals,Mobile Computing,Premium
Computers Peripherals,Mobile Computing,Mainstream Consignment
Computers Peripherals,Mobile Computing,Ultra Thin Consignment
Small Appliances,Home Appliances,Robotic Vacuum Cleaners
Computers Peripherals,Mobile Computing,Premium Consignment
Computers Peripherals,Tablets & Detachables,Tablet Freebies
Entertainment,Mounts & Stands,DVD Stands
Computers Peripherals,Tablets & Detachables,E-Reader Accessories
Computers Peripherals,Mobile Computing,Gaming Consignment
Computers Peripherals,Mobile Computing,Ultra Thin
Small Appliances,Ovens & Cookers,OTG More Than 30L
Miscellaneous,Free Gifts,Coupons / Vouchers
Communication,Phones Mobile Accessories,Antivirus & Softwares
Communication,Phones Mobile,Dual Sim Phones D
Large Appliances,Air Conditioners,Tower AC
Large Appliances,Air Conditioners,Invertor AC
Large Appliances,Air Conditioners,Cassette AC
Entertainment,TV LCD,"LED Panels 65""+"
Small Appliances,Cookware,Cookware Accessories
Computers Peripherals,Mobile Computing,2-in-1
Charge,GEEK Services,Geek Services
Computers Peripherals,Mobile Computing,Ultra Thin D
Communication,Phones Mobile Accessories,Mounts & Enhancements
Computers Peripherals,Tablets & Detachables,Detachables
Communication,Phones Mobile Accessories,Powerbank_L
Charge,Onsite Service,Onsite Service
Computers Peripherals,Mobile Computing,Mainstream
Computers Peripherals,Mobile Computing,2 in 1 Consignment
Computers Peripherals,Desktops,Dell Desktop SNS
Entertainment,Earphones/Headphones,Headphones
Communication,Smart Phones (OS Based),Other OS D
Entertainment,Earphones/Headphones,Premium Earphone
Small Appliances,Water Purifiers RO,Water Purifiers RO
Large Appliances,Refrigerators,Refrigerator Frost Free more than 300L
Large Appliances,Refrigerators,Refrigerator Frost Free less than 300L
Small Appliances,Cookware,Built in_L
Small Appliances,Health & Personal Care,Massagers & Electrotherapy Devices
Computers Peripherals,PC Accessories,Adaptors/Cables/Hubs
Large Appliances,Refrigerators,Refrigerator Direct Cool less than 300L
Entertainment,Projectors,Portable
Computers Peripherals,Gaming Laptops,Entry Gaming
Computers Peripherals,Monitors,"Monitors - 22"""
Computers Peripherals,Monitors,"Monitors - 24"""
Computers Peripherals,Monitors,Gaming Monitors
Computers Peripherals,Monitors,"Monitors - 27"" & Above"
Computers Peripherals,Tablets & Detachables,iPad Accessories
Large Appliances,Refrigerators,Refrigerator Frost Free more than 400L
Large Appliances,Washing Machines,Washing Machine Accessories
Computers Peripherals,Gaming Laptops,Mainstream Gaming
Computers Peripherals,Gaming Laptops,Pro Gaming
,,
Music,CD Regional,CD Marathi
Movies,VCD Bollywood,VB New Hindi Film
Entertainment,Kits/Toys,Remote Control Cars
Communication,Smart Phones (OS Based),Windows Phone - D
Communication,Lifestyle & Wearables,Smartwatch
Computers Peripherals,Mobile Computing,ACER -NOTEBOOKS-CONS
Communication,Smart Phones (OS Based),I phones D
Communication,Smart Phones (OS Based),Ins - Smart Phones
Computers Peripherals,Networking,MIFI-WIFI PORTABLE ROUTERS
Small Appliances,Cookware,Built in_H
Imaging,Digital Cameras,Basic Cameras D
Imaging,Digital Cameras,Advanced Cameras D
Gaming,Gaming Hardware,Sony Play Station - 4 Hardware
Gaming,Gaming Software,Sony Play Station - 4 Games
Gaming,Gaming Hardware,PS4 Accessories
Computers Peripherals,Tablets & Detachables,ExWty-Tablets
Computers Peripherals,Tablets & Detachables,DELL-TABS-CONS
Entertainment,Audio Systems,DJ MACHINE_H
Imaging,Camcorders,Camcorders Flash Memory D
Computers Peripherals,PC Accessories,DELL-ATTACHMENTS-CONS
Imaging,Digital Cameras,Prosumer Cameras D
Computers Peripherals,Storage Media,Cloud Storage
Communication,Lifestyle & Wearables,Lifestyle
Communication,Lifestyle & Wearables,Fitness Bands
Communication,Lifestyle & Wearables,Fitness Bands - D
Communication,Phones Mobile,Basic Phones D
Charge,Simcard,Reliance
Imaging,Digital Cameras,Digicam Educational Kit
Communication,Smart Phones (OS Based),Phablets D
Communication,Smart Phones (OS Based),Phablets
Large Appliances,Dummies,Dummies Refrigerators
Computers Peripherals,PC Accessories,ACER-ATTACHMENTS
Charge,Onsite Service,Accidental Damage Service
Charge,Freight,Freight
Entertainment,MP3 Accessories,MP3 Accessories_L
Communication,Smart Phones (OS Based),Blackberry Phones D
Entertainment,Audio Systems,DJ MACHINE_L
Entertainment,Entertainment Accessories,Cleaners_L
Small Appliances,Air Purifier,Room Air Purifier
Computers Peripherals,Gaming Laptops,Entry Gaming Demo
Communication,Lifestyle & Wearables,Smartwatch - D
Charge,TV Services,TV Services
Communication,Phones Mobile Accessories,Memory Cards - COM Premium
Entertainment,Entertainment Accessories,Adaptors - Audio / Video / RF_L
Computers Peripherals,Mobile Computing,Extended Warranty Mobile Computing
Entertainment,Earphones/Headphones,Demo Earphones/Headphones
Charge,Simcard,Postpaid Simcards
Imaging,DSLR Cameras,ExWty- DSLR Cameras
Communication,Lifestyle & Wearables,Mobile Projectors
Small Appliances,Connected Homes & Housewares,Smart Lighting
Small Appliances,Water Purifiers,ExWty-Water Purifiers
Small Appliances,Home Appliances,ExWty - Home Appliances
Small Appliances,Cooling & Heating Appliances,ExWty- Cooling & Heating Appliances
Imaging,Digital Cameras,Ins - Digital Cameras
Small Appliances,Air Purifier,Portable Air Purifier
Small Appliances,Health & Personal Care,Weighing Scales
Communication,Lifestyle & Wearables,Virtual Reality
Communication,Phone Brand Attachments,Brand Chargers
Communication,Phone Brand Attachments,Brand Headsets
Communication,Lifestyle & Wearables,Lifestyle - Premium
Small Appliances,Air Purifier,Car Air Purifier
Computers Peripherals,Desktops,PC Desktop - Gaming
Communication,Lifestyle & Wearables,Wearables Accessories
Imaging,Travel Accessories,Travel Eye masks
Imaging,Travel Accessories,Travel Bags
Imaging,Travel Accessories,Travel Security
Imaging,Travel Accessories,Travel Locks
Small Appliances,Connected Homes & Housewares,Smart Securities & Door Locks
Small Appliances,Connected Homes & Housewares,Security Camera & Surveillance
Small Appliances,Health & Personal Care,Skincare - Male
Imaging,Digital Cameras,Action & Sports Cam
Imaging,Imaging Accessories,Action & Sports Cam Accessories
Small Appliances,Connected Homes & Housewares,Home Automation Systems
Small Appliances,Connected Homes & Housewares,Smart Appliance Controls
Imaging,Digital Cameras,360 Degree Cameras
Computers Peripherals,Tablets & Detachables,Ins - Tablets
Computers Peripherals,Mobile Computing,Ins - Mobile Computing
Entertainment,Audio Systems,Personal Audio_L
Charge,Installation Charges,Split A/c Installation charge
Small Appliances,Air Purifier,ExWty- Air Purifiers
Gaming,Gaming Software,Sony Play Station - 4 Games consign
Communication,Phones Mobile Accessories,Cables & Connectors_H
Entertainment,TV LCD,LCD Accessories_L
Entertainment,Portable BT Speakers/MP3 Players,ExWty- Speakers - Bluetooth/Portable
Small Appliances,Connected Homes & Housewares,Accessories
Small Appliances,Connected Homes & Housewares,Security Camera & Surveillance_L
Charge,Kochar Service,Out of warranty service - Without Spares
Computers Peripherals,Desktops,DELL-DESKTOP-CONS
Large Appliances,Washing Machines,Washing Machine Kits _ L
Large Appliances,Refrigerators,Ice Maker
Small Appliances,Connected Homes & Housewares,Home Alarms & Sensors
Small Appliances,Consumables,Kitchen & Personal Accessories
Small Appliances,Consumables,Kitchen & Personal Accessories _L
Entertainment,Personal Assistant Speaker,Personal Assistant Speaker Standee
Communication,Lifestyle & Wearables,ExWty- Smart watches
Entertainment,Earphones/Headphones,ExWty- Headphones/Earphones
Imaging,Imaging Accessories,Imaging Accessories_L
Computers Peripherals,Gaming Laptops,Mainstream Gaming Demo
Entertainment,TV LCD,"LED Panels 28"""
Small Appliances,Power,Power Board / Double adaptors
Computers Peripherals,PC Accessories,UPS
Small Appliances,Kitchen Appliances,Kitchen Sets & Accessories_L
Computers Peripherals,Gaming Laptops,Pro Gaming Demo
Gaming,Gaming Software,Playstation Plus
Large Appliances,Washing Machines,Washing Machine Kits _ L2
Small Appliances,Home Appliances,Accessories_L
Computers Peripherals,Refurbished-PC,PC
Small Appliances,Health & Personal Care,Smart Health Devices
Small Appliances,Home Appliances,Led Light
Small Appliances,Fans,Humidifiers & Dehumidifiers
Computers Peripherals,Storage Media,SSD Drive
Small Appliances,Power,Uninterruptable Power Supply
Communication,Refurbished Phones,REFB MOBILES
Entertainment,Speakers,Speakers - Bluetooth/Portable
Small Appliances,Health & Personal Care,Baby Care_L
Gaming,Toys,E-Wheelers
Charge,TV Services,Appliance Service
Small Appliances,Health & Personal Care,Fitness Machines
Small Appliances,Cooling & Heating Appliances,Bed Warmer_L
Small Appliances,Cooling & Heating Appliances,Bed Warmer_H
Small Appliances,Health & Personal Care,Smart Health Devices_H
Entertainment,TV LCD,Smart Screen
Charge,Other Charges,Ewaste 18
Charge,Other Charges,Ewaste 28
Charge,Other Charges,Ewaste 12
Communication,Lifestyle & Wearables,Virtual Reality_L
Charge,Installation Charges,Handling Charges
Small Appliances,Home Appliances,Solar Water Heater
Gaming,Toys,Action Figures & Toys_L
Small Appliances,Kitchen Appliances,Vegetable Cleaners/Purifiers
Communication,Smart Phones (OS Based),SP- Smart Phones
Computers Peripherals,Tablets & Detachables,SP- Tablets
Computers Peripherals,Mobile Computing,SP - Mobile Computing
Computers Peripherals,Desktops,SP- Desktop
Charge,Kochar Service,Out of warranty service - With Spares
Entertainment,TV LCD,SP - Television
Computers Peripherals,Gaming Laptops,ExWty- Gaming Laptops
Large Appliances,Dishwashers,"Dishwasher Detergent , Cleaner & Holders"
Small Appliances,Pet Care,Pet Grooming
Small Appliances,Health & Personal Care,Face Masks
Large Appliances,Dishwashers,Dishwasher Salt & Tablets
Computers Peripherals,PC Accessories,Projectors
Computers Peripherals,Networking,Switches and Splitters
Computers Peripherals,Printers & Office Solutions,3D Accessories
Small Appliances,Home Appliances,Sewing Machine
Computers Peripherals,Printers & Office Solutions,Printers 3D
Communication,Smart Phones (OS Based),Mass Premium Phones
Large Appliances,Dummies,Split AC
Large Appliances,Televisions,Television
Large Appliances,Televisions,LED TV
Large Appliances,Refrigerators,Refrigerator
Communication,Smart Phones,Smart Phone
Computers Peripherals,PC Accessories,HDMI Cable
Communication,Mobile Phone,Smart Phone
Electronics and Appliances,Large Appliances,Refrigerator
Electronics and Appliances,Large Appliances,Television
Electronics and Appliances,Large Appliances,LED TV
Electronics and Appliances,Large Appliances,Split AC 

