Category L1,Category L2,Category L3,Grade Precedence,Grade,Item Condition,Functional,Physical Condition,Packaging Condition,Accessories
Large Appliances,Air Conditioners,AC Split,4,A,NA,NA,NA,Seal Packed/Packaging Yes,NA
Large Appliances,Air Conditioners,AC Window,3,B,NA/Un-used,NA,NA/No Damage/No Dent/No Scratches/No Screen Damage/No Screen Scratches/No Body Damage/No Body Scratches,Seal Packed/Packaging Yes/Open Good/Open Damage/Packaging No,NA/Yes
Large Appliances,Dishwashers,Dishwashers,2,C,NA/Un-used,NA,NA/No Damage/No Dent/No Scratches/No Body Damage/No Body Scratches/Minor Damage/Side Minor Damage/Top Minor Damage/Back Minor Damage/Minor Body Damage/Minor Body Scratches/Minor Dent/Front Minor Dent /Side Minor Dent/Back Minor Dent/Top Minor Dent/Minor Scratches/Front Minor Scratches /Side Minor Scratches/Back Minor Scratches/Top Minor Scratches/Major Scratches/Back Major Scratches/Top Major Scratches/No Screen Damage/No Screen Scratches,Seal Packed/Packaging Yes/Open Good/Open Damage/Packaging No,NA/Yes/No
Large Appliances,Refrigerators,Refrigerator Direct Cool less than 300L,1,D,NA/Un-used/Used,NA,NA/No Damage/No Dent/No Scratches/No Body Damage/No Body Scratches/Minor Damage/Front Minor Damage/Side Minor Damage/Top Minor Damage/Back Minor Damage/Minor Body Damage/Minor Dent/Front Minor Dent /Side Minor Dent/Back Minor Dent/Top Minor Dent/Minor Scratches/Front Minor Scratches /Side Minor Scratches/Back Minor Scratches/Top Minor Scratches/Minor Body Scratches/Major Scratches/Back Major Scratches/Top Major Scratches/Major Dent/Front Major Dent /Side Major Dent/Back Major Dent/Top Major Dent/Front Major Scratches /Side Major Scratches/No Screen Damage/No Screen Scratches/Minor Screen Scratches,Seal Packed/Packaging Yes/Open Good/Open Damage/Packaging No,NA/Yes/No
Large Appliances,Refrigerators,Wine Cellar's,0,E,NA/Un-used/Used,NA,NA/No Damage/No Dent/No Scratches/No Body Damage/No Body Scratches/Minor Damage/Front Minor Damage/Side Minor Damage/Top Minor Damage/Back Minor Damage/Minor Body Damage/Minor Dent/Front Minor Dent /Side Minor Dent/Back Minor Dent/Top Minor Dent/Minor Scratches/Front Minor Scratches /Side Minor Scratches/Back Minor Scratches/Top Minor Scratches/Minor Body Scratches/Major Scratches/Back Major Scratches/Top Major Scratches/Major Dent/Front Major Dent /Side Major Dent/Back Major Dent/Top Major Dent/Front Major Scratches /Side Major Scratches/Major Damage/Front Major Damage/Side Major Damage/Top Major Damage/Back Major Damage/No Screen Damage/No Screen Scratches/Minor Screen Damage/Minor Screen Scratches/Major Screen Damage/Major Screen Scratches/Major Body Damage/Major Body Scratches,Seal Packed/Packaging Yes/Open Good/Open Damage/Packaging No,NA/Yes/No
Large Appliances,Refrigerators,Refrigerator Frost Free less than 300L,,,,,,,
Large Appliances,Refrigerators,Refrigerator Frost Free more than 300L,,,,,,,
Large Appliances,Refrigerators,Refrigerator Side By Side,,,,,,,
Large Appliances,Washing Machines,WM Top Loaders,,,,,,,
Large Appliances,Washing Machines,WM Semi Automatic,,,,,,,
Large Appliances,Washing Machines,Washer Dryer Combi,,,,,,,
Large Appliances,Dryers,Dryers,,,,,,,
Large Appliances,Washing Machines,WM Front Loaders,,,,,,,
Large Appliances,Refrigerators,Refrigerator Deep Freezer,,,,,,,
Large Appliances,Air Conditioners,Portable Air Conditioners,,,,,,,
Large Appliances,Air Conditioners,Air Conditioner Accesories Kit,,,,,,,
Large Appliances,Refrigerators,Refrigerator Kits,,,,,,,
Large Appliances,Refrigerators,Refrigerator Frost Free more than 400L,,,,,,,
Large Appliances,Refrigerators,Refrigerator Consignment,,,,,,,
Large Appliances,Air Conditioners,ExWty- Air Conditioners,,,,,,,
Large Appliances,Dishwashers,ExWty- Dishwashers,,,,,,,
Large Appliances,Refrigerators,ExWty- Refrigerators,,,,,,,
Large Appliances,Washing Machines,ExWty- Washing Machines,,,,,,,
Large Appliances,Dryers,ExWty- Dryers,,,,,,,
Large Appliances,Washing Machines,Washing Machine Consignment,,,,,,,
Large Appliances,Washing Machines,Washing Machine Kits,,,,,,,
Large Appliances,Dryers,Dryer Consignment,,,,,,,
Large Appliances,Dishwashers,Dishwasher Consignment,,,,,,,
Large Appliances,Air Conditioners,Stabilizer,,,,,,,
Large Appliances,Air Conditioners,Tower AC,,,,,,,
Large Appliances,Air Conditioners,Invertor AC,,,,,,,
Large Appliances,Air Conditioners,Cassette AC,,,,,,,
Large Appliances,Washing Machines,WM Front Loaders,,,,,,,
Large Appliances,Refrigerators,Refrigerator Side By Side,,,,,,,
Large Appliances,Refrigerators,Refrigerator Frost Free more than 300L,,,,,,,
Large Appliances,Refrigerators,Refrigerator Frost Free less than 300L,,,,,,,
Large Appliances,Washing Machines,WM Top Loaders,,,,,,,
Large Appliances,Refrigerators,Refrigerator Frost Free more than 300L,,,,,,,
Large Appliances,Refrigerators,Refrigerator Frost Free more than 300L,,,,,,,
Large Appliances,Washing Machines,WM Front Loaders,,,,,,,
Large Appliances,Air Conditioners,AC Window,,,,,,,
Large Appliances,Dishwashers,Dishwashers,,,,,,,
Large Appliances,Refrigerators,Refrigerator Direct Cool less than 300L,,,,,,,
Large Appliances,Refrigerators,Wine Cellar's,,,,,,,
Large Appliances,Refrigerators,Refrigerator Frost Free less than 300L,,,,,,,
Large Appliances,Refrigerators,Refrigerator Frost Free more than 300L,,,,,,,
Large Appliances,Refrigerators,Refrigerator Side By Side,,,,,,,
Large Appliances,Washing Machines,WM Top Loaders,,,,,,,
Large Appliances,Washing Machines,WM Semi Automatic,,,,,,,
Large Appliances,Washing Machines,Washer Dryer Combi,,,,,,,
Large Appliances,Dryers,Dryers,,,,,,,
Large Appliances,Air Conditioners,AC Split,,,,,,,
Large Appliances,Washing Machines,WM Front Loaders,,,,,,,
Large Appliances,Refrigerators,Refrigerator Deep Freezer,,,,,,,
Large Appliances,Air Conditioners,Portable Air Conditioners,,,,,,,
Large Appliances,Air Conditioners,Air Conditioner Accesories Kit,,,,,,,
Large Appliances,Refrigerators,Refrigerator Kits,,,,,,,
Large Appliances,Refrigerators,Refrigerator Frost Free more than 400L,,,,,,,
Large Appliances,Refrigerators,Refrigerator Consignment,,,,,,,
Large Appliances,Air Conditioners,ExWty- Air Conditioners,,,,,,,
Large Appliances,Dishwashers,ExWty- Dishwashers,,,,,,,
Large Appliances,Refrigerators,ExWty- Refrigerators,,,,,,,
Large Appliances,Washing Machines,ExWty- Washing Machines,,,,,,,
Large Appliances,Dryers,ExWty- Dryers,,,,,,,
Large Appliances,Washing Machines,Washing Machine Consignment,,,,,,,
Large Appliances,Washing Machines,Washing Machine Accessories,,,,,,,
Large Appliances,Dryers,Dryer Consignment,,,,,,,
Large Appliances,Dishwashers,Dishwasher Consignment,,,,,,,
Large Appliances,Air Conditioners,Stabilizer,,,,,,,
Large Appliances,Air Conditioners,Tower AC,,,,,,,
Large Appliances,Air Conditioners,Invertor AC,,,,,,,
Large Appliances,Air Conditioners,Cassette AC,,,,,,,
Large Appliances,Washing Machines,Washing Machine Kits _ L,,,,,,,
Large Appliances,Refrigerators,Ice Maker,,,,,,,
Large Appliances,Washing Machines,Washing Machine Kits _ L2,,,,,,,
Large Appliances,Dishwashers,"Dishwasher Detergent , Cleaner & Holders",,,,,,,
Large Appliances,Dishwashers,Dishwasher Salt & Tablets,,,,,,,
Small Appliances,Home Appliances,Irons,,,,,,,
Small Appliances,Home Appliances,Instant Geysers,,,,,,,
Small Appliances,Home Appliances,Lighting,,,,,,,
Small Appliances,Home Appliances,Small Vacuum Cleaners,,,,,,,
Small Appliances,Home Appliances,Large Vacuum Cleaners,,,,,,,
Small Appliances,Home Appliances,Storage Geysers,,,,,,,
Small Appliances,Home Appliances,ExWty- Vacuums,,,,,,,
Small Appliances,Home Appliances,Robotic Vacuum Cleaners,,,,,,,
Small Appliances,Home Appliances,Irons,,,,,,,
Small Appliances,Home Appliances,Irons,,,,,,,
Small Appliances,Home Appliances,Instant Geysers,,,,,,,
Small Appliances,Home Appliances,Lighting,,,,,,,
Small Appliances,Home Appliances,Small Vacuum Cleaners,,,,,,,
Small Appliances,Home Appliances,Large Vacuum Cleaners,,,,,,,
Small Appliances,Home Appliances,Storage Geysers,,,,,,,
Small Appliances,Home Appliances,ExWty- Vacuums,,,,,,,
Small Appliances,Home Appliances,Robotic Vacuum Cleaners,,,,,,,
Small Appliances,Home Appliances,ExWty - Home Appliances,,,,,,,
Small Appliances,Home Appliances,Accessories_L,,,,,,,
Small Appliances,Home Appliances,Led Light,,,,,,,
Small Appliances,Home Appliances,Solar Water Heater,,,,,,,
Small Appliances,Home Appliances,Sewing Machine,,,,,,,
Large Appliances,Washing Machines,Washing Machine Detergent & Cleaners,,,,,,,
,,,End,,,,,,
Computers Peripherals,Desktops,PC Desktop - Entry,4,A,NA,NA,NA,Seal Pack/Packaging Yes,NA
Communication,Smart Phones (OS Based),Android Phones,3,B,NA/Un-used,NA,NA/No Damage/No Dent/No Scratches/No Screen Damage/No Screen Scratches/No Body Damage/No Body Scratches,Seal Pack/Packaging Yes/Open Good/Open Damage/Packaging No,NA/Yes
Communication,Phones Mobile,Multimedia Phones,2,C,NA/Un-used,NA,NA/No Damage/No Dent/No Scratches/No Body Damage/No Body Scratches/Minor Damage/Side Minor Damage/Top Minor Damage/Back Minor Damage/Minor Body Damage/Minor Body Scratches/Minor Dent/Front Minor Dent /Side Minor Dent/Back Minor Dent/Top Minor Dent/Minor Scratches/Front Minor Scratches /Side Minor Scratches/Back Minor Scratches/Top Minor Scratches/Major Scratches/Back Major Scratches/Top Major Scratches/No Screen Damage/No Screen Scratches,Seal Pack/Packaging Yes/Open Good/Open Damage/Packaging No,NA/Yes/No
Communication,Smart Phones (OS Based),Windows Phones,1,D,NA/Un-used/Used,NA,NA/No Damage/No Dent/No Scratches/No Body Damage/No Body Scratches/Minor Damage/Front Minor Damage/Side Minor Damage/Top Minor Damage/Back Minor Damage/Minor Body Damage/Minor Dent/Front Minor Dent /Side Minor Dent/Back Minor Dent/Top Minor Dent/Minor Scratches/Front Minor Scratches /Side Minor Scratches/Back Minor Scratches/Top Minor Scratches/Minor Body Scratches/Major Scratches/Back Major Scratches/Top Major Scratches/Major Dent/Front Major Dent /Side Major Dent/Back Major Dent/Top Major Dent/Front Major Scratches /Side Major Scratches/No Screen Damage/No Screen Scratches/Minor Screen Scratches,Seal Pack/Packaging Yes/Open Good/Open Damage/Packaging No,NA/Yes/No
Communication,Smart Phones (OS Based),Blackberry Phones,0,E,NA/Un-used/Used,NA,NA/No Damage/No Dent/No Scratches/No Body Damage/No Body Scratches/Minor Damage/Front Minor Damage/Side Minor Damage/Top Minor Damage/Back Minor Damage/Minor Body Damage/Minor Dent/Front Minor Dent /Side Minor Dent/Back Minor Dent/Top Minor Dent/Minor Scratches/Front Minor Scratches /Side Minor Scratches/Back Minor Scratches/Top Minor Scratches/Minor Body Scratches/Major Scratches/Back Major Scratches/Top Major Scratches/Major Dent/Front Major Dent /Side Major Dent/Back Major Dent/Top Major Dent/Front Major Scratches /Side Major Scratches/Major Damage/Front Major Damage/Side Major Damage/Top Major Damage/Back Major Damage/No Screen Damage/No Screen Scratches/Minor Screen Damage/Minor Screen Scratches/Major Screen Damage/Major Screen Scratches/Major Body Damage/Major Body Scratches,Seal Pack/Packaging Yes/Open Good/Open Damage/Packaging No,NA/Yes/No
Communication,Phones Mobile,Dual Sim Phones,,,,,,,
Communication,Phones Mobile,Basic Phones,,,,,,,
Communication,Smart Phones (OS Based),Symbian Phones,,,,,,,
Communication,Smart Phones (OS Based),Mass Premium Phones,,,,,,,
Communication,Phones Mobile,Mobiles CDMA - Non Premium,,,,,,,
Entertainment,TV LCD,"LCD TFT 19-20""",,,,,,,
Entertainment,TV LCD,"LCD TFT 26""",,,,,,,
Entertainment,TV LCD,"LCD TFT 22""",,,,,,,
Entertainment,TV LCD,"LCD TFT 32""",,,,,,,
Entertainment,TV LCD,"LCD TFT 40-42""",,,,,,,
Entertainment,TV LCD,"LCD TFT 37""",,,,,,,
Entertainment,TV LCD,LCD Wall Mount Stand,,,,,,,
Entertainment,TV CRT,CRT Conventional,,,,,,,
Entertainment,TV CRT,"CRT Flat - 15""",,,,,,,
Entertainment,TV CRT,"CRT Flat - 21""",,,,,,,
Entertainment,TV CRT,"CRT Flat - 25""",,,,,,,
Entertainment,TV CRT,"CRT Flat - 29""",,,,,,,
Entertainment,TV Plasma,"Plasma 50""",,,,,,,
Entertainment,TV Plasma,"Plasma 42""",,,,,,,
Entertainment,TV Plasma,"Plasma 65""",,,,,,,
Entertainment,TV Plasma,Plasma Wall Mount Stand,,,,,,,
Computers Peripherals,Dummy Laptop / Netbook / Tabs,Tablet-D,,,,,,,
Computers Peripherals,Mobile Computing,Apple,,,,,,,
Computers Peripherals,Mobile Computing,Computer Carry Bags,,,,,,,
Computers Peripherals,Tablets & Detachables,Tablets & Detachables - D,,,,,,,
Imaging,Digital Cameras,Photo Printers,,,,,,,
Computers Peripherals,Mobile Computing,Entry Consignment,,,,,,,
Computers Peripherals,Desktops,PC Desktop - Mainstream,,,,,,,
Computers Peripherals,Desktops,PC Desktop - Premium,,,,,,,
Imaging,DSLR Cameras,DSLR Mid Range-D,,,,,,,
Computers Peripherals,Desktops,PC Desktop - iMACs,,,,,,,
Computers Peripherals,Mobile Computing,Apple - D,,,,,,,
Entertainment,TV LCD,"LCD TFT 46-47""",,,,,,,
Computers Peripherals,Desktops,PC Monitors,,,,,,,
Communication,Phones Mobile,Demo Mobiles,,,,,,,
Communication,Phones Mobile,Mobiles CDMA - Premium,,,,,,,
Entertainment,TV LCD,LCD Accessories_H,,,,,,,
Entertainment,TV LCD,LED Wall Mounting Accessories,,,,,,,
Entertainment,TV LCD,"LCD TFT 52"" AND ABOVE",,,,,,,
Entertainment,TV LCD,"LED Panels 32""",,,,,,,
Entertainment,TV LCD,"LED Panels 40""",,,,,,,
Entertainment,TV LCD,"LED Panels 46""",,,,,,,
Entertainment,TV LCD,"LED Panels 55""",,,,,,,
Imaging,Digital Cameras,Advanced Cameras,,,,,,,
Imaging,Digital Cameras,Basic Cameras,,,,,,,
Imaging,Digital Cameras,Prosumer Cameras,,,,,,,
Imaging,Digital Cameras,DSLR Cameras,,,,,,,
Imaging,DSLR Cameras,DSLR Mid Range,,,,,,,
Imaging,DSLR Cameras,DSLR Entry Level-D,,,,,,,
Imaging,Camcorders,Camcorders - HDD,,,,,,,
Imaging,Camcorders,Camcorders - HD,,,,,,,
Imaging,Camcorders,Camcorders - Flash Memory,,,,,,,
Computers Peripherals,Desktops,PC Desktop - Net Top,,,,,,,
Computers Peripherals,Mobile Computing,Gaming-Laptops,,,,,,,
Computers Peripherals,Dummy Laptop / Netbook / Tabs,Desktop-D,,,,,,,
Computers Peripherals,Mobile Computing,2in1-D,,,,,,,
Computers Peripherals,Mobile Computing,Premium-D,,,,,,,
Computers Peripherals,Monitors,"Monitors - TFT 19""",,,,,,,
Computers Peripherals,Tablets & Detachables,E-Reader,,,,,,,
Computers Peripherals,Monitors,"Monitors - TFT 22""",,,,,,,
Computers Peripherals,Monitors,"Monitors - TFT 24""",,,,,,,
Computers Peripherals,Monitors,Monitors - Specials,,,,,,,
Imaging,DSLR Cameras,Full Frame & Mirrorless-D,,,,,,,
Computers Peripherals,Desktops,PC Desktop-iMACs-D,,,,,,,
Computers Peripherals,Desktops,PC CPU,,,,,,,
Imaging,DSLR Cameras,DSLR High End-D,,,,,,,
Computers Peripherals,Mobile Computing,Mainstream-D,,,,,,,
Computers Peripherals,Mobile Computing,Entry-D,,,,,,,
Computers Peripherals,Monitors,Monitors - CRT,,,,,,,
Entertainment,TV CRT,"CRT FLAT - 14""",,,,,,,
Communication,Smart Phones (OS Based),Android Phones D,,,,,,,
Computers Peripherals,Tablets & Detachables,Tablets - Premium,,,,,,,
Computers Peripherals,Mobile Computing,Touch,,,,,,,
Communication,Brand Free Mobiles,Brand Free Mobiles,,,,,,,
Communication,Smart Phones (OS Based),I phones,,,,,,,
Entertainment,TV LCD,"LED Panels 22""",,,,,,,
Entertainment,TV LCD,"LED Panels 26""",,,,,,,
Computers Peripherals,Tablets & Detachables,Detachable Accessories,,,,,,,
Communication,Phones Mobile,Apple I-Phone,,,,,,,
Entertainment,TV LCD,"LCD TFT 24""",,,,,,,
Communication,Smart Phones (OS Based),ExWty - Smart Phones,,,,,,,
Communication,Phones Mobile,ExWty - Basic Mobile Phones,,,,,,,
Entertainment,TV LCD,ExWty- TV LCD,,,,,,,
Imaging,Digital Cameras,ExWty- Digital Cameras,,,,,,,
Computers Peripherals,Desktops,ExWty- Desktops,,,,,,,
Computers Peripherals,Mobile Computing,ExWty- Mobile Computing,,,,,,,
Computers Peripherals,Tablets & Detachables,Tablets - Mid,,,,,,,
Computers Peripherals,Tablets & Detachables,Tablets - Entry,,,,,,,
Communication,Smart Phones (OS Based),Other OS,,,,,,,
Imaging,DSLR Cameras,DSLR High End,,,,,,,
Imaging,DSLR Cameras,Full Frame & Mirrorless,,,,,,,
Computers Peripherals,Tablets & Detachables,Tablet Accessories,,,,,,,
Entertainment,TV LCD,LED Panels 24 INCH,,,,,,,
Communication,Smart Phones (OS Based),Demo Mobile Phone,,,,,,,
Imaging,DSLR Cameras,DSLR Entry Level,,,,,,,
Imaging,Digital Cameras,PL Cameras,,,,,,,
Entertainment,Dummy ENT LCD / LED / Plasma,Dummies LCD / LED / Plasma,,,,,,,
Computers Peripherals,Dummy Laptop / Netbook / Tabs,Notebook -D,,,,,,,
Computers Peripherals,Mobile Computing,Entry Level Laptops,,,,,,,
Computers Peripherals,Mobile Computing,Premium,,,,,,,
Computers Peripherals,Mobile Computing,Mainstream Consignment,,,,,,,
Computers Peripherals,Mobile Computing,Ultra Thin Consignment,,,,,,,
Computers Peripherals,Mobile Computing,Premium Consignment,,,,,,,
Computers Peripherals,Tablets & Detachables,Tablet Freebies,,,,,,,
Computers Peripherals,Tablets & Detachables,E-Reader Accessories,,,,,,,
Computers Peripherals,Mobile Computing,Gaming Consignment,,,,,,,
Computers Peripherals,Mobile Computing,Ultra Thin,,,,,,,
Communication,Phones Mobile,Dual Sim Phones D,,,,,,,
Entertainment,TV LCD,"LED Panels 65""+",,,,,,,
Computers Peripherals,Mobile Computing,2-in-1,,,,,,,
Computers Peripherals,Mobile Computing,Ultra Thin D,,,,,,,
Computers Peripherals,Tablets & Detachables,Detachables,,,,,,,
Computers Peripherals,Mobile Computing,Mainstream,,,,,,,
Computers Peripherals,Mobile Computing,2 in 1 Consignment,,,,,,,
Computers Peripherals,Desktops,Dell Desktop SNS,,,,,,,
Communication,Smart Phones (OS Based),Other OS D,,,,,,,
Entertainment,TV LCD,"LED Panels 40""",,,,,,,
Computers Peripherals,Tablets & Detachables,E-Reader,,,,,,,
Entertainment,TV LCD,"LED Panels 55""",,,,,,,
Computers Peripherals,Desktops,PC Desktop - Entry,,,,,,,
Communication,Smart Phones (OS Based),Android Phones,,,,,,,
Communication,Phones Mobile,Multimedia Phones,,,,,,,
Communication,Smart Phones (OS Based),Windows Phones,,,,,,,
Communication,Smart Phones (OS Based),Blackberry Phones,,,,,,,
Communication,Phones Mobile,Dual Sim Phones,,,,,,,
Communication,Phones Mobile,Basic Phones,,,,,,,
Communication,Smart Phones (OS Based),Symbian Phones,,,,,,,
Communication,Phones Mobile,Mobiles CDMA - Non Premium,,,,,,,
Entertainment,TV LCD,"LCD TFT 19-20""",,,,,,,
Entertainment,TV LCD,"LCD TFT 26""",,,,,,,
Entertainment,TV LCD,"LCD TFT 22""",,,,,,,
Entertainment,TV LCD,"LCD TFT 32""",,,,,,,
Entertainment,TV LCD,"LCD TFT 40-42""",,,,,,,
Entertainment,TV LCD,"LCD TFT 37""",,,,,,,
Entertainment,TV LCD,LCD Wall Mount Stand,,,,,,,
Entertainment,TV CRT,CRT Conventional,,,,,,,
Entertainment,TV CRT,"CRT Flat - 15""",,,,,,,
Entertainment,TV CRT,"CRT Flat - 21""",,,,,,,
Entertainment,TV CRT,"CRT Flat - 25""",,,,,,,
Entertainment,TV CRT,"CRT Flat - 29""",,,,,,,
Entertainment,TV Plasma,"Plasma 50""",,,,,,,
Entertainment,TV Plasma,"Plasma 42""",,,,,,,
Entertainment,TV Plasma,"Plasma 65""",,,,,,,
Entertainment,TV Plasma,Plasma Wall Mount Stand,,,,,,,
Computers Peripherals,Mobile Computing,Apple,,,,,,,
Computers Peripherals,Mobile Computing,Computer Carry Bags,,,,,,,
Computers Peripherals,Tablets & Detachables,Tablets & Detachables - D,,,,,,,
Imaging,Digital Cameras,Photo Printers,,,,,,,
Computers Peripherals,Mobile Computing,Entry Consignment,,,,,,,
Computers Peripherals,Desktops,PC Desktop - Mainstream,,,,,,,
Computers Peripherals,Desktops,PC Desktop - Premium,,,,,,,
Imaging,DSLR Cameras,DSLR Mid Range-D,,,,,,,
Computers Peripherals,Desktops,PC Desktop - iMACs,,,,,,,
Computers Peripherals,Mobile Computing,Apple - D,,,,,,,
Entertainment,TV LCD,"LCD TFT 46-47""",,,,,,,
Computers Peripherals,Desktops,PC Monitors,,,,,,,
Communication,Phones Mobile,Demo Mobiles,,,,,,,
Communication,Phones Mobile,Mobiles CDMA - Premium,,,,,,,
Entertainment,TV LCD,LCD Accessories_H,,,,,,,
Entertainment,TV LCD,LED Wall Mounting Accessories,,,,,,,
Entertainment,TV LCD,"LCD TFT 52"" AND ABOVE",,,,,,,
Entertainment,TV LCD,"LED Panels 32""",,,,,,,
Entertainment,TV LCD,"LED Panels 40""",,,,,,,
Entertainment,TV LCD,"LED Panels 46""",,,,,,,
Entertainment,TV LCD,"LED Panels 55""",,,,,,,
Imaging,Digital Cameras,Advanced Cameras,,,,,,,
Imaging,Digital Cameras,Basic Cameras,,,,,,,
Imaging,Digital Cameras,Prosumer Cameras,,,,,,,
Imaging,Digital Cameras,DSLR Cameras,,,,,,,
Imaging,DSLR Cameras,DSLR Mid Range,,,,,,,
Imaging,DSLR Cameras,DSLR Entry Level-D,,,,,,,
Imaging,Camcorders,Camcorders - HDD,,,,,,,
Imaging,Camcorders,Camcorders - HD,,,,,,,
Imaging,Camcorders,Camcorders - Flash Memory,,,,,,,
Computers Peripherals,Mobile Computing,2in1-D,,,,,,,
Computers Peripherals,Mobile Computing,Premium-D,,,,,,,
Computers Peripherals,Monitors,"Monitors - TFT 19""",,,,,,,
Computers Peripherals,Monitors,"Monitors - 22""",,,,,,,
Computers Peripherals,Monitors,"Monitors - 24""",,,,,,,
Computers Peripherals,Monitors,Gaming Monitors,,,,,,,
Imaging,DSLR Cameras,Full Frame & Mirrorless-D,,,,,,,
Computers Peripherals,Desktops,PC Desktop - Net Top,,,,,,,
Computers Peripherals,Desktops,PC Desktop-iMACs-D,,,,,,,
Imaging,DSLR Cameras,DSLR High End-D,,,,,,,
Computers Peripherals,Mobile Computing,Mainstream-D,,,,,,,
Computers Peripherals,Mobile Computing,Entry-D,,,,,,,
Computers Peripherals,Monitors,"Monitors - 27"" & Above",,,,,,,
Entertainment,TV CRT,"CRT FLAT - 14""",,,,,,,
Communication,Smart Phones (OS Based),Android Phones D,,,,,,,
Computers Peripherals,Tablets & Detachables,Tablets - Premium,,,,,,,
Computers Peripherals,Mobile Computing,Touch,,,,,,,
Computers Peripherals,Mobile Computing,Gaming-Laptops,,,,,,,
Communication,Brand Free Mobiles,Brand Free Mobiles,,,,,,,
Communication,Smart Phones (OS Based),I phones,,,,,,,
Entertainment,TV LCD,"LED Panels 22""",,,,,,,
Entertainment,TV LCD,"LED Panels 26""",,,,,,,
Computers Peripherals,Tablets & Detachables,Tablet Accessories,,,,,,,
Computers Peripherals,Tablets & Detachables,iPad Accessories,,,,,,,
Communication,Phones Mobile,Apple I-Phone,,,,,,,
Entertainment,TV LCD,"LCD TFT 24""",,,,,,,
Communication,Smart Phones (OS Based),ExWty - Smart Phones,,,,,,,
Communication,Phones Mobile,ExWty - Basic Mobile Phones,,,,,,,
Entertainment,TV LCD,ExWty- TV LCD,,,,,,,
Imaging,Digital Cameras,ExWty- Digital Cameras,,,,,,,
Computers Peripherals,Desktops,ExWty- Desktops,,,,,,,
Computers Peripherals,Mobile Computing,ExWty- Mobile Computing,,,,,,,
Computers Peripherals,Tablets & Detachables,Tablets - Mid,,,,,,,
Computers Peripherals,Tablets & Detachables,Tablets - Entry,,,,,,,
Computers Peripherals,Tablets & Detachables,E-Reader Accessories,,,,,,,
Communication,Smart Phones (OS Based),Other OS,,,,,,,
Imaging,DSLR Cameras,DSLR High End,,,,,,,
Imaging,DSLR Cameras,Full Frame & Mirrorless,,,,,,,
Entertainment,TV LCD,LED Panels 24 INCH,,,,,,,
Communication,Smart Phones (OS Based),Demo Mobile Phone,,,,,,,
Imaging,DSLR Cameras,DSLR Entry Level,,,,,,,
Imaging,Digital Cameras,PL Cameras,,,,,,,
Entertainment,Dummy ENT LCD / LED / Plasma,Dummies LCD / LED / Plasma,,,,,,,
Computers Peripherals,Dummy Laptop / Netbook / Tabs,Notebook -D,,,,,,,
Computers Peripherals,Mobile Computing,Entry Level Laptops,,,,,,,
Computers Peripherals,Mobile Computing,Premium,,,,,,,
Computers Peripherals,Mobile Computing,Mainstream Consignment,,,,,,,
Computers Peripherals,Mobile Computing,Ultra Thin Consignment,,,,,,,
Computers Peripherals,Mobile Computing,Premium Consignment,,,,,,,
Computers Peripherals,Tablets & Detachables,Tablet Freebies,,,,,,,
Computers Peripherals,Mobile Computing,Ultra Thin,,,,,,,
Communication,Phones Mobile,Dual Sim Phones D,,,,,,,
Entertainment,TV LCD,"LED Panels 65""+",,,,,,,
Computers Peripherals,Mobile Computing,2-in-1,,,,,,,
Computers Peripherals,Mobile Computing,Ultra Thin D,,,,,,,
Computers Peripherals,Tablets & Detachables,Detachables,,,,,,,
Computers Peripherals,Tablets & Detachables,E-Reader,,,,,,,
Computers Peripherals,Mobile Computing,Mainstream,,,,,,,
Computers Peripherals,Mobile Computing,2 in 1 Consignment,,,,,,,
Communication,Smart Phones (OS Based),Other OS D,,,,,,,
Communication,Smart Phones (OS Based),Windows Phone - D,,,,,,,
Computers Peripherals,Mobile Computing,ACER -NOTEBOOKS-CONS,,,,,,,
Communication,Smart Phones (OS Based),I phones D,,,,,,,
Communication,Smart Phones (OS Based),Ins - Smart Phones,,,,,,,
Imaging,Digital Cameras,Basic Cameras D,,,,,,,
Imaging,Digital Cameras,Advanced Cameras D,,,,,,,
Computers Peripherals,Tablets & Detachables,ExWty-Tablets,,,,,,,
Computers Peripherals,Tablets & Detachables,DELL-TABS-CONS,,,,,,,
Imaging,Camcorders,Camcorders Flash Memory D,,,,,,,
Imaging,Digital Cameras,Prosumer Cameras D,,,,,,,
Communication,Phones Mobile,Basic Phones D,,,,,,,
Imaging,Digital Cameras,Digicam Educational Kit,,,,,,,
Communication,Smart Phones (OS Based),Phablets D,,,,,,,
Communication,Smart Phones (OS Based),Phablets,,,,,,,
Communication,Smart Phones (OS Based),Blackberry Phones D,,,,,,,
Computers Peripherals,Mobile Computing,Extended Warranty Mobile Computing,,,,,,,
Imaging,DSLR Cameras,ExWty- DSLR Cameras,,,,,,,
Imaging,Digital Cameras,Ins - Digital Cameras,,,,,,,
Computers Peripherals,Desktops,PC Desktop - Gaming,,,,,,,
Imaging,Digital Cameras,Action & Sports Cam,,,,,,,
Imaging,Digital Cameras,360 Degree Cameras,,,,,,,
Computers Peripherals,Tablets & Detachables,Ins - Tablets,,,,,,,
Computers Peripherals,Mobile Computing,Ins - Mobile Computing,,,,,,,
Entertainment,TV LCD,LCD Accessories_L,,,,,,,
Computers Peripherals,Desktops,DELL-DESKTOP-CONS,,,,,,,
Entertainment,TV LCD,"LED Panels 28""",,,,,,,
Entertainment,TV LCD,Smart Screen,,,,,,,
Communication,Smart Phones (OS Based),SP- Smart Phones,,,,,,,
Computers Peripherals,Tablets & Detachables,SP- Tablets,,,,,,,
Computers Peripherals,Mobile Computing,SP - Mobile Computing,,,,,,,
Computers Peripherals,Desktops,SP- Desktop,,,,,,,
Entertainment,TV LCD,SP - Television,,,,,,,
Computers Peripherals,Desktops,PC CPU,,,,,,,
Computers Peripherals,Gaming Laptops,Entry Gaming,,,,,,,
Computers Peripherals,Gaming Laptops,Mainstream Gaming,,,,,,,
Computers Peripherals,Gaming Laptops,Pro Gaming,,,,,,,
Computers Peripherals,Gaming Laptops,Entry Gaming Demo,,,,,,,
Computers Peripherals,Gaming Laptops,Mainstream Gaming Demo,,,,,,,
Computers Peripherals,Gaming Laptops,Pro Gaming Demo,,,,,,,
Computers Peripherals,Gaming Laptops,ExWty- Gaming Laptops,,,,,,,
Computers Peripherals,Refurbished-PC,PC,,,,,,,
Communication,Refurbished Phones,REFB MOBILES,,,,,,,
Communication,Smart Phones (OS Based),Entry,,,,,,,
Communication,Smart Phones (OS Based),Value Phone-D,,,,,,,
Communication,Smart Phones (OS Based),Value Phones,,,,,,,
Communication,Smart Phones (OS Based),Mass Premium Phones - D,,,,,,,
Communication,Smart Phones (OS Based),Premium Phones,,,,,,,
Computers Peripherals,Mobile Computing,Entry-D,,,,,,,
Communication,Smart Phones (OS Based),Entry-D,,,,,,,
Communication,Smart Phones (OS Based),Flagship Phones,,,,,,,
Communication,Smart Phones (OS Based),Premium Phones-D,,,,,,,
Communication,Smart Phones (OS Based),Flagship Phones-D,,,,,,,
Computers Peripherals,Tablets & Detachables,Graphic Tablet,,,,,,,
Computers Peripherals,Mobile Computing,Gaming-D,,,,,,,
Computers Peripherals,Monitors,"Monitors - 27"" & Above_H",,,,,,,
,,,End,,,,,,
,,,,,,,,,
Small Appliances,Health & Personal Care,Hair Care,4,A,NA,NA,NA,Seal Pack/Packaging Yes,NA
Small Appliances,Air Purifier,Air Purifier Accessories,3,B,NA/Un-used,NA,NA/No Damage/No Dent/No Scratches/No Screen Damage/No Screen Scratches/No Body Damage/No Body Scratches,Seal Pack/Packaging Yes/Open Good/Open Damage/Packaging No,NA/Yes
Small Appliances,Kitchen Appliances,Flourmill,2,C,NA/Un-used,NA,NA/No Damage/No Dent/No Scratches/No Body Damage/No Body Scratches/Minor Damage/Side Minor Damage/Top Minor Damage/Back Minor Damage/Minor Body Damage/Minor Body Scratches/Minor Dent/Front Minor Dent /Side Minor Dent/Back Minor Dent/Top Minor Dent/Minor Scratches/Front Minor Scratches /Side Minor Scratches/Back Minor Scratches/Top Minor Scratches/Major Scratches/Back Major Scratches/Top Major Scratches/No Screen Damage/No Screen Scratches,Seal Pack/Packaging Yes/Open Good/Open Damage/Packaging No,NA/Yes/No
Small Appliances,Kitchen Appliances,Juicers/Choppers/Blenders,1,D,NA/Un-used/Used,NA,NA/No Damage/No Dent/No Scratches/No Body Damage/No Body Scratches/Minor Damage/Front Minor Damage/Side Minor Damage/Top Minor Damage/Back Minor Damage/Minor Body Damage/Minor Dent/Front Minor Dent /Side Minor Dent/Back Minor Dent/Top Minor Dent/Minor Scratches/Front Minor Scratches /Side Minor Scratches/Back Minor Scratches/Top Minor Scratches/Minor Body Scratches/Major Scratches/Back Major Scratches/Top Major Scratches/Major Dent/Front Major Dent /Side Major Dent/Back Major Dent/Top Major Dent/Front Major Scratches /Side Major Scratches/No Screen Damage/No Screen Scratches/Minor Screen Scratches,Seal Pack/Packaging Yes/Open Good/Open Damage/Packaging No,NA/Yes/No
Small Appliances,Fans,Table / Pedestal Fans,0,E,NA/Un-used/Used,NA,NA/No Damage/No Dent/No Scratches/No Body Damage/No Body Scratches/Minor Damage/Front Minor Damage/Side Minor Damage/Top Minor Damage/Back Minor Damage/Minor Body Damage/Minor Dent/Front Minor Dent /Side Minor Dent/Back Minor Dent/Top Minor Dent/Minor Scratches/Front Minor Scratches /Side Minor Scratches/Back Minor Scratches/Top Minor Scratches/Minor Body Scratches/Major Scratches/Back Major Scratches/Top Major Scratches/Major Dent/Front Major Dent /Side Major Dent/Back Major Dent/Top Major Dent/Front Major Scratches /Side Major Scratches/Major Damage/Front Major Damage/Side Major Damage/Top Major Damage/Back Major Damage/No Screen Damage/No Screen Scratches/Minor Screen Damage/Minor Screen Scratches/Major Screen Damage/Major Screen Scratches/Major Body Damage/Major Body Scratches,Seal Pack/Packaging Yes/Open Good/Open Damage/Packaging No,NA/Yes/No
Small Appliances,Fans,Tower Fans,,,,,,,
Small Appliances,Fans,Ceiling Fans,,,,,,,
Small Appliances,Cooling & Heating Appliances,Room Coolers,,,,,,,
Small Appliances,Cooling & Heating Appliances,Room Heaters,,,,,,,
Small Appliances,Kitchen Appliances,Induction Cookers,,,,,,,
Small Appliances,Health & Personal Care,Massagers,,,,,,,
Small Appliances,Health & Personal Care,Well Being,,,,,,,
Small Appliances,Health & Personal Care,Male Grooming & Shaving,,,,,,,
Small Appliances,Kitchen Appliances,Coffee Makers,,,,,,,
Small Appliances,Water Purifiers,Water Dispensers,,,,,,,
Small Appliances,Kitchen Appliances,Food Preparation,,,,,,,
Small Appliances,Kitchen Appliances,Kettles,,,,,,,
Small Appliances,Kitchen Appliances,JMG/MG,,,,,,,
Small Appliances,Kitchen Appliances,Kitchenware,,,,,,,
Small Appliances,Health & Personal Care,Female Grooming & Depilation,,,,,,,
Small Appliances,Kitchen Appliances,Toasters & Sandwich Makers,,,,,,,
Small Appliances,Water Purifiers,Water Purifiers UV,,,,,,,
Large Appliances,Microwaves,Microwaves Solo,,,,,,,
Large Appliances,Microwaves,Microwaves Accessories,,,,,,,
Small Appliances,Ovens & Cookers,OTG Less Than 30L,,,,,,,
Small Appliances,Ovens & Cookers,Cookers,,,,,,,
Small Appliances,Ovens & Cookers,Snackmakers / Fryware,,,,,,,
Small Appliances,Security,Security Accessories,,,,,,,
Small Appliances,Security,CCTV Video Security,,,,,,,
Small Appliances,Security,Fire Saftey,,,,,,,
Small Appliances,Security,IP Range,,,,,,,
Small Appliances,Security,Wired Security Systems,,,,,,,
Small Appliances,Security,Wireless Security Systems,,,,,,,
Small Appliances,Security,Smoke Detectors,,,,,,,
Small Appliances,Security,Electronic Safes,,,,,,,
Small Appliances,Security,Alarm Systems,,,,,,,
Small Appliances,Health & Personal Care,Baby Care,,,,,,,
Small Appliances,Health & Personal Care,Dental Care,,,,,,,
Entertainment,Home Theatre,Home Theatre - Low End,,,,,,,
Entertainment,Home Theatre,Home Theatre - Low End_L,,,,,,,
Entertainment,Home Theatre,Home Theatre - High End,,,,,,,
Entertainment,Home Theatre,Sound Bars_L,,,,,,,
Entertainment,Home Theatre,Sound Bars_H,,,,,,,
Entertainment,Projectors,Projectors,,,,,,,
Entertainment,Portable BT Speakers/MP3 Players,Speakers - Bluetooth/Portable_L,,,,,,,
Entertainment,Portable BT Speakers/MP3 Players,I-POD,,,,,,,
Entertainment,Portable BT Speakers/MP3 Players,OTHER MP3 Players,,,,,,,
Entertainment,Audio Systems,Personal Audio_H,,,,,,,
Entertainment,Audio Systems,Portable Radio Cassette & CD,,,,,,,
Entertainment,Audio Systems,Boombox with LCD TV,,,,,,,
Entertainment,Home Theatre,High End Speakers & Amplifiers,,,,,,,
Entertainment,Speakers,Multimedia Speakers_L,,,,,,,
Entertainment,Speakers,Multimedia Speakers_H,,,,,,,
Entertainment,Audio Systems,Micro HiFi Systems,,,,,,,
Entertainment,Audio Systems,Mini HiFi Systems,,,,,,,
Computers Peripherals,Printers & Office Solutions,Ink Cartridges,,,,,,,
Computers Peripherals,Printers & Office Solutions,Paper - Printer & Fax,,,,,,,
Computers Peripherals,Printers & Office Solutions,Printers Inkjet,,,,,,,
Computers Peripherals,Printers & Office Solutions,Printers Laser,,,,,,,
Computers Peripherals,Printers & Office Solutions,Printers Multi Function,,,,,,,
Computers Peripherals,Printers & Office Solutions,Shredders,,,,,,,
Large Appliances,Microwaves,Microwaves Convection,,,,,,,
Large Appliances,Microwaves,Microwaves Grill,,,,,,,
Entertainment,Personal Assistant Speaker,Personal Assistant Speaker,,,,,,,
Small Appliances,Ovens & Cookers,Barbecues,,,,,,,
Entertainment,Speakers,DO NOT USE,,,,,,,
Small Appliances,Kitchen Appliances,Kitchen Sets & Accessories,,,,,,,
Small Appliances,Security,Personal / Baby Monitors,,,,,,,
Entertainment,Audio Systems,Portable Radio Cassette & CD_L,,,,,,,
Entertainment,Audio Systems,Clock Radios,,,,,,,
Entertainment,Audio Systems,Receivers / Amps,,,,,,,
Entertainment,Home Theatre,Home Theatre Blue Ray_L,,,,,,,
Small Appliances,Cooling & Heating Appliances,Coolers & Warmers,,,,,,,
Computers Peripherals,Printers & Office Solutions,Ink Bottles,,,,,,,
Small Appliances,Water Purifiers,Water Purifiers RO,,,,,,,
Entertainment,Home Theatre,Home Theatre Blue Ray-High End_L,,,,,,,
Small Appliances,Fans,Exhaust Fan,,,,,,,
Small Appliances,Kitchen Appliances,Wet Grinders,,,,,,,
Computers Peripherals,Printers & Office Solutions,Ink Tank Printers,,,,,,,
Entertainment,Audio Systems,Audio Subscriptions,,,,,,,
Entertainment,Home Theatre,Home Theatre Blue Ray,,,,,,,
Small Appliances,Water Purifiers,Water Purifiers Storage,,,,,,,
Small Appliances,Fans,ExWty- Fans,,,,,,,
Small Appliances,Health & Personal Care,ExWty- Healthcare,,,,,,,
Small Appliances,Kitchen Appliances,ExWty- Kitchen Appliances,,,,,,,
Entertainment,Audio Systems,ExWty- DJ Speakers,,,,,,,
Large Appliances,Microwaves,ExWty- Microwaves,,,,,,,
Small Appliances,Ovens & Cookers,ExWty- Ovens,,,,,,,
Small Appliances,Security,ExWty- Security,,,,,,,
Entertainment,Personal Assistant Speaker,ExWty- Personal Assistant,,,,,,,
Entertainment,Home Theatre,ExWty- Home Theatre,,,,,,,
Entertainment,Projectors,ExWty- Projectors,,,,,,,
Entertainment,Speakers,ExWty- Speakers,,,,,,,
Entertainment,Audio Systems,ExWty- Audio Systems,,,,,,,
Computers Peripherals,Printers & Office Solutions,ExWty- Printers & Office Soln,,,,,,,
Small Appliances,Kitchen Appliances,Do not Use,,,,,,,
Small Appliances,Kitchen Appliances,Waste Treatment,,,,,,,
Entertainment,Portable BT Speakers/MP3 Players,Speakers - Bluetooth/Portable_H,,,,,,,
Entertainment,Home Theatre,Home Theatre Blue Ray-High End,,,,,,,
Small Appliances,Ovens & Cookers,OTG More Than 30L,,,,,,,
Small Appliances,Health & Personal Care,Male Grooming & Shaving,,,,,,,
Small Appliances,Kitchen Appliances,Juicers/Choppers/Blenders,,,,,,,
Small Appliances,Water Purifiers,Water Purifiers RO,,,,,,,
Large Appliances,Microwaves,Microwaves Convection,,,,,,,
Small Appliances,Health & Personal Care,Male Grooming & Shaving,,,,,,,
Small Appliances,Health & Personal Care,Male Grooming & Shaving,,,,,,,
Large Appliances,Microwaves,Microwaves Convection,,,,,,,
Small Appliances,Kitchen Appliances,Juicers/Choppers/Blenders,,,,,,,
Small Appliances,Kitchen Appliances,Induction Cookers,,,,,,,
Small Appliances,Health & Personal Care,Male Grooming & Shaving,,,,,,,
Entertainment,Portable BT Speakers/MP3 Players,Speakers - Bluetooth/Portable_L,,,,,,,
Small Appliances,Health & Personal Care,Male Grooming & Shaving,,,,,,,
Small Appliances,Health & Personal Care,Male Grooming & Shaving,,,,,,,
Small Appliances,Ovens & Cookers,OTG More Than 30L,,,,,,,
Small Appliances,Health & Personal Care,Hair Care,,,,,,,
Small Appliances,Air Purifier,Air Purifier Accessories,,,,,,,
Small Appliances,Kitchen Appliances,Flourmill,,,,,,,
Small Appliances,Kitchen Appliances,Juicers/Choppers/Blenders,,,,,,,
Small Appliances,Fans,Table / Pedestal Fans,,,,,,,
Small Appliances,Fans,Tower Fans,,,,,,,
Small Appliances,Fans,Ceiling Fans,,,,,,,
Small Appliances,Cooling & Heating Appliances,Room Coolers,,,,,,,
Small Appliances,Cooling & Heating Appliances,Room Heaters,,,,,,,
Small Appliances,Kitchen Appliances,Induction Cookers,,,,,,,
Small Appliances,Health & Personal Care,Massagers & Electrotherapy Devices,,,,,,,
Small Appliances,Health & Personal Care,Well Being,,,,,,,
Small Appliances,Health & Personal Care,Male Grooming & Shaving,,,,,,,
Small Appliances,Kitchen Appliances,Coffee Makers,,,,,,,
Small Appliances,Water Purifiers,Water Dispensers,,,,,,,
Small Appliances,Kitchen Appliances,Food Preparation,,,,,,,
Small Appliances,Kitchen Appliances,Kettles,,,,,,,
Small Appliances,Kitchen Appliances,JMG/MG,,,,,,,
Small Appliances,Kitchen Appliances,Kitchenware,,,,,,,
Small Appliances,Health & Personal Care,Female Grooming & Depilation,,,,,,,
Small Appliances,Kitchen Appliances,Toasters & Sandwich Makers,,,,,,,
Small Appliances,Water Purifiers,Water Purifiers UV,,,,,,,
Large Appliances,Microwaves,Microwaves Solo,,,,,,,
Large Appliances,Microwaves,Microwaves Accessories,,,,,,,
Small Appliances,Ovens & Cookers,OTG Less Than 30L,,,,,,,
Small Appliances,Ovens & Cookers,Cookers,,,,,,,
Small Appliances,Ovens & Cookers,Snackmakers / Fryware,,,,,,,
Small Appliances,Security,Security Accessories,,,,,,,
Small Appliances,Security,CCTV Video Security,,,,,,,
Small Appliances,Security,Fire Saftey,,,,,,,
Small Appliances,Security,IP Range,,,,,,,
Small Appliances,Security,Wired Security Systems,,,,,,,
Small Appliances,Security,Wireless Security Systems,,,,,,,
Small Appliances,Security,Smoke Detectors,,,,,,,
Small Appliances,Security,Electronic Safes,,,,,,,
Small Appliances,Security,Alarm Systems,,,,,,,
Small Appliances,Health & Personal Care,Baby Care,,,,,,,
Small Appliances,Health & Personal Care,Dental Care,,,,,,,
Entertainment,Home Theatre,Home Theatre - Low End,,,,,,,
Entertainment,Home Theatre,Home Theatre - Low End_L,,,,,,,
Entertainment,Home Theatre,Home Theatre - High End,,,,,,,
Entertainment,Home Theatre,Sound Bars_L,,,,,,,
Entertainment,Home Theatre,Sound Bars_H,,,,,,,
Entertainment,Projectors,Portable,,,,,,,
Entertainment,Portable BT Speakers/MP3 Players,Speakers - Bluetooth/Portable_L,,,,,,,
Entertainment,Portable BT Speakers/MP3 Players,I-POD,,,,,,,
Entertainment,Portable BT Speakers/MP3 Players,OTHER MP3 Players,,,,,,,
Entertainment,Audio Systems,Personal Audio_H,,,,,,,
Entertainment,Audio Systems,Portable Radio Cassette & CD,,,,,,,
Entertainment,Audio Systems,Boombox with LCD TV,,,,,,,
Entertainment,Home Theatre,High End Speakers & Amplifiers,,,,,,,
Entertainment,Speakers,Multimedia Speakers_L,,,,,,,
Entertainment,Speakers,Multimedia Speakers_H,,,,,,,
Entertainment,Audio Systems,Micro HiFi Systems,,,,,,,
Entertainment,Audio Systems,Mini HiFi Systems,,,,,,,
Computers Peripherals,Printers & Office Solutions,Ink Cartridges,,,,,,,
Computers Peripherals,Printers & Office Solutions,Paper - Printer & Fax,,,,,,,
Computers Peripherals,Printers & Office Solutions,Printers Inkjet,,,,,,,
Computers Peripherals,Printers & Office Solutions,Printers Laser,,,,,,,
Computers Peripherals,Printers & Office Solutions,Printers Multi Function,,,,,,,
Computers Peripherals,Printers & Office Solutions,Shredders,,,,,,,
Large Appliances,Microwaves,Microwaves Convection,,,,,,,
Large Appliances,Microwaves,Microwaves Grill,,,,,,,
Entertainment,Personal Assistant Speaker,Personal Assistant Speaker,,,,,,,
Small Appliances,Ovens & Cookers,Barbecues,,,,,,,
Entertainment,Speakers,DO NOT USE,,,,,,,
Small Appliances,Kitchen Appliances,Kitchen Sets & Accessories,,,,,,,
Small Appliances,Security,Personal / Baby Monitors,,,,,,,
Entertainment,Audio Systems,Portable Radio Cassette & CD_L,,,,,,,
Entertainment,Audio Systems,Clock Radios,,,,,,,
Entertainment,Audio Systems,Receivers / Amps,,,,,,,
Entertainment,Home Theatre,Home Theatre Blue Ray_L,,,,,,,
Small Appliances,Cooling & Heating Appliances,Coolers & Warmers,,,,,,,
Computers Peripherals,Printers & Office Solutions,Ink Bottles,,,,,,,
Small Appliances,Water Purifiers,Water Purifiers RO,,,,,,,
Entertainment,Home Theatre,Home Theatre Blue Ray-High End_L,,,,,,,
Small Appliances,Fans,Exhaust Fan,,,,,,,
Small Appliances,Kitchen Appliances,Wet Grinders,,,,,,,
Computers Peripherals,Printers & Office Solutions,Ink Tank Printers,,,,,,,
Entertainment,Audio Systems,Audio Subscriptions,,,,,,,
Entertainment,Home Theatre,Home Theatre Blue Ray,,,,,,,
Small Appliances,Water Purifiers,Water Purifiers Storage,,,,,,,
Small Appliances,Fans,ExWty- Fans,,,,,,,
Small Appliances,Health & Personal Care,ExWty- Healthcare,,,,,,,
Small Appliances,Kitchen Appliances,ExWty- Kitchen Appliances,,,,,,,
Entertainment,Audio Systems,ExWty- DJ Speakers,,,,,,,
Large Appliances,Microwaves,ExWty- Microwaves,,,,,,,
Small Appliances,Ovens & Cookers,ExWty- Ovens,,,,,,,
Small Appliances,Security,ExWty- Security,,,,,,,
Entertainment,Personal Assistant Speaker,ExWty- Personal Assistant,,,,,,,
Entertainment,Home Theatre,ExWty- Home Theatre,,,,,,,
Entertainment,Projectors,ExWty- Projectors,,,,,,,
Entertainment,Speakers,ExWty- Speakers,,,,,,,
Entertainment,Audio Systems,ExWty- Audio Systems,,,,,,,
Computers Peripherals,Printers & Office Solutions,ExWty- Printers & Office Soln,,,,,,,
Small Appliances,Kitchen Appliances,Do not Use,,,,,,,
Small Appliances,Kitchen Appliances,Waste Treatment,,,,,,,
Entertainment,Portable BT Speakers/MP3 Players,Speakers - Bluetooth/Portable_H,,,,,,,
Entertainment,Home Theatre,Home Theatre Blue Ray-High End,,,,,,,
Small Appliances,Ovens & Cookers,OTG More Than 30L,,,,,,,
Entertainment,Audio Systems,DJ MACHINE_H,,,,,,,
Entertainment,Audio Systems,DJ MACHINE_L,,,,,,,
Small Appliances,Air Purifier,Room Air Purifier,,,,,,,
Small Appliances,Water Purifiers,ExWty-Water Purifiers,,,,,,,
Small Appliances,Cooling & Heating Appliances,ExWty- Cooling & Heating Appliances,,,,,,,
Small Appliances,Air Purifier,Portable Air Purifier,,,,,,,
Small Appliances,Health & Personal Care,Weighing Scales,,,,,,,
Small Appliances,Air Purifier,Car Air Purifier,,,,,,,
Small Appliances,Health & Personal Care,Skincare - Male,,,,,,,
Entertainment,Audio Systems,Personal Audio_L,,,,,,,
Small Appliances,Air Purifier,ExWty- Air Purifiers,,,,,,,
Entertainment,Portable BT Speakers/MP3 Players,ExWty- Speakers - Bluetooth/Portable,,,,,,,
Entertainment,Personal Assistant Speaker,Personal Assistant Speaker Standee,,,,,,,
Small Appliances,Kitchen Appliances,Kitchen Sets & Accessories_L,,,,,,,
Small Appliances,Health & Personal Care,Smart Health Devices,,,,,,,
Small Appliances,Fans,Humidifiers & Dehumidifiers,,,,,,,
Entertainment,Speakers,Speakers - Bluetooth/Portable,,,,,,,
Small Appliances,Health & Personal Care,Baby Care_L,,,,,,,
Small Appliances,Health & Personal Care,Fitness Machines,,,,,,,
Small Appliances,Cooling & Heating Appliances,Bed Warmer_L,,,,,,,
Small Appliances,Cooling & Heating Appliances,Bed Warmer_H,,,,,,,
Small Appliances,Health & Personal Care,Smart Health Devices_H,,,,,,,
Small Appliances,Kitchen Appliances,Vegetable Cleaners/Purifiers,,,,,,,
Small Appliances,Health & Personal Care,Face Masks,,,,,,,
Computers Peripherals,Printers & Office Solutions,3D Accessories,,,,,,,
Computers Peripherals,Printers & Office Solutions,Printers 3D,,,,,,,
Small Appliances,Water Purifiers RO,Water Purifiers RO,,,,,,,
Entertainment,Projectors,Home,,,,,,,
Small Appliances,Health & Personal Care,Covid Essentials,,,,,,,
Entertainment,Personal Assistant Speaker,Ins - HomePod,,,,,,,
Small Appliances,Health & Personal Care,Skincare - Female,,,,,,,
Small Appliances,Health & Personal Care,Well Being_L,,,,,,,
Small Appliances,Ovens & Cookers,Cookers_S,,,,,,,
Small Appliances,Health & Personal Care,Dental Care_H,,,,,,,
Entertainment,Projectors,Screens_L,,,,,,,
Entertainment,Projectors,Screens,,,,,,,
,,,End,,,,,,
Communication,Phones Mobile Accessories,Scratchesgard,4,A,NA,NA,NA,Seal Pack/Packaging Yes,NA
Computers Peripherals,PC Accessories,Adaptors/Cables,3,B,NA/Un-used,NA,NA/No Damage/No Dent/No Scratches/No Screen Damage/No Screen Scratches/No Body Damage/No Body Scratches,Seal Pack/Packaging Yes/Open Good/Open Damage/Packaging No,NA/Yes
Computers Peripherals,PC Accessories,CMP SURGE PROTECTORS,2,C,NA/Un-used,NA,NA/No Damage/No Dent/No Scratches/No Body Damage/No Body Scratches/Minor Damage/Side Minor Damage/Top Minor Damage/Back Minor Damage/Minor Body Damage/Minor Body Scratches/Minor Dent/Front Minor Dent /Side Minor Dent/Back Minor Dent/Top Minor Dent/Minor Scratches/Front Minor Scratches /Side Minor Scratches/Back Minor Scratches/Top Minor Scratches/Major Scratches/Back Major Scratches/Top Major Scratches/No Screen Damage/No Screen Scratches,Seal Pack/Packaging Yes/Open Good/Open Damage/Packaging No,NA/Yes/No
Imaging,Travel Accessories,Travel Chargers,1,D,NA/Un-used/Used,NA,NA/No Damage/No Dent/No Scratches/No Body Damage/No Body Scratches/Minor Damage/Front Minor Damage/Side Minor Damage/Top Minor Damage/Back Minor Damage/Minor Body Damage/Minor Dent/Front Minor Dent /Side Minor Dent/Back Minor Dent/Top Minor Dent/Minor Scratches/Front Minor Scratches /Side Minor Scratches/Back Minor Scratches/Top Minor Scratches/Minor Body Scratches/Major Scratches/Back Major Scratches/Top Major Scratches/Major Dent/Front Major Dent /Side Major Dent/Back Major Dent/Top Major Dent/Front Major Scratches /Side Major Scratches/No Screen Damage/No Screen Scratches/Minor Screen Scratches,Seal Pack/Packaging Yes/Open Good/Open Damage/Packaging No,NA/Yes/No
Computers Peripherals,PC Accessories,PC Add On,0,E,NA/Un-used/Used,NA,NA/No Damage/No Dent/No Scratches/No Body Damage/No Body Scratches/Minor Damage/Front Minor Damage/Side Minor Damage/Top Minor Damage/Back Minor Damage/Minor Body Damage/Minor Dent/Front Minor Dent /Side Minor Dent/Back Minor Dent/Top Minor Dent/Minor Scratches/Front Minor Scratches /Side Minor Scratches/Back Minor Scratches/Top Minor Scratches/Minor Body Scratches/Major Scratches/Back Major Scratches/Top Major Scratches/Major Dent/Front Major Dent /Side Major Dent/Back Major Dent/Top Major Dent/Front Major Scratches /Side Major Scratches/Major Damage/Front Major Damage/Side Major Damage/Top Major Damage/Back Major Damage/No Screen Damage/No Screen Scratches/Minor Screen Damage/Minor Screen Scratches/Major Screen Damage/Major Screen Scratches/Major Body Damage/Major Body Scratches,Seal Pack/Packaging Yes/Open Good/Open Damage/Packaging No,NA/Yes/No
Small Appliances,Power,Invertors,,,,,,,
Small Appliances,Power,Door Chimes,,,,,,,
Small Appliances,Power,Stabilizer,,,,,,,
Communication,Phones Mobile Accessories,Power bank/ Batteries,,,,,,,
Communication,Phones Mobile Accessories,Mobile Covers/Cases,,,,,,,
Communication,Phones Mobile Accessories,Cables & Connectors,,,,,,,
Communication,Phones Mobile Accessories,Mobile Hands Free,,,,,,,
Communication,Phones Mobile Accessories,Scratchesgard_L,,,,,,,
Communication,Phones Mobile Accessories,Hands Free & Speakers,,,,,,,
Communication,Navigation Systems,Navigation Systems,,,,,,,
Communication,Phones Fixed,Phones Corded,,,,,,,
Communication,Phones Fixed,Phones Cordless,,,,,,,
Communication,Phones Fixed,Simcard enabled Fixed Phone,,,,,,,
Communication,Phones Fixed,VoIP Router,,,,,,,
Entertainment,Entertainment Accessories,Cables Audio Standard,,,,,,,
Entertainment,Entertainment Accessories,Cables Video High End,,,,,,,
Entertainment,Entertainment Accessories,Cables Video Mid Range,,,,,,,
Entertainment,Entertainment Accessories,Cables Video Special,,,,,,,
Entertainment,Entertainment Accessories,Cables Video Standard,,,,,,,
Entertainment,Entertainment Accessories,TV Connectors,,,,,,,
Entertainment,Entertainment Accessories,Adaptors - Audio / Video / RF,,,,,,,
Entertainment,Entertainment Accessories,Optical Cables / Accessories,,,,,,,
Entertainment,Entertainment Accessories,Cleaners,,,,,,,
Entertainment,Entertainment Accessories,Remote Controls,,,,,,,
Gaming,Toys,Activity Set & Learning Aid,,,,,,,
Gaming,Toys,RC Cars & Vehicles,,,,,,,
Gaming,Toys,Action Figures & Toys,,,,,,,
Entertainment,MP3 Accessories,MP3 Cases,,,,,,,
Entertainment,MP3 Accessories,MP3 Accessories,,,,,,,
Gaming,PC Gaming,PC Games,,,,,,,
Gaming,Toys,Games & Puzzles,,,,,,,
Gaming,Gaming Hardware,Handheld/Vedio Games,,,,,,,
Gaming,Toys,Camera & Spy Gear,,,,,,,
Imaging,Travel Accessories,Travel Comfort_L,,,,,,,
Imaging,Imaging Accessories,Camcorder Accessories,,,,,,,
Imaging,Imaging Accessories,Digital Camera Accessories,,,,,,,
Imaging,Imaging Accessories,Camera Bags/Pouches,,,,,,,
Imaging,Imaging Accessories,Memory Cards - IMG,,,,,,,
Computers Peripherals,Networking,Networking AC Series,,,,,,,
Gaming,Gaming Hardware,Console Gaming Headphones,,,,,,,
Computers Peripherals,Input Devices,Keyboards,,,,,,,
Computers Peripherals,Input Devices,Mice,,,,,,,
Computers Peripherals,Input Devices,Presenters,,,,,,,
Computers Peripherals,Input Devices,Tablets,,,,,,,
Imaging,Imaging Accessories,Photo Paper,,,,,,,
Computers Peripherals,Networking,Networking,,,,,,,
Gaming,Gaming Hardware,X Box Hardware,,,,,,,
Gaming,Gaming Hardware,Sony Play Station Hardware,,,,,,,
Communication,Calculators,PDA Accessories,,,,,,,
Entertainment,Entertainment Accessories,Cables Audio High End,,,,,,,
Entertainment,MP3 Accessories,Walkman Accessories,,,,,,,
Computers Peripherals,Networking,Networking Extender,,,,,,,
Computers Peripherals,Storage Media,Harddisk,,,,,,,
Computers Peripherals,Storage Media,Memory - Flash Drives,,,,,,,
Communication,Calculators,Calculators,,,,,,,
Entertainment,Earphones/Headphones,Audio Tapes Blank,,,,,,,
Entertainment,Earphones/Headphones,Audio Carry Cases,,,,,,,
Entertainment,Earphones/Headphones,Headphones_D,,,,,,,
Entertainment,Earphones/Headphones,Headphones Wireless,,,,,,,
Entertainment,Earphones/Headphones,Earphones_D,,,,,,,
Entertainment,Earphones/Headphones,Earphones,,,,,,,
Imaging,Travel Accessories,Travel Batteries,,,,,,,
Imaging,Travel Accessories,Travel Gear,,,,,,,
Imaging,Travel Accessories,Rechargeable Batteries_L,,,,,,,
Gaming,Gaming Hardware,PS2 Accessories,,,,,,,
Gaming,PC Gaming,PC GMG Keyboards Mice Headsets,,,,,,,
Gaming,Gaming Hardware,XBox Accessories,,,,,,,
Gaming,Gaming Hardware,Nintendo Wii Accessories,,,,,,,
Gaming,Gaming Hardware,Sony Play Station - 3 Hardware,,,,,,,
Gaming,Gaming Hardware,PS3 Accessories,,,,,,,
Gaming,Gaming Hardware,PSP Accessories,,,,,,,
Imaging,Imaging Accessories,Digital Photo Frames,,,,,,,
Imaging,Imaging Accessories,Binoculars,,,,,,,
Imaging,Imaging Accessories,Lens - SLR Cameras,,,,,,,
Computers Peripherals,PC Accessories,Web Cams,,,,,,,
Computers Peripherals,PC Accessories,PC Headsets,,,,,,,
Computers Peripherals,PC Accessories,Laptop Kit,,,,,,,
Computers Peripherals,PC Accessories,MAC Accessories,,,,,,,
Computers Peripherals,Networking,USB data cards,,,,,,,
Computers Peripherals,Networking,Networking N Series,,,,,,,
Entertainment,Earphones/Headphones,DO NOT USE,,,,,,,
Imaging,Imaging Accessories,Camera Attachments,,,,,,,
Communication,Calculators,Electronic Reference,,,,,,,
Communication,Phones Mobile Accessories,Phone Accessories,,,,,,,
Entertainment,Earphones/Headphones,Headphone Accessories,,,,,,,
Communication,Phones Mobile Accessories,Apple Iphone Accessories,,,,,,,
Computers Peripherals,PC Accessories,PC Speakers,,,,,,,
Communication,Phones Mobile Accessories,Chargers & Adaptors,,,,,,,
Computers Peripherals,PC Accessories,Notebook Batteries,,,,,,,
Imaging,Imaging Accessories,Camera Miscellaneous,,,,,,,
Gaming,Gaming Hardware,Nintendo DS Lite,,,,,,,
Communication,Phones Mobile Accessories,Memory Cards - COM,,,,,,,
Imaging,Imaging Accessories,Camera Scratchesguards,,,,,,,
Communication,Navigation Systems,Navigation Software CD's,,,,,,,
Gaming,Gaming Hardware,Nintendo Wii,,,,,,,
Entertainment,Musical Instruments,Drums,,,,,,,
Entertainment,Musical Instruments,Guitars,,,,,,,
Entertainment,Batteries,Batteries Carbon,,,,,,,
Imaging,Imaging Accessories,Tripods,,,,,,,
Communication,Phones Fixed,Fixed Wireless Phones - FWP,,,,,,,
Communication,Phones Fixed,Walkie-Talkie,,,,,,,
Computers Peripherals,E-Readers,E-Readers,,,,,,,
Entertainment,Entertainment Accessories,TV Accessories,,,,,,,
Communication,Phones Mobile Accessories,ExWty- Mobile Phone Accsry,,,,,,,
Communication,Phones Fixed,ExWty- Phones Fixed,,,,,,,
Computers Peripherals,Networking,ExWty- Router,,,,,,,
Gaming,Gaming Hardware,ExWty- Gaming Hardware,,,,,,,
Computers Peripherals,PC Accessories,ExWty- PC accessories,,,,,,,
Computers Peripherals,Peripherals,ExWty- Peripherals,,,,,,,
Small Appliances,Power,ExWty- Stabilizer,,,,,,,
Computers Peripherals,Storage Media,C&C Storage Media,,,,,,,
Communication,Phones Mobile Accessories,Mobile & PDA Attachment,,,,,,,
Imaging,Imaging Accessories,Imaging Training Guides,,,,,,,
Computers Peripherals,E-Readers,E-Reader-Accessories,,,,,,,
Computers Peripherals,Storage Media,Network Harddisks,,,,,,,
Entertainment,Batteries,Batteries Rechargeable,,,,,,,
Entertainment,Batteries,Batteries Alkaline,,,,,,,
Entertainment,Batteries,Battery Chargers / Accessories,,,,,,,
Entertainment,Earphones/Headphones,Premium Headphone,,,,,,,
Imaging,Travel Accessories,Travel Comfort,,,,,,,
Entertainment,Batteries,Torches,,,,,,,
Communication,Phones Mobile Accessories,Antivirus & Softwares,,,,,,,
Communication,Phones Mobile Accessories,Mounts & Enhancements,,,,,,,
Communication,Phones Mobile Accessories,Powerbank_L,,,,,,,
Entertainment,Earphones/Headphones,Headphones,,,,,,,
Entertainment,Earphones/Headphones,Premium Earphone,,,,,,,
Entertainment,Earphones/Headphones,Earphones_D,,,,,,,
Communication,Phones Mobile Accessories,Cables & Connectors,,,,,,,
Entertainment,Earphones/Headphones,Earphones_D,,,,,,,
Communication,Phones Mobile Accessories,Chargers & Adaptors,,,,,,,
Entertainment,Earphones/Headphones,Headphones Wireless,,,,,,,
Communication,Phones Mobile Accessories,Scratchesgard,,,,,,,
Computers Peripherals,PC Accessories,Adaptors/Cables/Hubs,,,,,,,
Computers Peripherals,PC Accessories,CMP SURGE PROTECTORS,,,,,,,
Imaging,Travel Accessories,Travel Chargers,,,,,,,
Computers Peripherals,PC Accessories,PC Add On,,,,,,,
Small Appliances,Power,Invertors,,,,,,,
Small Appliances,Power,Door Chimes,,,,,,,
Small Appliances,Power,Stabilizer,,,,,,,
Communication,Phones Mobile Accessories,Power bank/ Batteries,,,,,,,
Communication,Phones Mobile Accessories,Mobile Covers/Cases,,,,,,,
Communication,Phones Mobile Accessories,Cables & Connectors,,,,,,,
Communication,Phones Mobile Accessories,Mobile Hands Free,,,,,,,
Communication,Phones Mobile Accessories,Scratchesgard_L,,,,,,,
Communication,Phones Mobile Accessories,Hands Free & Speakers,,,,,,,
Communication,Navigation Systems,Navigation Systems,,,,,,,
Communication,Phones Fixed,Phones Corded,,,,,,,
Communication,Phones Fixed,Phones Cordless,,,,,,,
Communication,Phones Fixed,Simcard enabled Fixed Phone,,,,,,,
Communication,Phones Fixed,VoIP Router,,,,,,,
Entertainment,Entertainment Accessories,Cables Audio Standard,,,,,,,
Entertainment,Entertainment Accessories,Cables Video High End,,,,,,,
Entertainment,Entertainment Accessories,Cables Video Mid Range,,,,,,,
Entertainment,Entertainment Accessories,Cables Video Special,,,,,,,
Entertainment,Entertainment Accessories,Cables Video Standard,,,,,,,
Entertainment,Entertainment Accessories,TV Connectors,,,,,,,
Entertainment,Entertainment Accessories,Adaptors - Audio / Video / RF,,,,,,,
Entertainment,Entertainment Accessories,Optical Cables / Accessories,,,,,,,
Entertainment,Entertainment Accessories,Cleaners,,,,,,,
Entertainment,Entertainment Accessories,Remote Controls,,,,,,,
Gaming,Toys,Activity Set & Learning Aid,,,,,,,
Gaming,Toys,RC Cars & Vehicles,,,,,,,
Gaming,Toys,Action Figures & Toys,,,,,,,
Entertainment,MP3 Accessories,MP3 Cases,,,,,,,
Entertainment,MP3 Accessories,MP3 Accessories,,,,,,,
Gaming,PC Gaming,PC Games,,,,,,,
Gaming,Toys,Games & Puzzles,,,,,,,
Gaming,Gaming Hardware,Handheld/Vedio Games,,,,,,,
Gaming,Toys,Camera & Spy Gear,,,,,,,
Imaging,Travel Accessories,Travel Comfort_L,,,,,,,
Imaging,Imaging Accessories,Camcorder Accessories,,,,,,,
Imaging,Imaging Accessories,Digital Camera Accessories,,,,,,,
Imaging,Imaging Accessories,Camera Bags/Pouches,,,,,,,
Imaging,Imaging Accessories,Memory Cards - IMG,,,,,,,
Computers Peripherals,Networking,Networking AC Series,,,,,,,
Gaming,Gaming Hardware,Console Gaming Headphones,,,,,,,
Computers Peripherals,Input Devices,Keyboards,,,,,,,
Computers Peripherals,Input Devices,Mice,,,,,,,
Computers Peripherals,Input Devices,Presenters,,,,,,,
Computers Peripherals,Input Devices,Tablets,,,,,,,
Imaging,Imaging Accessories,Photo Paper,,,,,,,
Computers Peripherals,Networking,Networking,,,,,,,
Gaming,Gaming Hardware,X Box Hardware,,,,,,,
Gaming,Gaming Hardware,Sony Play Station Hardware,,,,,,,
Communication,Calculators,PDA Accessories,,,,,,,
Entertainment,Entertainment Accessories,Cables Audio High End,,,,,,,
Entertainment,MP3 Accessories,Walkman Accessories,,,,,,,
Computers Peripherals,Networking,Networking Extender,,,,,,,
Computers Peripherals,Storage Media,Harddisk,,,,,,,
Computers Peripherals,Storage Media,Memory - Flash Drives,,,,,,,
Communication,Calculators,Calculators,,,,,,,
Entertainment,Earphones/Headphones,Audio Tapes Blank,,,,,,,
Entertainment,Earphones/Headphones,Audio Carry Cases,,,,,,,
Entertainment,Earphones/Headphones,Headphones_D,,,,,,,
Entertainment,Earphones/Headphones,Headphones Wireless,,,,,,,
Entertainment,Earphones/Headphones,Earphones_D,,,,,,,
Entertainment,Earphones/Headphones,Earphones,,,,,,,
Imaging,Travel Accessories,Travel Batteries,,,,,,,
Imaging,Travel Accessories,Travel Gear,,,,,,,
Imaging,Travel Accessories,Rechargeable Batteries_L,,,,,,,
Gaming,Gaming Hardware,PS2 Accessories,,,,,,,
Gaming,PC Gaming,PC GMG Keyboards Mice Headsets,,,,,,,
Gaming,Gaming Hardware,XBox Accessories,,,,,,,
Gaming,Gaming Hardware,Nintendo Wii Accessories,,,,,,,
Gaming,Gaming Hardware,Sony Play Station - 3 Hardware,,,,,,,
Gaming,Gaming Hardware,PS3 Accessories,,,,,,,
Gaming,Gaming Hardware,PSP Accessories,,,,,,,
Imaging,Imaging Accessories,Digital Photo Frames,,,,,,,
Imaging,Imaging Accessories,Binoculars,,,,,,,
Imaging,Imaging Accessories,Lens - SLR Cameras,,,,,,,
Computers Peripherals,PC Accessories,ExWty- PC accessories,,,,,,,
Computers Peripherals,PC Accessories,Web Cams,,,,,,,
Computers Peripherals,PC Accessories,PC Headsets,,,,,,,
Computers Peripherals,PC Accessories,Laptop Kit,,,,,,,
Computers Peripherals,PC Accessories,MAC Accessories,,,,,,,
Computers Peripherals,Networking,USB data cards,,,,,,,
Computers Peripherals,Networking,Networking N Series,,,,,,,
Computers Peripherals,E-Readers,E-Readers,,,,,,,
Entertainment,Earphones/Headphones,DO NOT USE,,,,,,,
Imaging,Imaging Accessories,Camera Attachments,,,,,,,
Communication,Calculators,Electronic Reference,,,,,,,
Communication,Phones Mobile Accessories,Phone Accessories,,,,,,,
Entertainment,Earphones/Headphones,Headphone Accessories,,,,,,,
Communication,Phones Mobile Accessories,Apple Iphone Accessories,,,,,,,
Computers Peripherals,PC Accessories,PC Speakers,,,,,,,
Communication,Phones Mobile Accessories,Chargers & Adaptors,,,,,,,
Computers Peripherals,PC Accessories,Notebook Batteries,,,,,,,
Imaging,Imaging Accessories,Camera Miscellaneous,,,,,,,
Gaming,Gaming Hardware,Nintendo DS Lite,,,,,,,
Communication,Phones Mobile Accessories,Memory Cards - COM,,,,,,,
Imaging,Imaging Accessories,Camera Scratchesguards,,,,,,,
Communication,Navigation Systems,Navigation Software CD's,,,,,,,
Gaming,Gaming Hardware,Nintendo Wii,,,,,,,
Entertainment,Musical Instruments,Drums,,,,,,,
Entertainment,Musical Instruments,Guitars,,,,,,,
Entertainment,Batteries,Batteries Carbon,,,,,,,
Imaging,Imaging Accessories,Tripods,,,,,,,
Communication,Phones Fixed,Fixed Wireless Phones - FWP,,,,,,,
Communication,Phones Fixed,Walkie-Talkie,,,,,,,
Entertainment,Entertainment Accessories,TV Accessories,,,,,,,
Communication,Phones Mobile Accessories,ExWty- Mobile Phone Accsry,,,,,,,
Communication,Phones Fixed,ExWty- Phones Fixed,,,,,,,
Computers Peripherals,Networking,ExWty- Router,,,,,,,
Gaming,Gaming Hardware,ExWty- Gaming Hardware,,,,,,,
Computers Peripherals,Peripherals,ExWty- Peripherals,,,,,,,
Small Appliances,Power,ExWty- Stabilizer,,,,,,,
Computers Peripherals,Storage Media,C&C Storage Media,,,,,,,
Communication,Phones Mobile Accessories,Mobile & PDA Attachment,,,,,,,
Imaging,Imaging Accessories,Imaging Training Guides,,,,,,,
Computers Peripherals,Storage Media,Network Harddisks,,,,,,,
Entertainment,Batteries,Batteries Rechargeable,,,,,,,
Entertainment,Batteries,Batteries Alkaline,,,,,,,
Entertainment,Batteries,Battery Chargers / Accessories,,,,,,,
Entertainment,Earphones/Headphones,Premium Headphone,,,,,,,
Imaging,Travel Accessories,Travel Comfort,,,,,,,
Entertainment,Batteries,Torches,,,,,,,
Computers Peripherals,E-Readers,E-Reader-Accessories,,,,,,,
Communication,Phones Mobile Accessories,Antivirus & Softwares,,,,,,,
Communication,Phones Mobile Accessories,Mounts & Enhancements,,,,,,,
Communication,Phones Mobile Accessories,Powerbank_L,,,,,,,
Entertainment,Earphones/Headphones,Headphones,,,,,,,
Entertainment,Earphones/Headphones,Premium Earphone,,,,,,,
Computers Peripherals,Networking,MIFI-WIFI PORTABLE ROUTERS,,,,,,,
Gaming,Gaming Hardware,Sony Play Station - 4 Hardware,,,,,,,
Gaming,Gaming Hardware,PS4 Accessories,,,,,,,
Computers Peripherals,PC Accessories,DELL-ATTACHMENTS-CONS,,,,,,,
Computers Peripherals,Storage Media,Cloud Storage,,,,,,,
Computers Peripherals,PC Accessories,ACER-ATTACHMENTS,,,,,,,
Entertainment,MP3 Accessories,MP3 Accessories_L,,,,,,,
Entertainment,Entertainment Accessories,Cleaners_L,,,,,,,
Communication,Phones Mobile Accessories,Memory Cards - COM Premium,,,,,,,
Entertainment,Entertainment Accessories,Adaptors - Audio / Video / RF_L,,,,,,,
Entertainment,Earphones/Headphones,Demo Earphones/Headphones,,,,,,,
Imaging,Travel Accessories,Travel Eye masks,,,,,,,
Imaging,Travel Accessories,Travel Bags,,,,,,,
Imaging,Travel Accessories,Travel Security,,,,,,,
Imaging,Travel Accessories,Travel Locks,,,,,,,
Imaging,Imaging Accessories,Action & Sports Cam Accessories,,,,,,,
Communication,Phones Mobile Accessories,Cables & Connectors_H,,,,,,,
Entertainment,Earphones/Headphones,ExWty- Headphones/Earphones,,,,,,,
Imaging,Imaging Accessories,Imaging Accessories_L,,,,,,,
Small Appliances,Power,Power Board / Double adaptors,,,,,,,
Computers Peripherals,PC Accessories,UPS,,,,,,,
Computers Peripherals,Storage Media,SSD Drive,,,,,,,
Small Appliances,Power,Uninterruptable Power Supply,,,,,,,
Gaming,Toys,E-Wheelers,,,,,,,
Gaming,Toys,Action Figures & Toys_L,,,,,,,
Computers Peripherals,PC Accessories,Projectors,,,,,,,
Computers Peripherals,Networking,Switches and Splitters,,,,,,,
Entertainment,Earphones/Headphones,Mono Headset,,,,,,,
Computers Peripherals,Gaming Consoles and Accessories,PC Games,,,,,,,
Computers Peripherals,Gaming Consoles and Accessories,Sony Play Station - 2 Games,,,,,,,
Computers Peripherals,Gaming Consoles and Accessories,Sony PSP Games,,,,,,,
Computers Peripherals,Gaming Consoles and Accessories,Sony Play Station - 3 Games,,,,,,,
Computers Peripherals,Gaming Consoles and Accessories,Handheld/Vedio Games,,,,,,,
Computers Peripherals,Gaming Consoles and Accessories,Console Gaming Headphones,,,,,,,
Computers Peripherals,Gaming Consoles and Accessories,X Box Hardware,,,,,,,
Computers Peripherals,Gaming Consoles and Accessories,Sony Play Station Hardware,,,,,,,
Computers Peripherals,Gaming Consoles and Accessories,X Box Games,,,,,,,
Computers Peripherals,Gaming Consoles and Accessories,PS2 Accessories,,,,,,,
Computers Peripherals,Gaming Consoles and Accessories,PC GMG Keyboards Mice Headsets,,,,,,,
Computers Peripherals,Gaming Consoles and Accessories,XBox Accessories,,,,,,,
Computers Peripherals,Gaming Consoles and Accessories,Nintendo Wii Accessories,,,,,,,
Computers Peripherals,Gaming Consoles and Accessories,Sony Play Station - 3 Hardware,,,,,,,
Computers Peripherals,Gaming Consoles and Accessories,PS3 Accessories,,,,,,,
Computers Peripherals,Gaming Consoles and Accessories,PSP Accessories,,,,,,,
Computers Peripherals,Gaming Consoles and Accessories,Nintendo Wii Games,,,,,,,
Entertainment,Earphones/Headphones,PC & Gaming Headset_L,,,,,,,
Computers Peripherals,Gaming Consoles and Accessories,Nintendo Wii,,,,,,,
Computers Peripherals,Gaming Consoles and Accessories,X-Box Live,,,,,,,
Computers Peripherals,Gaming Consoles and Accessories,Sony Play Station - 4 Hardware,,,,,,,
Computers Peripherals,Gaming Consoles and Accessories,Sony Play Station - 4 Games,,,,,,,
Computers Peripherals,Gaming Consoles and Accessories,Sony Play Station - 4 Games consign,,,,,,,
Entertainment,Earphones/Headphones,PC & Gaming Headset_H,,,,,,,
Computers Peripherals,Gaming Consoles and Accessories,Playstation Plus,,,,,,,
Computers Peripherals,E-Readers,ExWty- E-Readers,,,,,,,
Computers Peripherals,PC Accessories,Laptop Powerbank,,,,,,,
Computers Peripherals,Gaming Consoles and Accessories,PS4 Accessories,,,,,,,
Computers Peripherals,PC Accessories,Adaptors/Cables/Hubs_L,,,,,,,
Small Appliances,Power,Adaptors AC/DC,,,,,,,
Entertainment,Earphones/Headphones,Ins  Headphones,,,,,,,
,,,End,,,,,,
Large Appliances,Dummies,Dummies Split AC,4,A,NA,NA,NA,Seal Pack/Packaging Yes,NA
Small Appliances,Cookware,Gas Stoves/Cooktops,3,B,NA/Un-used,NA,NA/No Damage/No Dent/No Scratches/No Screen Damage/No Screen Scratches/No Body Damage/No Body Scratches,Seal Pack/Packaging Yes/Open Good/Open Damage/Packaging No,NA/Yes
Small Appliances,Cookware,Hobs,2,C,NA/Un-used,NA,NA/No Damage/No Dent/No Scratches/No Body Damage/No Body Scratches/Minor Damage/Side Minor Damage/Top Minor Damage/Back Minor Damage/Minor Body Damage/Minor Body Scratches/Minor Dent/Front Minor Dent /Side Minor Dent/Back Minor Dent/Top Minor Dent/Minor Scratches/Front Minor Scratches /Side Minor Scratches/Back Minor Scratches/Top Minor Scratches/Major Scratches/Back Major Scratches/Top Major Scratches/No Screen Damage/No Screen Scratches,Seal Pack/Packaging Yes/Open Good/Open Damage/Packaging No,NA/Yes/No
Small Appliances,Cookware,Chimney,1,D,NA/Un-used/Used,NA,NA/No Damage/No Dent/No Scratches/No Body Damage/No Body Scratches/Minor Damage/Front Minor Damage/Side Minor Damage/Top Minor Damage/Back Minor Damage/Minor Body Damage/Minor Dent/Front Minor Dent /Side Minor Dent/Back Minor Dent/Top Minor Dent/Minor Scratches/Front Minor Scratches /Side Minor Scratches/Back Minor Scratches/Top Minor Scratches/Minor Body Scratches/Major Scratches/Back Major Scratches/Top Major Scratches/Major Dent/Front Major Dent /Side Major Dent/Back Major Dent/Top Major Dent/Front Major Scratches /Side Major Scratches/No Screen Damage/No Screen Scratches/Minor Screen Scratches,Seal Pack/Packaging Yes/Open Good/Open Damage/Packaging No,NA/Yes/No
Small Appliances,Cookware,Cooking Range,0,E,NA/Un-used/Used,NA,NA/No Damage/No Dent/No Scratches/No Body Damage/No Body Scratches/Minor Damage/Front Minor Damage/Side Minor Damage/Top Minor Damage/Back Minor Damage/Minor Body Damage/Minor Dent/Front Minor Dent /Side Minor Dent/Back Minor Dent/Top Minor Dent/Minor Scratches/Front Minor Scratches /Side Minor Scratches/Back Minor Scratches/Top Minor Scratches/Minor Body Scratches/Major Scratches/Back Major Scratches/Top Major Scratches/Major Dent/Front Major Dent /Side Major Dent/Back Major Dent/Top Major Dent/Front Major Scratches /Side Major Scratches/Major Damage/Front Major Damage/Side Major Damage/Top Major Damage/Back Major Damage/No Screen Damage/No Screen Scratches/Minor Screen Damage/Minor Screen Scratches/Major Screen Damage/Major Screen Scratches/Major Body Damage/Major Body Scratches,Seal Pack/Packaging Yes/Open Good/Open Damage/Packaging No,NA/Yes/No
Small Appliances,Tools,Kits & Accessories,,,,,,,
Small Appliances,Tools,Cordless Tools,,,,,,,
Small Appliances,Dummies,Dummies Small Appliances,,,,,,,
Music,CD Hindi,CD New Film Music,,,,,,,
Music,CD International,CD Pop,,,,,,,
Entertainment,Mounts & Stands,CTV Stands,,,,,,,
Entertainment,Mounts & Stands,Speaker Stands,,,,,,,
Entertainment,Mounts & Stands,LCD Stands,,,,,,,
Entertainment,Kits/Toys,Musical Instrument Toys,,,,,,,
Gaming,Gaming Software,Sony Play Station - 2 Games,,,,,,,
Gaming,Gaming Software,Sony PSP Games,,,,,,,
Gaming,Gaming Software,Sony Play Station - 3 Games,,,,,,,
Gaming,Gaming Software,Nintendo DS Lite Games,,,,,,,
Computers Peripherals,Computer Bags,Backpacks,,,,,,,
Computers Peripherals,Computer Bags,Sleeves/Cases,,,,,,,
Computers Peripherals,Software,Software,,,,,,,
Computers Peripherals,Computer Consignments,Notebook Consignment,,,,,,,
Gaming,Gaming Software,X Box Games,,,,,,,
Entertainment,DVD/VCD/Content,DVD Players - 5.1 Channel,,,,,,,
Entertainment,DVD/VCD/Content,DVD Recorders & VCR,,,,,,,
Entertainment,DVD/VCD/Content,DVD In Car,,,,,,,
Music,CD Hindi,CD Indi Pop,,,,,,,
Music,CD Hindi,CD Old Film Music,,,,,,,
Movies,DVD Bollywood,DB New Hindi Films,,,,,,,
Movies,DVD Hollywood,DH Action & Adventure,,,,,,,
Movies,DVD Hollywood,DH Thriller,,,,,,,
Movies,DVD Hollywood,DH Drama,,,,,,,
Movies,DVD Regional,DR Gujrathi,,,,,,,
Entertainment,DVD/VCD/Content,Mic & Karaoke,,,,,,,
Entertainment,DVD/VCD/Content,Set Top Boxes,,,,,,,
Entertainment,DVD/VCD/Content,Blu Ray DVD Players,,,,,,,
Gaming,Gaming Software,Nintendo Wii Games,,,,,,,
Movies,VCD Bollywood,VB Old Hindi Film,,,,,,,
Movies,VCD Hollywood,VH Kids/Cartoon/Animation,,,,,,,
Movies,VCD Hollywood,VH Thriller,,,,,,,
Movies,VCD Hollywood,VH Drama,,,,,,,
Movies,VCD Regional,VR Kannada,,,,,,,
Computers Peripherals,Software,License,,,,,,,
Music,CD Classical,CD Thematic,,,,,,,
Entertainment,DVD/VCD/Content,DVD Players - 2.1 Channel,,,,,,,
Computers Peripherals,Computer Bags,Backpacks-Oem,,,,,,,
Small Appliances,Tools,Corded Tools,,,,,,,
Movies,DVD Hollywood,DH Music Videos,,,,,,,
Movies,VCD Bollywood,VB Music Videos,,,,,,,
Entertainment,DVD/VCD/Content,Streaming Devices,,,,,,,
Movies,DVD Bollywood,Movie DVD,,,,,,,
Computers Peripherals,Computer Consignments,Carry Bags Consignment,,,,,,,
Gaming,Gaming Software,X-Box Live,,,,,,,
Movies,DVD Hollywood,DH Kids/Cartoon/Animation,,,,,,,
Computers Peripherals,Computer Consignments,Desktops Consignment,,,,,,,
Computers Peripherals,Software,Online Software,,,,,,,
Music,CD International,CD Rock,,,,,,,
Movies,VCD Regional,VR Telgu,,,,,,,
Movies,DVD Television,DT English,,,,,,,
Music,CD Devotional,CD North Indian,,,,,,,
Entertainment,DVD/VCD/Content,Content & Subscriptions,,,,,,,
Miscellaneous,Free Gifts,Communications,,,,,,,
Computers Peripherals,Computer Bags,Sling/Messenger Bags,,,,,,,
Small Appliances,Cookware,ExWty- Cookware,,,,,,,
Small Appliances,Tools,ExWty- Tools,,,,,,,
Entertainment,DVD/VCD/Content,ExWty- DVD / VCD,,,,,,,
Miscellaneous,Free Gifts,Gift Cards,,,,,,,
Miscellaneous,Free Gifts,Large Appliances,,,,,,,
Miscellaneous,Free Gifts,Small Appliances,,,,,,,
Miscellaneous,Free Gifts,Computers / Peripherals,,,,,,,
Miscellaneous,Free Gifts,Imaging,,,,,,,
Miscellaneous,Free Gifts,Entertainment,,,,,,,
Miscellaneous,Free Gifts,Gaming,,,,,,,
Miscellaneous,Free Gifts,Movies,,,,,,,
Miscellaneous,Spares,Appliance Small,,,,,,,
Miscellaneous,Spares,Computers/Peripherals,,,,,,,
Miscellaneous,Spares,Entertainment,,,,,,,
Charge,ECharge,Idea Recharge,,,,,,,
Charge,Simcard,Idea,,,,,,,
Miscellaneous,Spares,Appliance Large,,,,,,,
Miscellaneous,Free Gifts,Music,,,,,,,
Miscellaneous,Spares,Imaging,,,,,,,
Charge,ECharge,Airtel Echarge,,,,,,,
Charge,ECharge,Vodafone Echarge,,,,,,,
Charge,ECharge,Tata Indicom Echarge,,,,,,,
Charge,ECharge,BPL Echarge,,,,,,,
Charge,ECharge,Virgin Echarge,,,,,,,
Charge,Simcard,Airtel,,,,,,,
Charge,Simcard,Tata Indicom,,,,,,,
Charge,Simcard,BPL,,,,,,,
Charge,Simcard,Virgin,,,,,,,
Miscellaneous,Spares,Communications,,,,,,,
Charge,Simcard,Vodafone,,,,,,,
Charge,Simcard,Prepaid Simcards,,,,,,,
Charge,ECharge,Aircel Echarge,,,,,,,
Miscellaneous,Croma Bags Plastic & Paper,Croma Take away Bags,,,,,,,
Imaging,Dummy IMG Cameras / Camcorders,Dummy Cameras / Camcorders,,,,,,,
Gaming,Dummy Gaming Hardware,Gaming Accessories,,,,,,,
Miscellaneous,Dummy Units Misc,Misc Dummy units,,,,,,,
Computers Peripherals,Computer Bags,Trolley Bags,,,,,,,
Large Appliances,Dummies,Dummies Washing Machines,,,,,,,
Computers Peripherals,Computer Consignments,Printers Multi Function Consig,,,,,,,
Computers Peripherals,Computer Consignments,Disney Consignment,,,,,,,
Entertainment,Mounts & Stands,DVD Stands,,,,,,,
Miscellaneous,Free Gifts,Coupons / Vouchers,,,,,,,
Small Appliances,Cookware,Cookware Accessories,,,,,,,
Small Appliances,Cookware,Built in_L,,,,,,,
Miscellaneous,Free Gifts,Small Appliances,,,,,,,
Large Appliances,Dummies,Dummies Split AC,,,,,,,
Small Appliances,Cookware,Gas Stoves/Cooktops,,,,,,,
Small Appliances,Cookware,Hobs,,,,,,,
Small Appliances,Cookware,Chimney,,,,,,,
Small Appliances,Cookware,Cooking Range,,,,,,,
Small Appliances,Tools,Kits & Accessories,,,,,,,
Small Appliances,Tools,Cordless Tools,,,,,,,
Small Appliances,Dummies,Dummies Small Appliances,,,,,,,
Music,CD Hindi,CD New Film Music,,,,,,,
Music,CD International,CD Pop,,,,,,,
Entertainment,Mounts & Stands,CTV Stands,,,,,,,
Entertainment,Mounts & Stands,Speaker Stands,,,,,,,
Entertainment,Mounts & Stands,LCD Stands,,,,,,,
Entertainment,Kits/Toys,Musical Instrument Toys,,,,,,,
Gaming,Gaming Software,Sony Play Station - 2 Games,,,,,,,
Gaming,Gaming Software,Sony PSP Games,,,,,,,
Gaming,Gaming Software,Sony Play Station - 3 Games,,,,,,,
Gaming,Gaming Software,Nintendo DS Lite Games,,,,,,,
Computers Peripherals,Computer Bags,Backpacks-Oem,,,,,,,
Computers Peripherals,Computer Bags,Backpacks,,,,,,,
Computers Peripherals,Computer Bags,Sleeves/Cases,,,,,,,
Computers Peripherals,Software,Software,,,,,,,
Computers Peripherals,Computer Consignments,Notebook Consignment,,,,,,,
Gaming,Gaming Software,X Box Games,,,,,,,
Entertainment,DVD/VCD/Content,DVD Players - 5.1 Channel,,,,,,,
Entertainment,DVD/VCD/Content,DVD Recorders & VCR,,,,,,,
Entertainment,DVD/VCD/Content,DVD In Car,,,,,,,
Music,CD Hindi,CD Indi Pop,,,,,,,
Music,CD Hindi,CD Old Film Music,,,,,,,
Movies,DVD Bollywood,DB New Hindi Films,,,,,,,
Movies,DVD Hollywood,DH Action & Adventure,,,,,,,
Movies,DVD Hollywood,DH Thriller,,,,,,,
Movies,DVD Hollywood,DH Drama,,,,,,,
Movies,DVD Regional,DR Gujrathi,,,,,,,
Entertainment,DVD/VCD/Content,Mic & Karaoke,,,,,,,
Entertainment,DVD/VCD/Content,Set Top Boxes,,,,,,,
Entertainment,DVD/VCD/Content,Blu Ray DVD Players,,,,,,,
Gaming,Gaming Software,Nintendo Wii Games,,,,,,,
Movies,VCD Bollywood,VB Old Hindi Film,,,,,,,
Movies,VCD Hollywood,VH Kids/Cartoon/Animation,,,,,,,
Movies,VCD Hollywood,VH Thriller,,,,,,,
Movies,VCD Hollywood,VH Drama,,,,,,,
Movies,VCD Regional,VR Kannada,,,,,,,
Computers Peripherals,Software,License,,,,,,,
Music,CD Classical,CD Thematic,,,,,,,
Entertainment,DVD/VCD/Content,DVD Players - 2.1 Channel,,,,,,,
Small Appliances,Tools,Corded Tools,,,,,,,
Movies,DVD Hollywood,DH Music Videos,,,,,,,
Movies,VCD Bollywood,VB Music Videos,,,,,,,
Entertainment,DVD/VCD/Content,Streaming Devices,,,,,,,
Movies,DVD Bollywood,Movie DVD,,,,,,,
Computers Peripherals,Computer Consignments,Carry Bags Consignment,,,,,,,
Gaming,Gaming Software,X-Box Live,,,,,,,
Movies,DVD Hollywood,DH Kids/Cartoon/Animation,,,,,,,
Computers Peripherals,Computer Consignments,Desktops Consignment,,,,,,,
Computers Peripherals,Software,Online Software,,,,,,,
Music,CD International,CD Rock,,,,,,,
Movies,VCD Regional,VR Telgu,,,,,,,
Movies,DVD Television,DT English,,,,,,,
Music,CD Devotional,CD North Indian,,,,,,,
Entertainment,DVD/VCD/Content,Content & Subscriptions,,,,,,,
Miscellaneous,Free Gifts,Communications,,,,,,,
Computers Peripherals,Computer Bags,Sling/Messenger Bags,,,,,,,
Small Appliances,Cookware,ExWty- Cookware,,,,,,,
Small Appliances,Tools,ExWty- Tools,,,,,,,
Entertainment,DVD/VCD/Content,ExWty- DVD / VCD,,,,,,,
Miscellaneous,Free Gifts,Gift Cards,,,,,,,
Miscellaneous,Free Gifts,Large Appliances,,,,,,,
Miscellaneous,Free Gifts,Small Appliances,,,,,,,
Miscellaneous,Free Gifts,Computers / Peripherals,,,,,,,
Miscellaneous,Free Gifts,Imaging,,,,,,,
Miscellaneous,Free Gifts,Entertainment,,,,,,,
Miscellaneous,Free Gifts,Gaming,,,,,,,
Miscellaneous,Free Gifts,Movies,,,,,,,
Miscellaneous,Spares,Appliance Small,,,,,,,
Miscellaneous,Spares,Computers/Peripherals,,,,,,,
Miscellaneous,Spares,Entertainment,,,,,,,
Charge,ECharge,Idea Recharge,,,,,,,
Charge,Simcard,Idea,,,,,,,
Miscellaneous,Spares,Appliance Large,,,,,,,
Miscellaneous,Free Gifts,Music,,,,,,,
Miscellaneous,Spares,Imaging,,,,,,,
Charge,ECharge,Airtel Echarge,,,,,,,
Charge,ECharge,Vodafone Echarge,,,,,,,
Charge,ECharge,Tata Indicom Echarge,,,,,,,
Charge,ECharge,BPL Echarge,,,,,,,
Charge,ECharge,Virgin Echarge,,,,,,,
Charge,Simcard,Airtel,,,,,,,
Charge,Simcard,Tata Indicom,,,,,,,
Charge,Simcard,BPL,,,,,,,
Charge,Simcard,Virgin,,,,,,,
Miscellaneous,Spares,Communications,,,,,,,
Charge,Simcard,Vodafone,,,,,,,
Charge,Simcard,Prepaid Simcards,,,,,,,
Charge,ECharge,Aircel Echarge,,,,,,,
Miscellaneous,Croma Bags Plastic & Paper,Croma Take away Bags,,,,,,,
Imaging,Dummy IMG Cameras / Camcorders,Dummy Cameras / Camcorders,,,,,,,
Gaming,Dummy Gaming Hardware,Gaming Accessories,,,,,,,
Miscellaneous,Dummy Units Misc,Misc Dummy units,,,,,,,
Computers Peripherals,Computer Bags,Trolley Bags,,,,,,,
Large Appliances,Dummies,Dummies Washing Machines,,,,,,,
Computers Peripherals,Computer Consignments,Printers Multi Function Consig,,,,,,,
Computers Peripherals,Computer Consignments,Disney Consignment,,,,,,,
Entertainment,Mounts & Stands,DVD Stands,,,,,,,
Miscellaneous,Free Gifts,Coupons / Vouchers,,,,,,,
Small Appliances,Cookware,Cookware Accessories,,,,,,,
Movies,VCD Bollywood,VB New Hindi Film,,,,,,,
Entertainment,Kits/Toys,Remote Control Cars,,,,,,,
Small Appliances,Cookware,Built in_L,,,,,,,
Small Appliances,Cookware,Built in_H,,,,,,,
Gaming,Gaming Software,Sony Play Station - 4 Games,,,,,,,
Charge,Simcard,Reliance,,,,,,,
Large Appliances,Dummies,Dummies Refrigerators,,,,,,,
Charge,Simcard,Postpaid Simcards,,,,,,,
Gaming,Gaming Software,Sony Play Station - 4 Games consign,,,,,,,
Gaming,Gaming Software,Playstation Plus,,,,,,,
Communication,Phones Mobile Providers,GIFT Cards,,,,,,,
Computers Peripherals,Books,Magazines,,,,,,,
Charge,Other Charges,Trade In,,,,,,,
Charge,Other Charges,Trade In Mobile GST,,,,,,,
Charge,Other Charges,Trade In New,,,,,,,
Charge,Other Charges,Trade In Purchase,,,,,,,
Charge,Gift Card,Gift Card,,,,,,,
Charge,Other Charges,Other Charges,,,,,,,
Charge,Other Charges,Scrap Sales,,,,,,,
Charge,Shop in Shop,Watches,,,,,,,
Charge,Shop in Shop,Imaging,,,,,,,
Charge,Shop in Shop,Repair & Services,,,,,,,
Charge,Shop in Shop,Kitchen,,,,,,,
Charge,Shop in Shop,Computers,,,,,,,
Charge,Shop in Shop,Entertainment,,,,,,,
Charge,Shop in Shop,Appliances,,,,,,,
Charge,Shop in Shop,Entertainment_L,,,,,,,
Communication,Phones Mobile Providers,Recharge Vouchers,,,,,,,
Charge,GEEK Services,Geek Services,,,,,,,
Charge,Onsite Service,Onsite Service,,,,,,,
Communication,Phones Mobile Providers,GIFT Cards,,,,,,,
Computers Peripherals,Books,Magazines,,,,,,,
Charge,Other Charges,Trade In,,,,,,,
Charge,Other Charges,Trade In Mobile GST,,,,,,,
Charge,Other Charges,Trade In New,,,,,,,
Charge,Other Charges,Trade In Purchase,,,,,,,
Charge,Gift Card,Gift Card,,,,,,,
Charge,Other Charges,Other Charges,,,,,,,
Charge,Other Charges,Scrap Sales,,,,,,,
Charge,Shop in Shop,Watches,,,,,,,
Charge,Shop in Shop,Imaging,,,,,,,
Charge,Shop in Shop,Repair & Services,,,,,,,
Charge,Shop in Shop,Kitchen,,,,,,,
Charge,Shop in Shop,Computers,,,,,,,
Charge,Shop in Shop,Entertainment,,,,,,,
Charge,Shop in Shop,Appliances,,,,,,,
Charge,Shop in Shop,Entertainment_L,,,,,,,
Communication,Phones Mobile Providers,Recharge Vouchers,,,,,,,
Charge,GEEK Services,Geek Services,,,,,,,
Charge,Onsite Service,Onsite Service,,,,,,,
Charge,Onsite Service,Accidental Damage Service,,,,,,,
Charge,Other Charges,Ewaste 18,,,,,,,
Charge,Other Charges,Ewaste 28,,,,,,,
Charge,Other Charges,Ewaste 12,,,,,,,
Music,CD Regional,CD Marathi,,,,,,,
Communication,Lifestyle & Wearables,Smartwatch,,,,,,,
Communication,Lifestyle & Wearables,Lifestyle,,,,,,,
Communication,Lifestyle & Wearables,Fitness Bands,,,,,,,
Communication,Lifestyle & Wearables,Fitness Bands - D,,,,,,,
Communication,Lifestyle & Wearables,Smartwatch - D,,,,,,,
Communication,Lifestyle & Wearables,Mobile Projectors,,,,,,,
Small Appliances,Connected Homes & Housewares,Smart Lighting,,,,,,,
Communication,Lifestyle & Wearables,Virtual Reality,,,,,,,
Communication,Lifestyle & Wearables,Lifestyle - Premium,,,,,,,
Communication,Lifestyle & Wearables,Wearables Accessories,,,,,,,
Small Appliances,Connected Homes & Housewares,Smart Securities & Door Locks,,,,,,,
Small Appliances,Connected Homes & Housewares,Security Camera & Surveillance,,,,,,,
Small Appliances,Connected Homes & Housewares,Home Automation Systems,,,,,,,
Small Appliances,Connected Homes & Housewares,Smart Appliance Controls,,,,,,,
Small Appliances,Connected Homes & Housewares,Accessories,,,,,,,
Small Appliances,Connected Homes & Housewares,Security Camera & Surveillance_L,,,,,,,
Small Appliances,Connected Homes & Housewares,Home Alarms & Sensors,,,,,,,
Communication,Lifestyle & Wearables,ExWty- Smart watches,,,,,,,
Communication,Lifestyle & Wearables,Virtual Reality_L,,,,,,,
Small Appliances,Pet Care,Pet Grooming,,,,,,,
Charge,Other Charges,Annual Subscription,,,,,,,
Communication,Lifestyle & Wearables,Ins - Smart watches,,,,,,,
Small Appliances,Connected Homes & Housewares,Smart Appliance Controls_H,,,,,,,
Small Appliances,Connected Homes & Housewares,Smart Appliance Controls_L,,,,,,,
,,,End,,,,,,