Category L1,Category L2,Category L3,Category L4,Category L5,Category L6
Electronics and Appliances,Home Appliances,Accessories Home Appliances,,,
Electronics and Appliances,Home Appliances,Air conditioner,Others,,
Electronics and Appliances,Home Appliances,Air conditioner,Split AC Full Set indoor and outdoor,,
Electronics and Appliances,Home Appliances,Air conditioner,Split AC indoor unit,,
Electronics and Appliances,Home Appliances,Air conditioner,Split AC Outdoor unit,,
Electronics and Appliances,Home Appliances,Air conditioner,Window AC,,
Electronics and Appliances,Home Appliances,Air Cooler,,,
Electronics and Appliances,Home Appliances,Camcorder,,,
Electronics and Appliances,Home Appliances,Ceiling Fan,,,
Electronics and Appliances,Home Appliances,Digital Camera,,,
Electronics and Appliances,Home Appliances,DVD Player,,,
Electronics and Appliances,Home Appliances,Electric Iron,,,
Electronics and Appliances,Home Appliances,Home Theatre,,,
Electronics and Appliances,Home Appliances,ipod,,,
Electronics and Appliances,Home Appliances,MP3 Player,,,
Electronics and Appliances,Home Appliances,Music system,,,
Electronics and Appliances,Home Appliances,Others,,,
Electronics and Appliances,Home Appliances,Room heater,,,
Electronics and Appliances,Home Appliances,Sewing machine,,,
Electronics and Appliances,Home Appliances,Spares Home appliances,,,
Electronics and Appliances,Home Appliances,Speaker,,,
Electronics and Appliances,Home Appliances,Table Fan,,,
Electronics and Appliances,Home Appliances,Television,,,
Electronics and Appliances,Home Appliances,Vaccum Cleaner,,,
Electronics and Appliances,Home Appliances,Video or PC Game Accessories,,,
Electronics and Appliances,Home Appliances,Video or PC Game CD or DVD,,,
Electronics and Appliances,Home Appliances,Video or PC Game Others,,,
Electronics and Appliances,Home Appliances,Video or PC Game Player,,,
Electronics and Appliances,Home Appliances,Washing Machine,,,
Electronics and Appliances,Home Appliances,Water heater,,,
Electronics and Appliances,Kitchen appliances,Accessories Kitchen appliances,,,
Electronics and Appliances,Kitchen appliances,Electric Chimney,,,
Electronics and Appliances,Kitchen appliances,Electric Tandoor,,,
Electronics and Appliances,Kitchen appliances,Food processor,,,
Electronics and Appliances,Kitchen appliances,Induction plate/ Cooktop,,,
Electronics and Appliances,Kitchen appliances,Juicer Mixer Grinder,,,
Electronics and Appliances,Kitchen appliances,Microwave,,,
Electronics and Appliances,Kitchen appliances,Mixer Grinder,,,
Electronics and Appliances,Kitchen appliances,Others,,,
Electronics and Appliances,Kitchen appliances,Refrigerator,,,
Electronics and Appliances,Kitchen appliances,Rice cooker,,,
Electronics and Appliances,Kitchen appliances,Roti Maker,,,
Electronics and Appliances,Kitchen appliances,Sandwitch maker,,,
Electronics and Appliances,Kitchen appliances,Spares Kitchen appliances,,,
Electronics and Appliances,Kitchen appliances,Toaster,,,
Electronics and Appliances,Kitchen appliances,Water Cooler,,,
Electronics and Appliances,Kitchen appliances,Water purifier,,,
Electronics and Appliances,Mobiles and Tablets,Accessories mobiles and Tablets,Charger,,
Electronics and Appliances,Mobiles and Tablets,Accessories mobiles and Tablets,Data Cable,,
Electronics and Appliances,Mobiles and Tablets,Accessories mobiles and Tablets,Earphone or Headphone,In-Ear Earphone or Headphone,
Electronics and Appliances,Mobiles and Tablets,Accessories mobiles and Tablets,Earphone or Headphone,On-Ear Earphone or Headphone,
Electronics and Appliances,Mobiles and Tablets,Accessories mobiles and Tablets,Memory card,,
Electronics and Appliances,Mobiles and Tablets,Accessories mobiles and Tablets,Mobile case and cover,,
Electronics and Appliances,Mobiles and Tablets,Accessories mobiles and Tablets,Others,,
Electronics and Appliances,Mobiles and Tablets,Accessories mobiles and Tablets,Power bank,,
Electronics and Appliances,Mobiles and Tablets,Accessories mobiles and Tablets,Screen guard,,
Electronics and Appliances,Mobiles and Tablets,Accessories mobiles and Tablets,Selfie stick,,
Electronics and Appliances,Mobiles and Tablets,Accessories mobiles and Tablets,USB Cable,,
Electronics and Appliances,Mobiles and Tablets,Mobile,,,
Electronics and Appliances,Mobiles and Tablets,Others,,,
Electronics and Appliances,Mobiles and Tablets,Spares mobiles and Tablets,Mobile Battery,,
Electronics and Appliances,Mobiles and Tablets,Spares mobiles and Tablets,Mobile Mother Board,,
Electronics and Appliances,Mobiles and Tablets,Spares mobiles and Tablets,Others,,
Electronics and Appliances,Mobiles and Tablets,Spares mobiles and Tablets,Tablet Mother Board,,
Electronics and Appliances,Mobiles and Tablets,Tablets,,,
Electronics and Appliances,Accessories,Others,,,
Electronics and Appliances,Cameras,Others,,,
Electronics and Appliances,Home Audio,Others,,,
Electronics and Appliances,Others,,,,
Electronics and Appliances,Personal care appliances,Activity Tracker,,,
Electronics and Appliances,Personal care appliances,Digital Watch,,,
Electronics and Appliances,Personal care appliances,Electric Shaver,,,
Electronics and Appliances,Personal care appliances,Electric Trimmer,,,
Electronics and Appliances,Personal care appliances,Epilators,,,
Electronics and Appliances,Personal care appliances,Grooming Kit,,,
Electronics and Appliances,Personal care appliances,Hair Curler,,,
Electronics and Appliances,Personal care appliances,Hair Dryer,,,
Electronics and Appliances,Personal care appliances,Hair Straightner,,,
Electronics and Appliances,Personal care appliances,Healthcare appliance,,,
Electronics and Appliances,Personal care appliances,Massager,,,
Electronics and Appliances,Personal care appliances,Others,,,
Electronics and Appliances,Personal care appliances,Smart Watch,,,
Fashion and Style,Apparel,Kid's wear,Boys Clothing,Boy's 3/4ths,
Fashion and Style,Apparel,Kid's wear,Boys Clothing,Boy's Ethnic wear,Blazer/ Coat
Fashion and Style,Apparel,Kid's wear,Boys Clothing,Boy's Ethnic wear,Indo Western Suit
Fashion and Style,Apparel,Kid's wear,Boys Clothing,Boy's Ethnic wear,Kurta Pyjama
Fashion and Style,Apparel,Kid's wear,Boys Clothing,Boy's Ethnic wear,Others
Fashion and Style,Apparel,Kid's wear,Boys Clothing,Boy's Ethnic wear,Suit
Fashion and Style,Apparel,Kid's wear,Boys Clothing,Boy's Infant wear,
Fashion and Style,Apparel,Kid's wear,Boys Clothing,Boy's Inner wear,Boy's Banyan/ Vests
Fashion and Style,Apparel,Kid's wear,Boys Clothing,Boy's Inner wear,Boy's Night wear
Fashion and Style,Apparel,Kid's wear,Boys Clothing,Boy's Inner wear,Boy's Swim wear
Fashion and Style,Apparel,Kid's wear,Boys Clothing,Boy's Inner wear,Boy's Track wear
Fashion and Style,Apparel,Kid's wear,Boys Clothing,Boy's Inner wear,Others
Fashion and Style,Apparel,Kid's wear,Boys Clothing,Boy's Inner wear,Underwear
Fashion and Style,Apparel,Kid's wear,Boys Clothing,Boy's Jackets,
Fashion and Style,Apparel,Kid's wear,Boys Clothing,Boy's Jeans,
Fashion and Style,Apparel,Kid's wear,Boys Clothing,Boy's Shorts,
Fashion and Style,Apparel,Kid's wear,Boys Clothing,Boy's socks,
Fashion and Style,Apparel,Kid's wear,Boys Clothing,Boy's T-Shirt,
Fashion and Style,Apparel,Kid's wear,Boys Clothing,Boy's Trousers,
Fashion and Style,Apparel,Kid's wear,Boys Clothing,Boy's Twin set,
Fashion and Style,Apparel,Kid's wear,Boys Clothing,Others,
Fashion and Style,Apparel,Kid's wear,Boys Clothing,Shirt,
Fashion and Style,Apparel,Kid's wear,Girl's Clothing,Casual dresses,
Fashion and Style,Apparel,Kid's wear,Girl's Clothing,Frocks,
Fashion and Style,Apparel,Kid's wear,Girl's Clothing,Girl's Capris,
Fashion and Style,Apparel,Kid's wear,Girl's Clothing,Girl's Ethnic wear,Kurtis
Fashion and Style,Apparel,Kid's wear,Girl's Clothing,Girl's Ethnic wear,Lenhanga Choli
Fashion and Style,Apparel,Kid's wear,Girl's Clothing,Girl's Ethnic wear,Others
Fashion and Style,Apparel,Kid's wear,Girl's Clothing,Girl's Ethnic wear,Party Gown
Fashion and Style,Apparel,Kid's wear,Girl's Clothing,Girl's Ethnic wear,Suit set
Fashion and Style,Apparel,Kid's wear,Girl's Clothing,Girl's Infant wear,
Fashion and Style,Apparel,Kid's wear,Girl's Clothing,Girl's Inner wear,Girl's Banyan/ Vests
Fashion and Style,Apparel,Kid's wear,Girl's Clothing,Girl's Inner wear,Girl's Night wear
Fashion and Style,Apparel,Kid's wear,Girl's Clothing,Girl's Inner wear,Girl's Swim wear
Fashion and Style,Apparel,Kid's wear,Girl's Clothing,Girl's Inner wear,Girl's Track wear
Fashion and Style,Apparel,Kid's wear,Girl's Clothing,Girl's Inner wear,Others
Fashion and Style,Apparel,Kid's wear,Girl's Clothing,Girl's Inner wear,Panty
Fashion and Style,Apparel,Kid's wear,Girl's Clothing,Girl's Jackets,
Fashion and Style,Apparel,Kid's wear,Girl's Clothing,Girl's Jeans,
Fashion and Style,Apparel,Kid's wear,Girl's Clothing,Girl's Leggings,
Fashion and Style,Apparel,Kid's wear,Girl's Clothing,Girl's Shorts,
Fashion and Style,Apparel,Kid's wear,Girl's Clothing,Girl's T-Shirt,
Fashion and Style,Apparel,Kid's wear,Girl's Clothing,Girl's Trousers,
Fashion and Style,Apparel,Kid's wear,Girl's Clothing,Girl's Twin set,
Fashion and Style,Apparel,Kid's wear,Girl's Clothing,Others,
Fashion and Style,Apparel,Kid's wear,Girl's Clothing,Skirt,
Fashion and Style,Apparel,Kid's wear,Girl's Clothing,Tops,
Fashion and Style,Apparel,Kid's wear,Others,,
Fashion and Style,Apparel,Men's wear,Formal wear,Blazer/ Coat,
Fashion and Style,Apparel,Men's wear,Formal wear,Formal Shirt,
Fashion and Style,Apparel,Men's wear,Formal wear,Formal Trouser,
Fashion and Style,Apparel,Men's wear,Formal wear,Men's Socks,
Fashion and Style,Apparel,Men's wear,Formal wear,Others,
Fashion and Style,Apparel,Men's wear,Formal wear,Suit,
Fashion and Style,Apparel,Men's wear,Formal wear,Tie,
Fashion and Style,Apparel,Men's wear,Men's Casual wear,Casual Shirts,
Fashion and Style,Apparel,Men's wear,Men's Casual wear,Casual Trousers,
Fashion and Style,Apparel,Men's wear,Men's Casual wear,Men's Jeans,
Fashion and Style,Apparel,Men's wear,Men's Casual wear,Men's T-Shirt,
Fashion and Style,Apparel,Men's wear,Men's Casual wear,Others,
Fashion and Style,Apparel,Men's wear,Men's Comfort wear,Men's 3/4ths,
Fashion and Style,Apparel,Men's wear,Men's Comfort wear,Men's Night Suit,
Fashion and Style,Apparel,Men's wear,Men's Comfort wear,Men's Shorts,
Fashion and Style,Apparel,Men's wear,Men's Comfort wear,Others,
Fashion and Style,Apparel,Men's wear,Men's Comfort wear,Tees,
Fashion and Style,Apparel,Men's wear,Men's Ethnic wear,Dhoti,
Fashion and Style,Apparel,Men's wear,Men's Ethnic wear,Ethnic Jacket,
Fashion and Style,Apparel,Men's wear,Men's Ethnic wear,Kurta Pyjama,
Fashion and Style,Apparel,Men's wear,Men's Ethnic wear,Men's Kurta,
Fashion and Style,Apparel,Men's wear,Men's Ethnic wear,Others,
Fashion and Style,Apparel,Men's wear,Men's Ethnic wear,Pyjama,
Fashion and Style,Apparel,Men's wear,Men's Ethnic wear,Sherwani,
Fashion and Style,Apparel,Men's wear,Men's Inner wear,Men's Banyan/ Vests,
Fashion and Style,Apparel,Men's wear,Men's Inner wear,Others,
Fashion and Style,Apparel,Men's wear,Men's Inner wear,Trunk,
Fashion and Style,Apparel,Men's wear,Men's Inner wear,Underwear,
Fashion and Style,Apparel,Men's wear,Men's Sports wear,Men's Sports T-Shirts,
Fashion and Style,Apparel,Men's wear,Men's Sports wear,Men's Track pants,
Fashion and Style,Apparel,Men's wear,Men's Sports wear,Others,
Fashion and Style,Apparel,Men's wear,Men's Sports wear,Sports Jersey,
Fashion and Style,Apparel,Men's wear,Men's Winter wear,Men's Jackets,
Fashion and Style,Apparel,Men's wear,Men's Winter wear,Men's Sweat shirts,
Fashion and Style,Apparel,Men's wear,Men's Winter wear,Men's Sweater,
Fashion and Style,Apparel,Men's wear,Men's Winter wear,Men's Thermals,
Fashion and Style,Apparel,Men's wear,Men's Winter wear,Others,
Fashion and Style,Apparel,Men's wear,Men's Winter wear,Wind sheater,
Fashion and Style,Apparel,Men's wear,Others,,
Fashion and Style,Apparel,Others,,,
Fashion and Style,Apparel,Women's wear,Others,,
Fashion and Style,Apparel,Women's wear,Women's Casual wear,Evening Gown,
Fashion and Style,Apparel,Women's wear,Women's Casual wear,Maxi,
Fashion and Style,Apparel,Women's wear,Women's Casual wear,Midi,
Fashion and Style,Apparel,Women's wear,Women's Casual wear,Others,
Fashion and Style,Apparel,Women's wear,Women's Casual wear,Skirts,
Fashion and Style,Apparel,Women's wear,Women's Casual wear,Top,
Fashion and Style,Apparel,Women's wear,Women's Casual wear,Women's Capris,
Fashion and Style,Apparel,Women's wear,Women's Casual wear,Women's Jeans,
Fashion and Style,Apparel,Women's wear,Women's Casual wear,Women's Leggings,
Fashion and Style,Apparel,Women's wear,Women's Casual wear,Women's Shorts,
Fashion and Style,Apparel,Women's wear,Women's Casual wear,Women's T-Shirt,
Fashion and Style,Apparel,Women's wear,Women's Casual wear,Women's Trousers,
Fashion and Style,Apparel,Women's wear,Women's Comfort wear,Maternity wear,
Fashion and Style,Apparel,Women's wear,Women's Ethnic wear,Blouse,
Fashion and Style,Apparel,Women's wear,Women's Ethnic wear,Chudidar,
Fashion and Style,Apparel,Women's wear,Women's Ethnic wear,Dress material,
Fashion and Style,Apparel,Women's wear,Women's Ethnic wear,Kurti,
Fashion and Style,Apparel,Women's wear,Women's Ethnic wear,Lenhanga,
Fashion and Style,Apparel,Women's wear,Women's Ethnic wear,Others,
Fashion and Style,Apparel,Women's wear,Women's Ethnic wear,Salwar,
Fashion and Style,Apparel,Women's wear,Women's Ethnic wear,Saree,
Fashion and Style,Apparel,Women's wear,Women's Ethnic wear,Suit piece,
Fashion and Style,Apparel,Women's wear,Women's Ethnic wear,Women's Kurta,
Fashion and Style,Apparel,Women's wear,Women's Inner wear,Bra,
Fashion and Style,Apparel,Women's wear,Women's Inner wear,Others,
Fashion and Style,Apparel,Women's wear,Women's Inner wear,Panty,
Fashion and Style,Apparel,Women's wear,Women's Inner wear,Shape wear,
Fashion and Style,Apparel,Women's wear,Women's Inner wear,Sports bra,
Fashion and Style,Apparel,Women's wear,Women's Inner wear,Women's Night wear/ Nighty,
Fashion and Style,Apparel,Women's wear,Women's Inner wear,Women's Swim wear,
Fashion and Style,Apparel,Women's wear,Women's Sports wear,Others,
Fashion and Style,Apparel,Women's wear,Women's Sports wear,Tights,
Fashion and Style,Apparel,Women's wear,Women's Sports wear,Women's Sports T-Shirts,
Fashion and Style,Apparel,Women's wear,Women's Sports wear,Women's Track pants,
Fashion and Style,Apparel,Women's wear,Women's Winter wear,Others,
Fashion and Style,Apparel,Women's wear,Women's Winter wear,Shrugs,
Fashion and Style,Apparel,Women's wear,Women's Winter wear,Women's Jackets,
Fashion and Style,Apparel,Women's wear,Women's Winter wear,Women's Sweat shirts,
Fashion and Style,Apparel,Women's wear,Women's Winter wear,Women's Sweater,
Fashion and Style,Apparel,Women's wear,Women's Winter wear,Women's Thermals,
Fashion and Style,Beauty and Grooming products,Baby Care,Baby Body Oil,,
Fashion and Style,Beauty and Grooming products,Baby Care,Baby Hair Oil,,
Fashion and Style,Beauty and Grooming products,Baby Care,Baby Shampoo,,
Fashion and Style,Beauty and Grooming products,Baby Care,Baby soap,,
Fashion and Style,Beauty and Grooming products,Baby Care,Others,,
Fashion and Style,Beauty and Grooming products,Bath and Body - Men,After shave,,
Fashion and Style,Beauty and Grooming products,Bath and Body - Men,Men's Body lotion,,
Fashion and Style,Beauty and Grooming products,Bath and Body - Men,Men's Body oil,,
Fashion and Style,Beauty and Grooming products,Bath and Body - Men,Men's Shower gel,,
Fashion and Style,Beauty and Grooming products,Bath and Body - Men,Men's Soap,,
Fashion and Style,Beauty and Grooming products,Bath and Body - Men,Others,,
Fashion and Style,Beauty and Grooming products,Bath and Body - Men,Shaving brush,,
Fashion and Style,Beauty and Grooming products,Bath and Body - Men,Shaving cream,,
Fashion and Style,Beauty and Grooming products,Bath and Body - Men,Skin cream,,
Fashion and Style,Beauty and Grooming products,Bath and Body - Women,Others,,
Fashion and Style,Beauty and Grooming products,Bath and Body - Women,Women's Body lotion,,
Fashion and Style,Beauty and Grooming products,Bath and Body - Women,Women's Body oil,,
Fashion and Style,Beauty and Grooming products,Bath and Body - Women,Women's Shower gel,,
Fashion and Style,Beauty and Grooming products,Bath and Body - Women,Women's Soap,,
Fashion and Style,Beauty and Grooming products,Dental Care,Mouthwash,,
Fashion and Style,Beauty and Grooming products,Dental Care,Others,,
Fashion and Style,Beauty and Grooming products,Dental Care,Tooth brush,,
Fashion and Style,Beauty and Grooming products,Dental Care,Tooth Paste,,
Fashion and Style,Beauty and Grooming products,Make up,Brush and Accessories,Face brush,
Fashion and Style,Beauty and Grooming products,Make up,Brush and Accessories,Kajal Pencil,
Fashion and Style,Beauty and Grooming products,Make up,Brush and Accessories,Others,
Fashion and Style,Beauty and Grooming products,Make up,Brush and Accessories,Powder brush,
Fashion and Style,Beauty and Grooming products,Make up,Eye Product,Eye liner,
Fashion and Style,Beauty and Grooming products,Make up,Eye Product,Kajal,
Fashion and Style,Beauty and Grooming products,Make up,Eye Product,Maskara,
Fashion and Style,Beauty and Grooming products,Make up,Eye Product,Others,
Fashion and Style,Beauty and Grooming products,Make up,Face product,Face pack,
Fashion and Style,Beauty and Grooming products,Make up,Face product,Face powder,
Fashion and Style,Beauty and Grooming products,Make up,Face product,Moisturizer,
Fashion and Style,Beauty and Grooming products,Make up,Face product,Mud pack,
Fashion and Style,Beauty and Grooming products,Make up,Face product,Others,
Fashion and Style,Beauty and Grooming products,Make up,Face product,Skin cream,
Fashion and Style,Beauty and Grooming products,Make up,Lip product,Lip Balm,
Fashion and Style,Beauty and Grooming products,Make up,Lip product,Lip Liner ,
Fashion and Style,Beauty and Grooming products,Make up,Lip product,Lipstick,
Fashion and Style,Beauty and Grooming products,Make up,Lip product,Others,
Fashion and Style,Beauty and Grooming products,Make up,Make up kit,,
Fashion and Style,Beauty and Grooming products,Make up,Nails product,Nail art,
Fashion and Style,Beauty and Grooming products,Make up,Nails product,Nail polish,
Fashion and Style,Beauty and Grooming products,Make up,Nails product,Nail polish remover,
Fashion and Style,Beauty and Grooming products,Make up,Nails product,Others,
Fashion and Style,Beauty and Grooming products,Make up,Others,,
Fashion and Style,Beauty and Grooming products,Men's Fragnances,Men's Deodrants,,
Fashion and Style,Beauty and Grooming products,Men's Fragnances,Men's Gift set,,
Fashion and Style,Beauty and Grooming products,Men's Fragnances,Men's Perfumes,,
Fashion and Style,Beauty and Grooming products,Men's Fragnances,Others,,
Fashion and Style,Beauty and Grooming products,Men's Hair care,Men's Conditioner,,
Fashion and Style,Beauty and Grooming products,Men's Hair care,Men's Hair color,,
Fashion and Style,Beauty and Grooming products,Men's Hair care,Men's Hair gel,,
Fashion and Style,Beauty and Grooming products,Men's Hair care,Men's Hair oil,,
Fashion and Style,Beauty and Grooming products,Men's Hair care,Men's Shampoo,,
Fashion and Style,Beauty and Grooming products,Men's Hair care,Others,,
Fashion and Style,Beauty and Grooming products,Others,,,
Fashion and Style,Beauty and Grooming products,Women's Fragnances,Others,,
Fashion and Style,Beauty and Grooming products,Women's Fragnances,Women's Deodrants,,
Fashion and Style,Beauty and Grooming products,Women's Fragnances,Women's Gift set,,
Fashion and Style,Beauty and Grooming products,Women's Fragnances,Women's Perfumes,,
Fashion and Style,Beauty and Grooming products,Women's Hair care,Hair brush/ Comb,,
Fashion and Style,Beauty and Grooming products,Women's Hair care,Hair packs,,
Fashion and Style,Beauty and Grooming products,Women's Hair care,Others,,
Fashion and Style,Beauty and Grooming products,Women's Hair care,Women's Conditioner,,
Fashion and Style,Beauty and Grooming products,Women's Hair care,Women's Hair color,,
Fashion and Style,Beauty and Grooming products,Women's Hair care,Women's Hair gel,,
Fashion and Style,Beauty and Grooming products,Women's Hair care,Women's Hair oil,,
Fashion and Style,Beauty and Grooming products,Women's Hair care,Women's Shampoo,,
Fashion and Style,Fashion Accessories,Kid's accessories,Bangles,,
Fashion and Style,Fashion Accessories,Kid's accessories,Hair Accessories,,
Fashion and Style,Fashion Accessories,Kid's accessories,Kid's Bags,Kid's Backpack,
Fashion and Style,Fashion Accessories,Kid's accessories,Kid's Bags,Kid's Trolley,
Fashion and Style,Fashion Accessories,Kid's accessories,Kid's Bags,Others,
Fashion and Style,Fashion Accessories,Kid's accessories,Kid's watches,,
Fashion and Style,Fashion Accessories,Kid's accessories,Others,,
Fashion and Style,Fashion Accessories,Kid's accessories,Sunglasses,,
Fashion and Style,Fashion Accessories,Kid's accessories,Wrist Band,,
Fashion and Style,Fashion Accessories,Men's accessories,Cuffling,,
Fashion and Style,Fashion Accessories,Men's accessories,Men Bags,Backpack,
Fashion and Style,Fashion Accessories,Men's accessories,Men Bags,Men's Purse,
Fashion and Style,Fashion Accessories,Men's accessories,Men Bags,Others,
Fashion and Style,Fashion Accessories,Men's accessories,Men Bags,Travel bag,
Fashion and Style,Fashion Accessories,Men's accessories,Men's Analog Watches,,
Fashion and Style,Fashion Accessories,Men's accessories,Men's Belts,,
Fashion and Style,Fashion Accessories,Men's accessories,Men's Jewellery,,
Fashion and Style,Fashion Accessories,Men's accessories,Men's Sunglasses,,
Fashion and Style,Fashion Accessories,Men's accessories,Others,,
Fashion and Style,Fashion Accessories,Men's accessories,Ties,,
Fashion and Style,Fashion Accessories,Men's accessories,,,
Fashion and Style,Fashion Accessories,Others,,,
Fashion and Style,Fashion Accessories,Women's accessories,Others,,
Fashion and Style,Fashion Accessories,Women's accessories,Women Bags,Clutches,
Fashion and Style,Fashion Accessories,Women's accessories,Women Bags,Handbag,
Fashion and Style,Fashion Accessories,Women's accessories,Women Bags,Others,
Fashion and Style,Fashion Accessories,Women's accessories,Women Bags,Sling bag,
Fashion and Style,Fashion Accessories,Women's accessories,Women Bags,Women's Purse,
Fashion and Style,Fashion Accessories,Women's accessories,Women's Belts,,
Fashion and Style,Fashion Accessories,Women's accessories,Women's Jewellery,Anklets,
Fashion and Style,Fashion Accessories,Women's accessories,Women's Jewellery,Bands,
Fashion and Style,Fashion Accessories,Women's accessories,Women's Jewellery,Bangles,
Fashion and Style,Fashion Accessories,Women's accessories,Women's Jewellery,Bracelets,
Fashion and Style,Fashion Accessories,Women's accessories,Women's Jewellery,Ear rings,
Fashion and Style,Fashion Accessories,Women's accessories,Women's Jewellery,Mangalsutras,
Fashion and Style,Fashion Accessories,Women's accessories,Women's Jewellery,Necklace,
Fashion and Style,Fashion Accessories,Women's accessories,Women's Jewellery,Necklace set,
Fashion and Style,Fashion Accessories,Women's accessories,Women's Jewellery,Others,
Fashion and Style,Fashion Accessories,Women's accessories,Women's Jewellery,Pendant,
Fashion and Style,Fashion Accessories,Women's accessories,Women's Jewellery,Pendant Set,
Fashion and Style,Fashion Accessories,Women's accessories,Women's Jewellery,Rings,
Fashion and Style,Fashion Accessories,Women's accessories,Women's Jewellery,Toe rings,
Fashion and Style,Fashion Accessories,Women's accessories,Women's Sunglasses,,
Fashion and Style,Fashion Accessories,Women's accessories,Women's Watches,Others,
Fashion and Style,Fashion Accessories,Women's accessories,Women's Watches,Women's Analog Watches,
Fashion and Style,Fashion Accessories,Women's accessories,,,
Fashion and Style,Footwear,Kid's Footwear,Boys Footwear,Others,
Fashion and Style,Footwear,Kid's Footwear,Boys Footwear,Sandal,
Fashion and Style,Footwear,Kid's Footwear,Boys Footwear,Shoes,
Fashion and Style,Footwear,Kid's Footwear,Boys Footwear,Slipper,
Fashion and Style,Footwear,Kid's Footwear,Girls Footwear,Others,
Fashion and Style,Footwear,Kid's Footwear,Girls Footwear,Sandal,
Fashion and Style,Footwear,Kid's Footwear,Girls Footwear,Shoes,
Fashion and Style,Footwear,Kid's Footwear,Girls Footwear,Slipper,
Fashion and Style,Footwear,Men's Footwear,Boots,,
Fashion and Style,Footwear,Men's Footwear,Floaters,,
Fashion and Style,Footwear,Men's Footwear,Formal shoes,,
Fashion and Style,Footwear,Men's Footwear,Men's Sandals,,
Fashion and Style,Footwear,Men's Footwear,Men's Sports shoes,,
Fashion and Style,Footwear,Men's Footwear,Others,,
Fashion and Style,Footwear,Men's Footwear,Slippers,,
Fashion and Style,Footwear,Others,,,
Fashion and Style,Footwear,Women's Footwear,Flats,,
Fashion and Style,Footwear,Women's Footwear,Heels,,
Fashion and Style,Footwear,Women's Footwear,Others,,
Fashion and Style,Footwear,Women's Footwear,Sneakers,,
Fashion and Style,Footwear,Women's Footwear,Women's Sandals,,
Fashion and Style,Footwear,Women's Footwear,Women's Sports Shoes,,
Fashion and Style,Others,,,,
IT,Desktop and Laptop,Accessories Desktop and Laptop,Headphone,,
IT,Desktop and Laptop,Accessories Desktop and Laptop,Cabinet,,
IT,Desktop and Laptop,Accessories Desktop and Laptop,Cable wire,,
IT,Desktop and Laptop,Accessories Desktop and Laptop,Cooling pads,,
IT,Desktop and Laptop,Accessories Desktop and Laptop,HDMI Cable,,
IT,Desktop and Laptop,Accessories Desktop and Laptop,Keyboard,,
IT,Desktop and Laptop,Accessories Desktop and Laptop,Laptop Adapter/ Charger,,
IT,Desktop and Laptop,Accessories Desktop and Laptop,Laptop cover/ Bag,,
IT,Desktop and Laptop,Accessories Desktop and Laptop,Monitor,,
IT,Desktop and Laptop,Accessories Desktop and Laptop,Mouse,,
IT,Desktop and Laptop,Accessories Desktop and Laptop,Others,,
IT,Desktop and Laptop,Accessories Desktop and Laptop,Speaker,,
IT,Desktop and Laptop,Accessories Desktop and Laptop,VGA Cable,,
IT,Desktop and Laptop,Desktop,Desktop CPU,,
IT,Desktop and Laptop,Desktop,Desktop Full Set,,
IT,Desktop and Laptop,Laptop,,,
IT,Desktop and Laptop,Others,,,
IT,Desktop and Laptop,Spares and Parts Desktop and Laptop,Bazel,,
IT,Desktop and Laptop,Spares and Parts Desktop and Laptop,Cooling fan,,
IT,Desktop and Laptop,Spares and Parts Desktop and Laptop,CPU Casing,,
IT,Desktop and Laptop,Spares and Parts Desktop and Laptop,Desktop Mother Board,,
IT,Desktop and Laptop,Spares and Parts Desktop and Laptop,Drive connectors,,
IT,Desktop and Laptop,Spares and Parts Desktop and Laptop,DVD Drive,,
IT,Desktop and Laptop,Spares and Parts Desktop and Laptop,Hard Disk,,
IT,Desktop and Laptop,Spares and Parts Desktop and Laptop,Hinges,,
IT,Desktop and Laptop,Spares and Parts Desktop and Laptop,Internal speaker,,
IT,Desktop and Laptop,Spares and Parts Desktop and Laptop,Laptop Battery,,
IT,Desktop and Laptop,Spares and Parts Desktop and Laptop,Laptop keyboard,,
IT,Desktop and Laptop,Spares and Parts Desktop and Laptop,Laptop Mother Board,,
IT,Desktop and Laptop,Spares and Parts Desktop and Laptop,Others,,
IT,Desktop and Laptop,Spares and Parts Desktop and Laptop,Palm rest,,
IT,Desktop and Laptop,Spares and Parts Desktop and Laptop,Power Supply unit,,
IT,Desktop and Laptop,Spares and Parts Desktop and Laptop,RAM,,
IT,Desktop and Laptop,Spares and Parts Desktop and Laptop,SMPS,,
IT,Desktop and Laptop,Spares and Parts Desktop and Laptop,Sound Card,,
IT,Desktop and Laptop,Spares and Parts Desktop and Laptop,SSD,,
IT,Desktop and Laptop,Spares and Parts Desktop and Laptop,Touch pad,,
IT,Desktop and Laptop,Thin Client,,,
IT,Networking products,Access Point,,,
IT,Networking products,Modem,,,
IT,Networking products,Network Adapter,,,
IT,Networking products,Networking Cable,,,
IT,Networking products,Others,,,
IT,Networking products,Range Extender,,,
IT,Networking products,Router,,,
IT,Networking products,Switch,,,
IT,Others,,,,
IT,Printer,Accessories Printer,Cartridge,,
IT,Printer,Accessories Printer,Ink,,
IT,Printer,Accessories Printer,Others,,
IT,Printer,Accessories Printer,Toner,,
IT,Printer,Barcode Printer,,,
IT,Printer,Dot Matrix Printer,,,
IT,Printer,Inkjet or Deskjet Printer,,,
IT,Printer,Laserjet Printer,,,
IT,Printer,Ink Tank Printer,,,
IT,Printer,Photo Printer,,,
IT,Printer,others,,,
IT,Projector,,,,
IT,Server,,,,
IT,Storage Products,Hard Disk,,,
IT,Storage Products,Network Area Storage,,,
IT,Storage Products,Others,,,
IT,Storage Products,Pen Drive,,,
IT,Storage Products,Portable Hard Disk,,,
IT,UPS,,,,
IT,UPS Batteries,,,,
Others,Automobile products,Commercial Vehicle,Commercial Vehicle Accessories,,
Others,Automobile products,Commercial Vehicle,Commercial Vehicle Spare parts,,
Others,Automobile products,Commercial Vehicle,Others,,
Others,Automobile products,Commercial Vehicle,,,
Others,Automobile products,Four Wheeler,Four Wheeler Accessories,,
Others,Automobile products,Four Wheeler,Four Wheeler Spare parts,,
Others,Automobile products,Four Wheeler,Others,,
Others,Automobile products,Four Wheeler,,,
Others,Automobile products,Others,,,
Others,Automobile products,Two Wheeler,Others,,
Others,Automobile products,Two Wheeler,Two Wheeler Accessories,,
Others,Automobile products,Two Wheeler,Two Wheeler Spare parts,,
Others,Automobile products,Two Wheeler,,,
Others,Cleaning,Home cleaning,Air perfurmes,,
Others,Cleaning,Home cleaning,Bathroom cleaner,,
Others,Cleaning,Home cleaning,Broom,,
Others,Cleaning,Home cleaning,Carpet Cleaner,,
Others,Cleaning,Home cleaning,Cleaning tools,,
Others,Cleaning,Home cleaning,Cloths and wipes,,
Others,Cleaning,Home cleaning,Deodrizers,,
Others,Cleaning,Home cleaning,Drain opener,,
Others,Cleaning,Home cleaning,Floor cleaner,,
Others,Cleaning,Home cleaning,Glass Cleaner,,
Others,Cleaning,Home cleaning,Kitchen Cleaner,,
Others,Cleaning,Home cleaning,Metal Polish,,
Others,Cleaning,Home cleaning,Mops,,
Others,Cleaning,Home cleaning,Others,,
Others,Cleaning,Home cleaning,Upholstery Cleaner,,
Others,Cleaning,Home cleaning,Wood polish,,
Others,Cleaning,Laundry,Anti-static Spray,,
Others,Cleaning,Laundry,Bleach,,
Others,Cleaning,Laundry,Detergent Soap,,
Others,Cleaning,Laundry,Deterget Soap Set,,
Others,Cleaning,Laundry,Fabric Deodrizer,,
Others,Cleaning,Laundry,Fabric Softner,,
Others,Cleaning,Laundry,Liquid Detergent,,
Others,Cleaning,Laundry,Others,,
Others,Cleaning,Laundry,Powder Detergent,,
Others,Cleaning,Laundry,Stain remover,,
Others,Cleaning,Laundry,Starch,,
Others,Cleaning,Others,,,
Others,Electrical product,Bulbs,,,
Others,Electrical product,CFL,,,
Others,Electrical product,Chandilier,,,
Others,Electrical product,Electrical accessories,,,
Others,Electrical product,Extension cords,,,
Others,Electrical product,Junction box,,,
Others,Electrical product,Lamps,,,
Others,Electrical product,Multiplug adapters,,,
Others,Electrical product,Others,,,
Others,Electrical product,Regulators,,,
Others,Electrical product,Rope light,,,
Others,Electrical product,Spot light,,,
Others,Electrical product,Switches,,,
Others,Electrical product,Tubelight,,,
Others,Electrical product,Wires,,,
Others,Food products,Beverages,Alcoholic beverage,,
Others,Food products,Beverages,Coffee,,
Others,Food products,Beverages,Green tea,,
Others,Food products,Beverages,Juices,,
Others,Food products,Beverages,Milk supplement,,
Others,Food products,Beverages,Non-Alcoholic beverage,,
Others,Food products,Beverages,Others,,
Others,Food products,Beverages,Tea,,
Others,Food products,Bread  ,,,
Others,Food products,Bread spread,,,
Others,Food products,Dry Fruits,,,
Others,Food products,Grocery,Atta,,
Others,Food products,Grocery,Others,,
Others,Food products,Grocery,Pulses,,
Others,Food products,Grocery,Rice,,
Others,Food products,Honey,,,
Others,Food products,Jams,,,
Others,Food products,Milk product,,,
Others,Food products,Oil and Ghee,,,
Others,Food products,Others,,,
Others,Food products,Packaged food,Noodles and pasta,,
Others,Food products,Packaged food,Others,,
Others,Food products,Packaged food,Ready mixes,,
Others,Food products,Packaged food,Snacks,,
Others,Food products,Packaged food,Sweeta,,
Others,Food products,Pickles,,,
Others,Food products,Sauces,,,
Others,Food products,Spices and Masala,,,
Others,Furniture,Bedroom,Bedside Table,,
Others,Furniture,Bedroom,Double Bed,,
Others,Furniture,Bedroom,Dressing Table,,
Others,Furniture,Bedroom,Mattress,,
Others,Furniture,Bedroom,Mattress,,
Others,Furniture,Bedroom,Others,,
Others,Furniture,Bedroom,Single Bed,,
Others,Furniture,Living room,Bean Bag,,
Others,Furniture,Living room,Center Table,,
Others,Furniture,Living room,Dining Chair,,
Others,Furniture,Living room,Dining set,,
Others,Furniture,Living room,Dining Table,,
Others,Furniture,Living room,Others,,
Others,Furniture,Living room,Recliner,,
Others,Furniture,Living room,Showcase Cabinet,,
Others,Furniture,Living room,Single Sofa,,
Others,Furniture,Living room,Sofa Set,,
Others,Furniture,Living room,TV Cabinet,,
Others,Furniture,Others,,,
Others,Furniture,Outdoor furniture,Bench,,
Others,Furniture,Outdoor furniture,Folding Chair,,
Others,Furniture,Outdoor furniture,Others,,
Others,Furniture,Outdoor furniture,Plastic chair,,
Others,Furniture,Outdoor furniture,Stool,,
Others,Furniture,Outdoor furniture,Swing Chair,,
Others,Furniture,Outdoor furniture,Tent,,
Others,Furniture,Outdoor furniture,Umbrella Canopy,,
Others,Furniture,Storage Furniture,Book shelf,,
Others,Furniture,Storage Furniture,Chest,,
Others,Furniture,Storage Furniture,Others,,
Others,Furniture,Storage Furniture,Shoe rack,,
Others,Furniture,Storage Furniture,Wardrobe,,
Others,Home Decor,Artificial flowers,,,
Others,Home Decor,Idol,,,
Others,Home Decor,Others,,,
Others,Home Decor,Painting,,,
Others,Home Decor,Poster,,,
Others,Home Decor,Temple,,,
Others,Home Decor,Wall hangings,,,
Others,Home furnishing,Bathroom furnishing,Bath mat,,
Others,Home furnishing,Bathroom furnishing,Bath Robe,,
Others,Home furnishing,Bathroom furnishing,Bath towel,,
Others,Home furnishing,Bathroom furnishing,Others,,
Others,Home furnishing,Bathroom furnishing,Shower Curtains,,
Others,Home furnishing,Bedroom furnishing,Bedding set,,
Others,Home furnishing,Bedroom furnishing,Bedsheet,,
Others,Home furnishing,Bedroom furnishing,Bedsheet set,,
Others,Home furnishing,Bedroom furnishing,Bedspreads,,
Others,Home furnishing,Bedroom furnishing,Blanket,,
Others,Home furnishing,Bedroom furnishing,Cushions,,
Others,Home furnishing,Bedroom furnishing,Kid's bedding,,
Others,Home furnishing,Bedroom furnishing,Others,,
Others,Home furnishing,Bedroom furnishing,Pillow,,
Others,Home furnishing,Bedroom furnishing,Pillow cover,,
Others,Home furnishing,Floor furnishing,Carpet,,
Others,Home furnishing,Floor furnishing,Doormat,,
Others,Home furnishing,Floor furnishing,Others,,
Others,Home furnishing,Floor furnishing,Rugs,,
Others,Home furnishing,Kitchen furnishing,Apron,,
Others,Home furnishing,Kitchen furnishing,Dining Mat,,
Others,Home furnishing,Kitchen furnishing,Others,,
Others,Home furnishing,Kitchen furnishing,Table Cloth,,
Others,Home furnishing,Kitchen furnishing,Table Napkin,,
Others,Home furnishing,Others,,,
Others,Home furnishing,Window furnishing,Door Curtain,,
Others,Home furnishing,Window furnishing,Others,,
Others,Home furnishing,Window furnishing,Window Curtain,,
Others,Home Utility,Adhesives,,,
Others,Home Utility,Bags,,,
Others,Home Utility,Bathroom fittings,Bathroom accessories,,
Others,Home Utility,Bathroom fittings,Floor drain lid,,
Others,Home Utility,Bathroom fittings,Others,,
Others,Home Utility,Bathroom fittings,Sanitary ware,,
Others,Home Utility,Bathroom fittings,Shower head,,
Others,Home Utility,Bathroom fittings,Taps,,
Others,Home Utility,Bucket,,,
Others,Home Utility,Candles,,,
Others,Home Utility,Cloth Drying stand,,,
Others,Home Utility,Cloth pins,,,
Others,Home Utility,Door fittings,,,
Others,Home Utility,Drilling machine,,,
Others,Home Utility,Dustbin,,,
Others,Home Utility,Hangers,,,
Others,Home Utility,Ladder,,,
Others,Home Utility,Lighter,,,
Others,Home Utility,Locks,,,
Others,Home Utility,Match box,,,
Others,Home Utility,Measurement tape,,,
Others,Home Decor,Mirror,,,
Others,Home Utility,Mug,,,
Others,Home Utility,Others,,,
Others,Home Utility,Paints,,,
Others,Home Decor,Photo Frame,,,
Others,Home Utility,Plastic stool,,,
Others,Home Utility,Safe and Locker,,,
Others,Home Utility,Safety gear,,,
Others,Home Utility,Safety pins,,,
Others,Home Utility,Screw driver,,,
Others,Home Utility,Stapler,,,
Others,Home Utility,Thermometer,,,
Others,Home Utility,Umbrella,,,
Others,Home Decor,Vases,,,
Others,Home Utility,Wall Clock,,,
Others,Home Utility,Wall paper,,,
Others,Home Utility,Weighing scale,,,
Others,Industrial product,,,,
Others,Kid's and Baby products,Diapers,,,
Others,Kid's and Baby products,Others,,,
Others,Kid's and Baby products,Pram,,,
Others,Kid's and Baby products,Toys,,,
Others,Kitchenware,Cooking items,Frying pan,,
Others,Kitchenware,Cooking items,Gas Stove,,
Others,Kitchenware,Cooking items,Kadai,,
Others,Kitchenware,Cooking items,Others,,
Others,Kitchenware,Cooking items,Pressure cooker,,
Others,Kitchenware,Cooking items,Tawa,,
Others,Kitchenware,Kitchen Storage,Container,,
Others,Kitchenware,Kitchen Storage,Jar,,
Others,Kitchenware,Kitchen Storage,Lunch box,,
Others,Kitchenware,Kitchen Storage,Others,,
Others,Kitchenware,Kitchen Storage,Racks or Holders,,
Others,Kitchenware,Kitchen Storage,Water Bottles,,
Others,Kitchenware,Kitchen tools,Choppers,,
Others,Kitchenware,Kitchen tools,Graters,,
Others,Kitchenware,Kitchen tools,Knives,,
Others,Kitchenware,Kitchen tools,Ladles,,
Others,Kitchenware,Kitchen tools,Others,,
Others,Kitchenware,Kitchen tools,Slicer,,
Others,Kitchenware,Kitchen tools,Spatulla,,
Others,Kitchenware,Kitchen tools,Tongs,,
Others,Kitchenware,Others,,,
Others,Kitchenware,Table ware,Bowls,,
Others,Kitchenware,Table ware,Casserole,,
Others,Kitchenware,Table ware,Cups,,
Others,Kitchenware,Table ware,Cuttlery,,
Others,Kitchenware,Table ware,Dinner Set,,
Others,Kitchenware,Table ware,Glasses,,
Others,Kitchenware,Table ware,Mugs,,
Others,Kitchenware,Table ware,Others,,
Others,Medical Products,Medical Consumable,,,
Others,Medical Products,Medical equipments,,,
Others,Medical Products,Others,,,
Others,Musical instrument,,,,
Others,Musical instrument,Accessories,,,
Others,Musical instrument,Equipment,,,
Others,Musical instrument,Strings,,,
Others,Sports and fitness,Fitness,Bar,,
Others,Sports and fitness,Fitness,Dumbles,,
Others,Sports and fitness,Fitness,Elliptical treadmill,,
Others,Sports and fitness,Fitness,Exercise balls,,
Others,Sports and fitness,Fitness,Exercise bike,,
Others,Sports and fitness,Fitness,Exercise/ Yoga mat,,
Others,Sports and fitness,Fitness,Fitbit,,
Others,Sports and fitness,Fitness,Gloves,,
Others,Sports and fitness,Fitness,Gym Bench,,
Others,Sports and fitness,Fitness,Heart rate monitor,,
Others,Sports and fitness,Fitness,Home gym,,
Others,Sports and fitness,Fitness,Iron rod,,
Others,Sports and fitness,Fitness,Others,,
Others,Sports and fitness,Fitness,Stop watch,,
Others,Sports and fitness,Fitness,Treadmill,,
Others,Sports and fitness,Fitness,Weights,,
Others,Sports and fitness,Others,,,
Others,Sports and fitness,Sports,Badminton,Badminton net,
Others,Sports and fitness,Sports,Badminton,Badminton racquet,
Others,Sports and fitness,Sports,Badminton,Badminton Shuttle,
Others,Sports and fitness,Sports,Badminton,Bandminton racquet strings,
Others,Sports and fitness,Sports,Badminton,Others,
Others,Sports and fitness,Sports,Baseball,Baseball ball,
Others,Sports and fitness,Sports,Baseball,Baseball bat,
Others,Sports and fitness,Sports,Baseball,Baseball glove,
Others,Sports and fitness,Sports,Baseball,Others,
Others,Sports and fitness,Sports,Basketball,,
Others,Sports and fitness,Sports,Board games,,
Others,Sports and fitness,Sports,Carrom,,
Others,Sports and fitness,Sports,Cricket,Cricket Ball,
Others,Sports and fitness,Sports,Cricket,Cricket Glove,
Others,Sports and fitness,Sports,Cricket,Cricket set,
Others,Sports and fitness,Sports,Cricket,Criket bat,
Others,Sports and fitness,Sports,Cricket,Others,
Others,Sports and fitness,Sports,Cricket,Protective gear,
Others,Sports and fitness,Sports,Cycle,Bicycle,
Others,Sports and fitness,Sports,Cycle,Cycle accessories,
Others,Sports and fitness,Sports,Cycle,Helmet,
Others,Sports and fitness,Sports,Cycle,Kid's cycle,
Others,Sports and fitness,Sports,Cycle,Others,
Others,Sports and fitness,Sports,Cycle,Tricycle,
Others,Sports and fitness,Sports,Dart board,,
Others,Sports and fitness,Sports,Darts,,
Others,Sports and fitness,Sports,Discuss throw,,
Others,Sports and fitness,Sports,Football,,
Others,Sports and fitness,Sports,Hockey stick,,
Others,Sports and fitness,Sports,Others,,
Others,Sports and fitness,Sports,Plastic balls,,
Others,Sports and fitness,Sports,Tennis,Others,
Others,Sports and fitness,Sports,Tennis,Tennis ball,
Others,Sports and fitness,Sports,Tennis,Tennis Grips,
Others,Sports and fitness,Sports,Tennis,Tennis net,
Others,Sports and fitness,Sports,Tennis,Tennis racquet,
Others,Sports and fitness,Sports,Tennis,Tennis Set,
Others,Stationery,Books,,,
Others,Stationery,Copies,,,
Others,Stationery,File cover,,,
Others,Stationery,Others,,,
Others,Stationery,Painting color,,,
Others,Stationery,Paiting brush,,,
Others,Stationery,Pen,,,
Others,Stationery,Pen stand,,,
Others,Stationery,Pencil,,,
Others,Stationery,Pencil box,,,
Others,Stationery,Pencil box set,,,
Others,Stationery,Registers,,,
Others,Stationery,Writing pad,,,
Others,,,,,
Others,Stationery,Office items,,,
Others,Stationery,Envelopes,,,
Others,Artworks,Paintings,,,
Others,Artworks,Posters,,,
Others,Home Decor,Photo Frames,,,
Others,Home Decor,Wall Stickers,,,
Others,Home Furnishings,Cushion Covers,,,
Others,Home Furnishings,Shower Curtains,,,
Others,Home Improvement,Wallpapers,,,
Others,Kitchen Dining,Coffee Mugs,,,
Others,Office Products,Bulletin Boards,,,
Others,Office Products,Wrapping Papers,,,
