district,state,city
CENTRAL, MADHYA PRADESH,AGAR
CENTRAL, MADHYA PRADESH,AGAR MALWA
CENTRAL, MADHYA PRADESH,ALIRAJPUR
CENTRAL, MADHYA PRADESH,ANUPUR
CENTRAL, MADHYA PRADESH,ASHOKNAGAR
CENTRAL, MADHYA PRADESH,BADWANI
CENTRAL, MADHYA PRADESH,BALAGHAT
CENTRAL, MADHYA PRADESH,BETUL
CENTRAL, MADHYA PRADESH,BHIND
CENTRAL, MADHYA PRADESH,BHOPAL
CENTRAL, MADHYA PRADESH,BURHANPUR
CENTRAL, MADHYA PRADESH,CHHATARPUR
CENTRAL, MADHYA PRADESH,CHHINDWARE
CENTRAL, MADHYA PRADESH,DAMOH
CENTRAL, MADHYA PRADESH,DATIA
CENTRAL, MADHYA PRADESH,DEWAS
CENTRAL, MADHYA PRADESH,DHAR
CENTRAL, MADHYA PRADESH,DINDORI
CENTRAL, MADHYA PRADESH,GUNA
CENTRAL, MADHYA PRADESH,GWALIOR
CENTRAL, MADHYA PRADESH,HARDA
CENTRAL, MADHYA PRADESH,HOSHANGABAD
CENTRAL, MADHYA PRADESH,INDORE
CENTRAL, MADHYA PRADESH,JABALPUR
CENTRAL, MADHYA PRADESH,JAHBUA
CENTRAL, MADHYA PRADESH,KATNI
CENTRAL, MADHYA PRADESH,KHANDWA
CENTRAL, MADHYA PRADESH,KHARGONE
CENTRAL, MADHYA PRADESH,MANDLA
CENTRAL, MADHYA PRADESH,MANDSAUR
CENTRAL, MADHYA PRADESH,MORENA
CENTRAL, MADHYA PRADESH,NARSIMHAPUR
CENTRAL, MADHYA PRADESH,NEEMACH
CENTRAL, MADHYA PRADESH,NIWARI
CENTRAL, MADHYA PRADESH,PANNA
CENTRAL, MADHYA PRADESH,RAISEN
CENTRAL, MADHYA PRADESH,RAJGARH
CENTRAL, MADHYA PRADESH,RATLAM
CENTRAL, MADHYA PRADESH,REWA
CENTRAL, MADHYA PRADESH,SAGAR
CENTRAL, MADHYA PRADESH,SATNA
CENTRAL, MADHYA PRADESH,SEHORE
CENTRAL, MADHYA PRADESH,SEONI
CENTRAL, MADHYA PRADESH,SHAHDOL
CENTRAL, MADHYA PRADESH,SHAJAPUR
CENTRAL, MADHYA PRADESH,SHEOPUR
CENTRAL, MADHYA PRADESH,SHIVPURI
CENTRAL, MADHYA PRADESH,SIDHI
CENTRAL, MADHYA PRADESH,SINGRAULI
CENTRAL, MADHYA PRADESH,TIKAMGARH
CENTRAL, MADHYA PRADESH,UJJAIN
CENTRAL, MADHYA PRADESH,UMARIA
CENTRAL, MADHYA PRADESH,VIDISHA
EAST, ARUNACHAL PRADESH,CHANGLANG
EAST, ARUNACHAL PRADESH,DIBANG VALLEY
EAST, ARUNACHAL PRADESH,EAST KHAMENG
EAST, ARUNACHAL PRADESH,EAST SIANG
EAST, ARUNACHAL PRADESH,KURUNG KUMEY
EAST, ARUNACHAL PRADESH,LOHIT
EAST, ARUNACHAL PRADESH,LONGDING
EAST, ARUNACHAL PRADESH,LOWER DIBANG VALLEY
EAST, ARUNACHAL PRADESH,LOWER SUBANSIRI
EAST, ARUNACHAL PRADESH,NAMSAI
EAST, ARUNACHAL PRADESH,PAPUMPARE
EAST, ARUNACHAL PRADESH,TAWANG
EAST, ARUNACHAL PRADESH,TIRAP
EAST, ARUNACHAL PRADESH,UPPER SIANG
EAST, ARUNACHAL PRADESH,UPPER SIBANSIRI
EAST, ARUNACHAL PRADESH,WEST KAMENG
EAST, ARUNACHAL PRADESH,WEST SIANG
EAST, ASSAM,BAKSA
EAST, ASSAM,BARPETA
EAST, ASSAM,BISWANATH
EAST, ASSAM,BONGAIGAON
EAST, ASSAM,CACHAR
EAST, ASSAM,CHARAIDEO
EAST, ASSAM,CHIRANG
EAST, ASSAM,DARRANG
EAST, ASSAM,DHEMAJI
EAST, ASSAM,DHUBURI
EAST, ASSAM,DIBRUGARH
EAST, ASSAM,DIMA HASAO
EAST, ASSAM,GOALPARA
EAST, ASSAM,GOLAGHAT
EAST, ASSAM,HAILAKANDI
EAST, ASSAM,HOJAI
EAST, ASSAM,JORHAT
EAST, ASSAM,KAMRUP
EAST, ASSAM,KAMRUP METRO
EAST, ASSAM,KARBI ANGLONG
EAST, ASSAM,KARIMGANJ
EAST, ASSAM,KOKRAJHAR
EAST, ASSAM,LAKHIMPUR
EAST, ASSAM,MAJULI
EAST, ASSAM,MORIGAON
EAST, ASSAM,NAGAON
EAST, ASSAM,NALBARI
EAST, ASSAM,S SALMARA MANKACHAR
EAST, ASSAM,SIBSAGAR
EAST, ASSAM,SONITPUR
EAST, ASSAM,TINSUKIA
EAST, ASSAM,UDALGURI
EAST, ASSAM,WEST KARBI ANGLONG
EAST, BIHAR,ARARIA
EAST, BIHAR,ARWAL
EAST, BIHAR,AURANGABAD
EAST, BIHAR,BANKA
EAST, BIHAR,BEGUSARAI
EAST, BIHAR,BHAGALPUR
EAST, BIHAR,BHOJPUR
EAST, BIHAR,BUXAR
EAST, BIHAR,DARBHANGA
EAST, BIHAR,EAST CHAMPARAN
EAST, BIHAR,GAYA
EAST, BIHAR,GOPALGANJ
EAST, BIHAR,JAHANABAD
EAST, BIHAR,JAMUI
EAST, BIHAR,KAIMUR
EAST, BIHAR,KATIHAR
EAST, BIHAR,KHAGARIA
EAST, BIHAR,KISHANGANJ
EAST, BIHAR,LAKHISARAI
EAST, BIHAR,LUCKEESARAI
EAST, BIHAR,MADHEPURA
EAST, BIHAR,MADHUBANI
EAST, BIHAR,MUNGER
EAST, BIHAR,MUZAFFARPUR
EAST, BIHAR,NALANDA
EAST, BIHAR,NAWADA
EAST, BIHAR,PATNA
EAST, BIHAR,PURNIA
EAST, BIHAR,ROHTAS
EAST, BIHAR,SAHARSA
EAST, BIHAR,SAMASTIPUR
EAST, BIHAR,SARAN
EAST, BIHAR,SEWAN
EAST, BIHAR,SHEIKHPURA
EAST, BIHAR,SHEOHAR
EAST, BIHAR,SITAMARHI
EAST, BIHAR,SUPAUL
EAST, BIHAR,VAISHALI
EAST, BIHAR,WEST CHAMPARAN
EAST, CHHATTISGARH,BALOD
EAST, CHHATTISGARH,BALODABAZAR
EAST, CHHATTISGARH,BALRAMPUR
EAST, CHHATTISGARH,BASTAR
EAST, CHHATTISGARH,BEMETARA
EAST, CHHATTISGARH,BIJAPUR
EAST, CHHATTISGARH,BILASPUR
EAST, CHHATTISGARH,DANTEWADA
EAST, CHHATTISGARH,DHAMTARI
EAST, CHHATTISGARH,DURG
EAST, CHHATTISGARH,GARIYABAND
EAST, CHHATTISGARH,JANJGIR
EAST, CHHATTISGARH,JASHPUR
EAST, CHHATTISGARH,KANKER
EAST, CHHATTISGARH,KAWARDHA
EAST, CHHATTISGARH,KONDAGAON
EAST, CHHATTISGARH,KORBA
EAST, CHHATTISGARH,KORIA
EAST, CHHATTISGARH,MAHASAMUND
EAST, CHHATTISGARH,MUNGELI
EAST, CHHATTISGARH,NARAYANPUR
EAST, CHHATTISGARH,PURUSHOTTAMPUR
EAST, CHHATTISGARH,RAIGARH
EAST, CHHATTISGARH,RAIPUR
EAST, CHHATTISGARH,RAJNANDGAON
EAST, CHHATTISGARH,SUKMA
EAST, CHHATTISGARH,SURAJPUR
EAST, CHHATTISGARH,SURGUJA
EAST, JHARKHAND,BOKARO
EAST, JHARKHAND,CHATRA
EAST, JHARKHAND,DEOGARH
EAST, JHARKHAND,DHANBAD
EAST, JHARKHAND,DUMKA
EAST, JHARKHAND,EAST SINGHBHUM
EAST, JHARKHAND,GARHWA
EAST, JHARKHAND,GIRIDIH
EAST, JHARKHAND,GODDA
EAST, JHARKHAND,GUMLA
EAST, JHARKHAND,HAZARIBAGH
EAST, JHARKHAND,JAMTARA
EAST, JHARKHAND,KHUNTI
EAST, JHARKHAND,KODARMA
EAST, JHARKHAND,KODERMA
EAST, JHARKHAND,LATEHAR
EAST, JHARKHAND,LOHARDAGA
EAST, JHARKHAND,PAKUR
EAST, JHARKHAND,PALAMAU
EAST, JHARKHAND,RAMGARH
EAST, JHARKHAND,RANCHI
EAST, JHARKHAND,SAHIBGANJ
EAST, JHARKHAND,SARAIKELA KHARASAWAN
EAST, JHARKHAND,SIMDEGA
EAST, JHARKHAND,WEST SINGHBHUM
EAST, MANIPUR,BISHNUPUR
EAST, MANIPUR,CHANDEL
EAST, MANIPUR,CHURACHANDPUR
EAST, MANIPUR,EAST IMPHAL
EAST, MANIPUR,JIRIBAM
EAST, MANIPUR,KAKCHING
EAST, MANIPUR,KAMJONG
EAST, MANIPUR,KANGPOKPI
EAST, MANIPUR,NONEY
EAST, MANIPUR,PHERZAWL
EAST, MANIPUR,SENAPATI
EAST, MANIPUR,TAMENGLONG
EAST, MANIPUR,TENGNOUPAL
EAST, MANIPUR,THOUBAL
EAST, MANIPUR,UKHRUL
EAST, MANIPUR,WEST IMPHAL
EAST, MEGHALAYA,EAST GARO HILLS
EAST, MEGHALAYA,EAST JAINTIA HILLS
EAST, MEGHALAYA,EAST KHASI HILLS
EAST, MEGHALAYA,JAINTIA HILLS
EAST, MEGHALAYA,NORTH GARO HILLS
EAST, MEGHALAYA,RI BHOI
EAST, MEGHALAYA,SOUTH GARO HILLS
EAST, MEGHALAYA,SOUTHWEST KHASI HILS
EAST, MEGHALAYA,SOUTH WEST GAROHILLS
EAST, MEGHALAYA,WEST GARO HILLS
EAST, MEGHALAYA,WEST JAINTIA HILLS
EAST, MEGHALAYA,WEST KHASI HILLS
EAST, MIZORAM,AIZAWL
EAST, MIZORAM,CHAMPHAI
EAST, MIZORAM,KOLASIB
EAST, MIZORAM,LAWNGTLAI
EAST, MIZORAM,LUNGLEI
EAST, MIZORAM,MAMIT
EAST, MIZORAM,SAIHA
EAST, MIZORAM,SERCHHIP
EAST, NAGALAND,DIMAPUR
EAST, NAGALAND,KIPHERE
EAST, NAGALAND,KOHIMA
EAST, NAGALAND,LONGLENG
EAST, NAGALAND,MOKOKCHUNG
EAST, NAGALAND,MON
EAST, NAGALAND,PEREN
EAST, NAGALAND,PHEK
EAST, NAGALAND,TUENSANG
EAST, NAGALAND,WOKHA
EAST, NAGALAND,ZUNHEBOTO
EAST, ODISHA,ANGUL
EAST, ODISHA,BALESHWAR
EAST, ODISHA,BARGARH
EAST, ODISHA,BHADRAK
EAST, ODISHA,BOLANGIR
EAST, ODISHA,BOUDH
EAST, ODISHA,CUTTACK
EAST, ODISHA,DEOGARH
EAST, ODISHA,DHENKANAL
EAST, ODISHA,GAJAPATI
EAST, ODISHA,GANJAM
EAST, ODISHA,JAGATSINGHPUR
EAST, ODISHA,JAJPUR
EAST, ODISHA,JHARSUGUDA
EAST, ODISHA,KALAHANDI
EAST, ODISHA,KANDHAMAL
EAST, ODISHA,KENDRAPARA
EAST, ODISHA,KEONJHAR
EAST, ODISHA,KHORDHA
EAST, ODISHA,KORAPUT
EAST, ODISHA,MALKANGIRI
EAST, ODISHA,MAYURBHANJ
EAST, ODISHA,NABARANGAPUR
EAST, ODISHA,NAYAGARH
EAST, ODISHA,NUAPARHA
EAST, ODISHA,PURI
EAST, ODISHA,RAYAGADA
EAST, ODISHA,SAMBALPUR
EAST, ODISHA,SONAPUR
EAST, ODISHA,SUNDARGARH
EAST, TRIPURA,DHALAI
EAST, TRIPURA,GOMATI
EAST, TRIPURA,KHOWAI
EAST, TRIPURA,NORTH TRIPURA
EAST, TRIPURA,SEPAHIJHALA
EAST, TRIPURA,SOUTH TRIPURA
EAST, TRIPURA,UNAKOTI
EAST, TRIPURA,WEST TRIPURA
EAST, WEST BENGAL,ALIPURDUAR
EAST, WEST BENGAL,BANKURA
EAST, WEST BENGAL,BIRBHUM
EAST, WEST BENGAL,COOCH BIHAR
EAST, WEST BENGAL,DAKSHIN DINAJPUR
EAST, WEST BENGAL,DARJEELING
EAST, WEST BENGAL,HOOGHLY
EAST, WEST BENGAL,HOWRAH
EAST, WEST BENGAL,JALPAIGURI
EAST, WEST BENGAL,JHARGRAM
EAST, WEST BENGAL,KALIMPONG
EAST, WEST BENGAL,KOLKATA
EAST, WEST BENGAL,MALDA
EAST, WEST BENGAL,MURSHIDABAD
EAST, WEST BENGAL,NADIA
EAST, WEST BENGAL,NORTH 24 PARGANAS
EAST, WEST BENGAL,PASCHIM BARDHAMAN
EAST, WEST BENGAL,PASCHIM MEDINIPUR
EAST, WEST BENGAL,PURBA BARDHAMAN
EAST, WEST BENGAL,PURBA MEDINIPUR
EAST, WEST BENGAL,PURULIA
EAST, WEST BENGAL,SOUTH 24 PARGANAS
EAST, WEST BENGAL,UTTAR DINAJPUR
NORTH, PUNJAB,CHANDIGARH
NORTH, DELHI,CENTRAL DELHI
NORTH, DELHI,DELHI SHAHDARA
NORTH, DELHI,EAST DELHI
NORTH, DELHI,NEW DELHI
NORTH, DELHI,NORTH DELHI
NORTH, DELHI,NORTH EAST DELHI
NORTH, DELHI,NORTH WEST DELHI
NORTH, DELHI,SOUTH DELHI
NORTH, DELHI,SOUTH EAST DELHI
NORTH, DELHI,SOUTH WEST DELHI
NORTH, DELHI,WEST DELHI
NORTH, HARYANA,AMBALA
NORTH, HARYANA,BHIWANI
NORTH, HARYANA,CHARKI DADRI
NORTH, HARYANA,FARIDABAD
NORTH, HARYANA,FATEHABAD
NORTH, HARYANA,GURGAON
NORTH, HARYANA,HISAR
NORTH, HARYANA,JHAJJAR
NORTH, HARYANA,JIND
NORTH, HARYANA,KAITHAL
NORTH, HARYANA,KARNAL
NORTH, HARYANA,KHEWRA
NORTH, HARYANA,KURUKSHETRA
NORTH, HARYANA,MAHENDRAGARH
NORTH, HARYANA,MEWAT
NORTH, HARYANA,PALWAL
NORTH, HARYANA,PANCHKULA
NORTH, HARYANA,PANIPAT
NORTH, HARYANA,REWARI
NORTH, HARYANA,ROHTAK
NORTH, HARYANA,SINGAR
NORTH, HARYANA,SIRSA
NORTH, HARYANA,SONIPAT
NORTH, HARYANA,YAMUNANAGAR
NORTH, HIMACHAL PRADESH,BILASPUR
NORTH, HIMACHAL PRADESH,CHAMBA
NORTH, HIMACHAL PRADESH,HAMIRPUR
NORTH, HIMACHAL PRADESH,KANGRA
NORTH, HIMACHAL PRADESH,KINNAUR
NORTH, HIMACHAL PRADESH,KULLU
NORTH, HIMACHAL PRADESH,LAHUL & SPITI
NORTH, HIMACHAL PRADESH,MANDI
NORTH, HIMACHAL PRADESH,SHIMLA
NORTH, HIMACHAL PRADESH,SIRMAUR
NORTH, HIMACHAL PRADESH,SOLAN
NORTH, HIMACHAL PRADESH,UNA
NORTH, JAMMU & KASHMIR,ANANTNAG
NORTH, JAMMU & KASHMIR,BADGAM
NORTH, JAMMU & KASHMIR,BANDIPORA
NORTH, JAMMU & KASHMIR,BARAMULLAH
NORTH, JAMMU & KASHMIR,DODA
NORTH, JAMMU & KASHMIR,GANDERBAL
NORTH, JAMMU & KASHMIR,JAMMU
NORTH, JAMMU & KASHMIR,KARGIL
NORTH, JAMMU & KASHMIR,KATHUA
NORTH, JAMMU & KASHMIR,KISHTWAR
NORTH, JAMMU & KASHMIR,KULGAM
NORTH, JAMMU & KASHMIR,KUPWARA
NORTH, JAMMU & KASHMIR,LEH
NORTH, JAMMU & KASHMIR,POONCH
NORTH, JAMMU & KASHMIR,PULWAMA
NORTH, JAMMU & KASHMIR,RAJOURI
NORTH, JAMMU & KASHMIR,RAMBAN
NORTH, JAMMU & KASHMIR,REASI
NORTH, JAMMU & KASHMIR,SAMBA
NORTH, JAMMU & KASHMIR,SHOPIAN
NORTH, JAMMU & KASHMIR,SRINAGAR
NORTH, JAMMU & KASHMIR,UDHAMPUR
NORTH, PUNJAB,AMRITSAR
NORTH, PUNJAB,BARNALA
NORTH, PUNJAB,BATHINDA
NORTH, PUNJAB,FARIDKOT
NORTH, PUNJAB,FATEHGARH SAHIB
NORTH, PUNJAB,FAZILKA
NORTH, PUNJAB,FIROZPUR
NORTH, PUNJAB,GURDASPUR
NORTH, PUNJAB,HOSHIARPUR
NORTH, PUNJAB,JALANDHAR
NORTH, PUNJAB,KAPURTHALA
NORTH, PUNJAB,LUDHIANA
NORTH, PUNJAB,MANSA
NORTH, PUNJAB,MOGA
NORTH, PUNJAB,MUKTSAR
NORTH, PUNJAB,PATHANKOT
NORTH, PUNJAB,PATIALA
NORTH, PUNJAB,RUPNAGAR
NORTH, PUNJAB,SANGRUR
NORTH, PUNJAB,SAS NAGAR
NORTH, PUNJAB,SHD BHAGAT SINGH NGR
NORTH, PUNJAB,SHIMLA
NORTH, PUNJAB,TARN TARAN
NORTH, SIKKIM,EAST DISTRICT
NORTH, SIKKIM,NORTH DISTRICT
NORTH, SIKKIM,SOUTH DISTRICT
NORTH, SIKKIM,WEST DISTRICT
NORTH, UTTAR PRADESH,AGRA
NORTH, UTTAR PRADESH,AKHLAUR
NORTH, UTTAR PRADESH,ALIGARH
NORTH, UTTAR PRADESH,ALLAHABAD
NORTH, UTTAR PRADESH,AMBEDKARNAGAR
NORTH, UTTAR PRADESH,AMETHI/CSM NAGAR
NORTH, UTTAR PRADESH,AMROHA
NORTH, UTTAR PRADESH,AURAIYA
NORTH, UTTAR PRADESH,AZAMGARH
NORTH, UTTAR PRADESH,BAGHPAT
NORTH, UTTAR PRADESH,BAHRAICH
NORTH, UTTAR PRADESH,BALLIA
NORTH, UTTAR PRADESH,BALRAMPUR
NORTH, UTTAR PRADESH,BANDA
NORTH, UTTAR PRADESH,BARABANKI
NORTH, UTTAR PRADESH,BAREILLY
NORTH, UTTAR PRADESH,BASTI
NORTH, UTTAR PRADESH,BIJNOR
NORTH, UTTAR PRADESH,BUDAUN
NORTH, UTTAR PRADESH,BULANDSHAHR
NORTH, UTTAR PRADESH,CHANDAULI
NORTH, UTTAR PRADESH,CHITRAKUT
NORTH, UTTAR PRADESH,DEORIA
NORTH, UTTAR PRADESH,ETAH
NORTH, UTTAR PRADESH,ETAWAH
NORTH, UTTAR PRADESH,FAIZABAD
NORTH, UTTAR PRADESH,FARRUKKHABAD
NORTH, UTTAR PRADESH,FATEHPUR
NORTH, UTTAR PRADESH,FIROZABAD
NORTH, UTTAR PRADESH,GAUTAM BUDH NAGAR
NORTH, UTTAR PRADESH,GHAZIABAD
NORTH, UTTAR PRADESH,GHAZIPUR
NORTH, UTTAR PRADESH,GONDA
NORTH, UTTAR PRADESH,GORAKHPUR
NORTH, UTTAR PRADESH,HAMIRPUR
NORTH, UTTAR PRADESH,HAPUR
NORTH, UTTAR PRADESH,HARDOI
NORTH, UTTAR PRADESH,HATHRAS
NORTH, UTTAR PRADESH,JAIPUR
NORTH, UTTAR PRADESH,JALAUN
NORTH, UTTAR PRADESH,JAUNPUR
NORTH, UTTAR PRADESH,JHANSI
NORTH, UTTAR PRADESH,KANNUAJ
NORTH, UTTAR PRADESH,KANPUR NAGAR
NORTH, UTTAR PRADESH,KANPUR RURAL
NORTH, UTTAR PRADESH,KANPUR URBAN
NORTH, UTTAR PRADESH,KASHI RAM NAGAR
NORTH, UTTAR PRADESH,KAUSHAMBI
NORTH, UTTAR PRADESH,KHEKRA
NORTH, UTTAR PRADESH,KUSHINAGAR
NORTH, UTTAR PRADESH,LAKHIMPUR
NORTH, UTTAR PRADESH,LAKHIMPUR KHERI
NORTH, UTTAR PRADESH,LALITPUR
NORTH, UTTAR PRADESH,LUCKNOW
NORTH, UTTAR PRADESH,MAHARAJGANJ
NORTH, UTTAR PRADESH,MAHOBA
NORTH, UTTAR PRADESH,MAINPURI
NORTH, UTTAR PRADESH,MATHURA
NORTH, UTTAR PRADESH,MAUNATHBHANJAN
NORTH, UTTAR PRADESH,MEERUT
NORTH, UTTAR PRADESH,MIRZAPUR
NORTH, UTTAR PRADESH,MORADABAD
NORTH, UTTAR PRADESH,MUZAFFARNAGAR
NORTH, UTTAR PRADESH,PILIBHIT
NORTH, UTTAR PRADESH,PRATAPGARH
NORTH, UTTAR PRADESH,RAE BARELI
NORTH, UTTAR PRADESH,RAMPUR
NORTH, UTTAR PRADESH,SAHARANPUR
NORTH, UTTAR PRADESH,SAMBHAL
NORTH, UTTAR PRADESH,SANT KABIR NAGAR
NORTH, UTTAR PRADESH,SANT RAVI NAGAR
NORTH, UTTAR PRADESH,SHAHJAHANPUR
NORTH, UTTAR PRADESH,SHAMLI
NORTH, UTTAR PRADESH,SHIKOHABAD
NORTH, UTTAR PRADESH,SHRAVASTI
NORTH, UTTAR PRADESH,SIDHARTHNAGAR
NORTH, UTTAR PRADESH,SITAPUR
NORTH, UTTAR PRADESH,SONBHADRA
NORTH, UTTAR PRADESH,SULTANPUR
NORTH, UTTAR PRADESH,UNNAO
NORTH, UTTAR PRADESH,VARANASI
NORTH, UTTARAKHAND,ALMORA
NORTH, UTTARAKHAND,BAGESHWAR
NORTH, UTTARAKHAND,CHAMOLI
NORTH, UTTARAKHAND,CHAMPAWAT
NORTH, UTTARAKHAND,DEHRADUN
NORTH, UTTARAKHAND,HARIDWAR
NORTH, UTTARAKHAND,NAINITAL
NORTH, UTTARAKHAND,PAURI
NORTH, UTTARAKHAND,PITHORAGARH
NORTH, UTTARAKHAND,RUDRAPRAYAG
NORTH, UTTARAKHAND,TEHRI GARHWAL
NORTH, UTTARAKHAND,UDHAM SINGH NAGAR
NORTH, UTTARAKHAND,UTTARKASHI
SOUTH, ANDAMAN & NICOBAR,NICOBAR
SOUTH, ANDAMAN & NICOBAR,NORTH ANDAMAN
SOUTH, ANDAMAN & NICOBAR,MIDDLE ANDAMAN
SOUTH, ANDAMAN & NICOBAR,SOUTH ANDAMAN
SOUTH, ANDHRA PRADESH,Alluri Sitharama Raju
SOUTH, ANDHRA PRADESH,Anakapalli
SOUTH, ANDHRA PRADESH,Annamayya
SOUTH, ANDHRA PRADESH,ANANTAPUR
SOUTH, ANDHRA PRADESH,Bapatla
SOUTH, ANDHRA PRADESH,CHITTOOR
SOUTH, ANDHRA PRADESH,EAST GODAVARI
SOUTH, ANDHRA PRADESH,ELURU
SOUTH, ANDHRA PRADESH,GUNTUR
SOUTH, ANDHRA PRADESH,KAKINADA
SOUTH, ANDHRA PRADESH,KONA SEEMA
SOUTH, ANDHRA PRADESH,KRISHNA
SOUTH, ANDHRA PRADESH,KURNOOL
SOUTH, ANDHRA PRADESH,MANYAM
SOUTH, ANDHRA PRADESH,NANDYAL
SOUTH, ANDHRA PRADESH,NELLORE
SOUTH, ANDHRA PRADESH,NTR
SOUTH, ANDHRA PRADESH,PALNADU
SOUTH, ANDHRA PRADESH,PRAKASAM
SOUTH, ANDHRA PRADESH,SRI BALAJI
SOUTH, ANDHRA PRADESH,SRI SATYASAI
SOUTH, ANDHRA PRADESH,SRIKAKULAM
SOUTH, ANDHRA PRADESH,VISHAKHAPATNAM
SOUTH, ANDHRA PRADESH,VIZIANAGARAM
SOUTH, ANDHRA PRADESH,WEST GODAVARI
SOUTH, ANDHRA PRADESH,YSR KADAPA
SOUTH, KARNATAKA,BAGALKOT
SOUTH, KARNATAKA,BANGALORE
SOUTH, KARNATAKA,BANGALORE RURAL
SOUTH, KARNATAKA,BELGAUM
SOUTH, KARNATAKA,BELLARY
SOUTH, KARNATAKA,BIDAR
SOUTH, KARNATAKA,BIJAPUR
SOUTH, KARNATAKA,CHAMRAJNAGAR
SOUTH, KARNATAKA,CHIKKABALLAPURA
SOUTH, KARNATAKA,CHIKMAGALUR
SOUTH, KARNATAKA,CHITRADURGA
SOUTH, KARNATAKA,DAKSHIN KANNAD
SOUTH, KARNATAKA,DAVANGERE
SOUTH, KARNATAKA,DHARWAD
SOUTH, KARNATAKA,GADAG
SOUTH, KARNATAKA,GULBARGA
SOUTH, KARNATAKA,HASSAN
SOUTH, KARNATAKA,HAVERI
SOUTH, KARNATAKA,KODAGU
SOUTH, KARNATAKA,KOLAR
SOUTH, KARNATAKA,KOPPAL
SOUTH, KARNATAKA,MANDYA
SOUTH, KARNATAKA,MYSORE
SOUTH, KARNATAKA,RAICHUR
SOUTH, KARNATAKA,RAMANAGARA
SOUTH, KARNATAKA,SHIMOGA
SOUTH, KARNATAKA,TUMKUR
SOUTH, KARNATAKA,UDUPI
SOUTH, KARNATAKA,UTTAR KANNAD
SOUTH, KARNATAKA,YADGIR
SOUTH, KERALA,ALAPPUZHA
SOUTH, KERALA,ERNAKULAM
SOUTH, KERALA,IDUKKI
SOUTH, KERALA,KANNUR
SOUTH, KERALA,KASARAGOD
SOUTH, KERALA,KOLLAM
SOUTH, KERALA,KOTTAYAM
SOUTH, KERALA,KOZHIKODE
SOUTH, KERALA,LAKSHADWEEP
SOUTH, KERALA,MALAPPURAM
SOUTH, KERALA,PALAKKAD
SOUTH, KERALA,PATHANANTHITTA
SOUTH, KERALA,RAICHUR
SOUTH, KERALA,THIRUVANANTHAPURAM
SOUTH, KERALA,THRISSUR
SOUTH, KERALA,WAYANAD
SOUTH, PONDICHERRY,KARAIKAL
SOUTH, PONDICHERRY,MAHE
SOUTH, PONDICHERRY,PONDICHERRY
SOUTH, PONDICHERRY,YANAM
SOUTH, TAMIL NADU,ARIYALUR
SOUTH, TAMIL NADU,CHENNAI
SOUTH, TAMIL NADU,CHENGALPATTU
SOUTH, TAMIL NADU,COIMBATORE
SOUTH, TAMIL NADU,CUDDALORE
SOUTH, TAMIL NADU,DHARMAPURI
SOUTH, TAMIL NADU,DINDIGUL
SOUTH, TAMIL NADU,ERODE
SOUTH, TAMIL NADU,KALLAKURICHI
SOUTH, TAMIL NADU,KANCHEEPURAM
SOUTH, TAMIL NADU,KANNIYAKUMARI
SOUTH, TAMIL NADU,KARAMADAI
SOUTH, TAMIL NADU,KARUR
SOUTH, TAMIL NADU,KRISHNAGIRI
SOUTH, TAMIL NADU,MADURAI
SOUTH, TAMIL NADU,MAYILADUTHURAI
SOUTH, TAMIL NADU,NAGAPATTINAM
SOUTH, TAMIL NADU,NAMAKKAL
SOUTH, TAMIL NADU,NILGIRIS
SOUTH, TAMIL NADU,PERAMBALUR
SOUTH, TAMIL NADU,PUDUKKOTTAI
SOUTH, TAMIL NADU,RAMANATHAPURAM
SOUTH, TAMIL NADU,RANIPET
SOUTH, TAMIL NADU,SALEM
SOUTH, TAMIL NADU,SIVAGANGA
SOUTH, TAMIL NADU,TENKASI
SOUTH, TAMIL NADU,THANJAVUR
SOUTH, TAMIL NADU,THENI
SOUTH, TAMIL NADU,THIRUVARUR
SOUTH, TAMIL NADU,THOOTHUKUDI
SOUTH, TAMIL NADU,TIRUCHCHIRAPPALLI
SOUTH, TAMIL NADU,TIRUNELVELI
SOUTH, TAMIL NADU,TIRUPATHUR
SOUTH, TAMIL NADU,TIRUPPUR
SOUTH, TAMIL NADU,TIRUVALLUR
SOUTH, TAMIL NADU,TIRUVANNAMALAI
SOUTH, TAMIL NADU,TUTICORIN
SOUTH, TAMIL NADU,VELLORE
SOUTH, TAMIL NADU,VILUPPURAM
SOUTH, TAMIL NADU,VIRUDHUNAGAR
SOUTH, TELANGANA,ADILABAD
SOUTH, TELANGANA,BHADRADRI KOTHAGUDEM
SOUTH, TELANGANA,HYDERABAD
SOUTH, TELANGANA,JAGITIAL
SOUTH, TELANGANA,JANGAON
SOUTH, TELANGANA,JAYASHANKAR BHUPALPA
SOUTH, TELANGANA,JOGULAMBA GADWAL
SOUTH, TELANGANA,KAMAREDDY
SOUTH, TELANGANA,KARIM NAGAR
SOUTH, TELANGANA,KHAMMAM
SOUTH, TELANGANA,KOMRAM BHEEM ASIFABA
SOUTH, TELANGANA,MAHABUBABAD
SOUTH, TELANGANA,MANCHERIAL
SOUTH, TELANGANA,MEDAK
SOUTH, TELANGANA,MEDCHAL MALKAJGIRI
SOUTH, TELANGANA,MEHABUBNAGAR
SOUTH, TELANGANA,NAGARKURNOOL
SOUTH, TELANGANA,NALGONDA
SOUTH, TELANGANA,NIRMAL
SOUTH, TELANGANA,NIZAMABAD
SOUTH, TELANGANA,PEDDAPALLI
SOUTH, TELANGANA,RAJANNA SIRCILLA
SOUTH, TELANGANA,RANGAREDDI
SOUTH, TELANGANA,SANGAREDDY
SOUTH, TELANGANA,SIDDIPET
SOUTH, TELANGANA,SURYAPET
SOUTH, TELANGANA,USE TG010
SOUTH, TELANGANA,VIKARABAD
SOUTH, TELANGANA,WANAPARTHY
SOUTH, TELANGANA,WARANGAL
SOUTH, TELANGANA,WARANGAL RURAL
SOUTH, TELANGANA,YADADRI BHUVANAGIRI
WEST, DADRA NAGARHAVELI,SILVASSA
WEST, DAMAN & DIU,DAMAN & DIU
WEST, GOA,NORTH GOA
WEST, GOA,SOUTH GOA
WEST, GUJARAT,AHMEDABAD
WEST, GUJARAT,AMRELI
WEST, GUJARAT,ANAND
WEST, GUJARAT,ARAVALLI
WEST, GUJARAT,BANAS KANTHA
WEST, GUJARAT,BHARUCH
WEST, GUJARAT,BHAVNAGAR
WEST, GUJARAT,BOTAD
WEST, GUJARAT,CHHOTAUDEPUR
WEST, GUJARAT,DAHOD
WEST, GUJARAT,DANGS
WEST, GUJARAT,DEVBHUMI DWARKA
WEST, GUJARAT,GANDHI NAGAR
WEST, GUJARAT,GIR SOMNATH
WEST, GUJARAT,JAMNAGAR
WEST, GUJARAT,JUNAGADH
WEST, GUJARAT,KHEDA
WEST, GUJARAT,KUTCH
WEST, GUJARAT,MAHISAGAR
WEST, GUJARAT,MEHSANA
WEST, GUJARAT,MORBI
WEST, GUJARAT,NARMADA
WEST, GUJARAT,NAVSARI
WEST, GUJARAT,PANCH MAHAL
WEST, GUJARAT,PATAN
WEST, GUJARAT,PORBANDER
WEST, GUJARAT,RAJKOT
WEST, GUJARAT,SABAR KANTHA
WEST, GUJARAT,SURAT
WEST, GUJARAT,SURENDRANAGAR
WEST, GUJARAT,TAPI
WEST, GUJARAT,THE DANGS
WEST, GUJARAT,VADODARA
WEST, GUJARAT,VALSAD
WEST, MAHARASHTRA,AHMADNAGAR
WEST, MAHARASHTRA,AKOLA
WEST, MAHARASHTRA,ALWAR
WEST, MAHARASHTRA,AMRAVATI
WEST, MAHARASHTRA,AURANGABAD
WEST, MAHARASHTRA,BEED
WEST, MAHARASHTRA,BHANDARA
WEST, MAHARASHTRA,BID
WEST, MAHARASHTRA,BULDHANA
WEST, MAHARASHTRA,CHANDRAPUR
WEST, MAHARASHTRA,DHULE
WEST, MAHARASHTRA,GADCHIROLI
WEST, MAHARASHTRA,GONDIA
WEST, MAHARASHTRA,GREATER MUMBAI
WEST, MAHARASHTRA,HINGOLI
WEST, MAHARASHTRA,JALGAON
WEST, MAHARASHTRA,JALNA
WEST, MAHARASHTRA,KOLHAPUR
WEST, MAHARASHTRA,LATUR
WEST, MAHARASHTRA,MUMBAI CITY
WEST, MAHARASHTRA,NAGPUR
WEST, MAHARASHTRA,NANDED
WEST, MAHARASHTRA,NANDURBAR
WEST, MAHARASHTRA,NASHIK
WEST, MAHARASHTRA,OSMANABAD
WEST, MAHARASHTRA,PALGHAR
WEST, MAHARASHTRA,PARBHANI
WEST, MAHARASHTRA,PUNE
WEST, MAHARASHTRA,RAIGARH
WEST, MAHARASHTRA,RATNAGIRI
WEST, MAHARASHTRA,SANGLI
WEST, MAHARASHTRA,SATARA
WEST, MAHARASHTRA,SINDHUDURG
WEST, MAHARASHTRA,SOLAPUR
WEST, MAHARASHTRA,THANE
WEST, MAHARASHTRA,WARDHA
WEST, MAHARASHTRA,WASHIM
WEST, MAHARASHTRA,YAVATMAL
WEST, RAJASTHAN,AJMER
WEST, RAJASTHAN,ALWAR
WEST, RAJASTHAN,BANSWARA
WEST, RAJASTHAN,BARAN
WEST, RAJASTHAN,BARMER
WEST, RAJASTHAN,BHARATPUR
WEST, RAJASTHAN,BHILWARA
WEST, RAJASTHAN,BIKANER
WEST, RAJASTHAN,BUNDI
WEST, RAJASTHAN,CHITTAURGARH
WEST, RAJASTHAN,CHURU
WEST, RAJASTHAN,DAUSA
WEST, RAJASTHAN,DUNGARPUR
WEST, RAJASTHAN,GANGANAGAR
WEST, RAJASTHAN,HANUMANGARH
WEST, RAJASTHAN,JAIPUR
WEST, RAJASTHAN,JAISALMER
WEST, RAJASTHAN,JALORE
WEST, RAJASTHAN,JHALAWAR
WEST, RAJASTHAN,JHUNJHUNUN
WEST, RAJASTHAN,JODHPUR
WEST, RAJASTHAN,KOTA
WEST, RAJASTHAN,NAGAUR
WEST, RAJASTHAN,PALI
WEST, RAJASTHAN,PRATAPGARH
WEST, RAJASTHAN,RAJSAMAND
WEST, RAJASTHAN,SAWAIMADHOPUR
WEST, RAJASTHAN,SIKAR
WEST, RAJASTHAN,SIROHI
WEST, RAJASTHAN,TONK
WEST, RAJASTHAN,UDAIPUR
WEST, RAJASTHAN,KARAULI
WEST, RAJASTHAN,DHOLPUR
