LOOKUP KEY,PARENT,CODE,POSITION,MINIMUM,MAXIMUM,MANDATORY,PARENT ARRAY
COUNTRY,,India,,,,,
STATE,India,Andhra Pradesh,,,,,
STATE,India,Bihar,,,,,
STATE,India,Goa,,,,,
STATE,India,Gujarat,,,,,
STATE,India,Karnataka,,,,,
STATE,India,Kerala,,,,,
STATE,India,Madhya Pradesh,,,,,
STATE,India,Maharashtra,,,,,
STATE,India,Odisha,,,,,
STATE,India,Punjab,,,,,
STATE,India,Rajasthan,,,,,
STATE,India,Tamil Nadu,,,,,
STATE,India,Telangana,,,,,
STATE,India,Uttar Pradesh,,,,,
STATE,India,West Bengal,,,,,
STATE,India,Arunachal Pradesh,,,,,
STATE,India,Assam,,,,,
STATE,India,Chhattisgarh,,,,,
STATE,India,Haryana,,,,,
STATE,India,Himachal Pradesh,,,,,
STATE,India,Jharkhand,,,,,
STATE,India,Kerala,,,,,
STATE,India,Manipur,,,,,
STATE,India,Meghalaya,,,,,
STATE,India,Mizoram,,,,,
STATE,India,Nagaland,,,,,
STATE,India,Tripura,,,,,
STATE,India,Jammu and Kashmir,,,,,
STATE,India,Delhi,,,,,
STATE,India,Chandigarh,,,,,
CITY,Andhra Pradesh,Visakhapatnam,,,,,
CITY,Telangana,Hyderabad,,,,,
CITY,Telangana,Secunderabad,,,,,
CITY,Bihar,Udalguri,,,,,
CITY,Bihar,Araria,,,,,
CITY,Bihar,Arwal,,,,,
CITY,Bihar,Aurangabad,,,,,
CITY,Bihar,Banka,,,,,
CITY,Bihar,Begusarai,,,,,
CITY,Bihar,Bhagalpur,,,,,
CITY,Bihar,Bhojpur,,,,,
CITY,Bihar,Buxar,,,,,
CITY,Bihar,Darbhanga,,,,,
CITY,Bihar,East Champaran,,,,,
CITY,Bihar,Gaya,,,,,
CITY,Bihar,Gopalganj,,,,,
CITY,Bihar,Jamui,,,,,
CITY,Bihar,Jehanabad,,,,,
CITY,Bihar,Kaimur (Bhabua),,,,,
CITY,Bihar,Katihar,,,,,
CITY,Bihar,Khagaria,,,,,
CITY,Bihar,Kishanganj,,,,,
CITY,Bihar,Lakhisarai,,,,,
CITY,Bihar,Madhepura,,,,,
CITY,Bihar,Madhubani,,,,,
CITY,Bihar,Munger (Monghyr),,,,,
CITY,Bihar,Muzaffarpur,,,,,
CITY,Bihar,Nalanda,,,,,
CITY,Bihar,Nawada,,,,,
CITY,Bihar,Patna,,,,,
CITY,Bihar,Purnia (Purnea),,,,,
CITY,Bihar,Rohtas,,,,,
CITY,Bihar,Saharsa,,,,,
CITY,Bihar,Samastipur,,,,,
CITY,Bihar,Saran,,,,,
CITY,Bihar,Sheikhpura,,,,,
CITY,Bihar,Sheohar,,,,,
CITY,Bihar,Sitamarhi,,,,,
CITY,Bihar,Siwan,,,,,
CITY,Bihar,Supaul,,,,,
CITY,Bihar,Vaishali,,,,,
CITY,Delhi,New Delhi,,,,,
CITY,Bihar,West Champaran,,,,,
CITY,Goa,Panaji,,,,,
CITY,Goa,North Goa,,,,,
CITY,Goa,South Goa,,,,,
CITY,Goa,Porvorim,,,,,
CITY,Gujarat,Ahmedabad,,,,,
CITY,Gujarat,Amreli,,,,,
CITY,Gujarat,Anand,,,,,
CITY,Gujarat,Aravalli,,,,,
CITY,Gujarat,Banaskantha,,,,,
CITY,Gujarat,Bharuch,,,,,
CITY,Gujarat,Bhavnagar,,,,,
CITY,Gujarat,Botad,,,,,
CITY,Gujarat,Chhota Udepur,,,,,
CITY,Gujarat,Dahod,,,,,
CITY,Gujarat,Dangs,,,,,
CITY,Gujarat,Devbhoomi Dwarka,,,,,
CITY,Gujarat,Gandhinagar,,,,,
CITY,Gujarat,Gandhidham,,,,,
CITY,Gujarat,Vapi,,,,,
CITY,Gujarat,Gir Somnath,,,,,
CITY,Gujarat,Nandiad,,,,,
CITY,Gujarat,Jamnagar,,,,,
CITY,Gujarat,Junagadh,,,,,
CITY,Gujarat,Bhuj,,,,,
CITY,Gujarat,Kachchh,,,,,
CITY,Gujarat,Kheda,,,,,
CITY,Gujarat,Mahisagar,,,,,
CITY,Gujarat,Mehsana,,,,,
CITY,Gujarat,Morbi,,,,,
CITY,Gujarat,Narmada,,,,,
CITY,Gujarat,Navsari,,,,,
CITY,Gujarat,Panchmahal (Godhra),,,,,
CITY,Gujarat,Patan,,,,,
CITY,Gujarat,Porbandar,,,,,
CITY,Gujarat,Rajkot,,,,,
CITY,Gujarat,Sabarkantha (Himmatnagar),,,,,
CITY,Gujarat,Surat,,,,,
CITY,Gujarat,Surendranagar,,,,,
CITY,Gujarat,Tapi (Vyara),,,,,
CITY,Gujarat,Vadodara,,,,,
CITY,Gujarat,Valsad,,,,,
CITY,Punjab,Chandigarh,,,,,
CITY,Punjab,Amritsar,,,,,
CITY,Punjab,Barnala,,,,,
CITY,Punjab,Bathinda,,,,,
CITY,Punjab,Faridkot,,,,,
CITY,Punjab,Fatehgarh Sahib,,,,,
CITY,Punjab,Ferozepur,,,,,
CITY,Punjab,Gurdaspur,,,,,
CITY,Punjab,Hoshiarpur,,,,,
CITY,Punjab,Jalandhar,,,,,
CITY,Punjab,Kapurthala,,,,,
CITY,Punjab,Ludhiana,,,,,
CITY,Punjab,Mansa,,,,,
CITY,Punjab,Moga,,,,,
CITY,Punjab,Muktsar,,,,,
CITY,Punjab,Nawanshahr,,,,,
CITY,Punjab,Patiala,,,,,
CITY,Punjab,Rupnagar,,,,,
CITY,Punjab,Sangrur,,,,,
CITY,Punjab,SAS Nagar (Mohali),,,,,
CITY,Punjab,Mohali,,,,,
CITY,Punjab,Tarn Taran,,,,,
CITY,Karnataka,Bagalkot,,,,,
CITY,Karnataka,Bangalore,,,,,
CITY,Karnataka,Bengaluru,,,,,
CITY,Karnataka,Belgaum,,,,,
CITY,Karnataka,Bellary,,,,,
CITY,Karnataka,Bidar,,,,,
CITY,Karnataka,Bijapur,,,,,
CITY,Karnataka,Chamarajanagar,,,,,
CITY,Karnataka,Chickmagalur,,,,,
CITY,Karnataka,Chikballapur,,,,,
CITY,Karnataka,Chitradurga,,,,,
CITY,Karnataka,Dakshina Kannada,,,,,
CITY,Karnataka,Davangere,,,,,
CITY,Karnataka,Dharwad,,,,,
CITY,Karnataka,Gadag,,,,,
CITY,Karnataka,Gulbarga,,,,,
CITY,Karnataka,Hassan,,,,,
CITY,Karnataka,Haveri,,,,,
CITY,Karnataka,Kodagu,,,,,
CITY,Karnataka,Kolar,,,,,
CITY,Karnataka,Koppal,,,,,
CITY,Karnataka,Mandya,,,,,
CITY,Karnataka,Mysore,,,,,
CITY,Karnataka,Raichur,,,,,
CITY,Karnataka,Ramnagara,,,,,
CITY,Karnataka,Ramnagara,,,,,
CITY,Karnataka,Shimoga,,,,,
CITY,Karnataka,Tumkur,,,,,
CITY,Karnataka,Udupi,,,,,
CITY,Karnataka,Uttara Kannada (Karwar),,,,,
CITY,Karnataka,Yadgir,,,,,
CITY,Kerala,Alappuzha,,,,,
CITY,Kerala,Ernakulam,,,,,
CITY,Kerala,Idukki,,,,,
CITY,Kerala,Kannur,,,,,
CITY,Kerala,Kasaragod,,,,,
CITY,Kerala,Kollam,,,,,
CITY,Kerala,Kottayam,,,,,
CITY,Kerala,Kozhikode,,,,,
CITY,Kerala,Malappuram,,,,,
CITY,Kerala,Palakkad,,,,,
CITY,Kerala,Pathanamthitta,,,,,
CITY,Kerala,Thiruvananthapuram,,,,,
CITY,Kerala,Thrissur,,,,,
CITY,Kerala,Wayanad,,,,,
CITY,Madhya Pradesh,Alirajpur,,,,,
CITY,Madhya Pradesh,Ashoknagar,,,,,
CITY,Madhya Pradesh,Balaghat,,,,,
CITY,Madhya Pradesh,Barwani,,,,,
CITY,Madhya Pradesh,Betul,,,,,
CITY,Madhya Pradesh,Bhind,,,,,
CITY,Madhya Pradesh,Bhopal,,,,,
CITY,Madhya Pradesh,Burhanpur,,,,,
CITY,Madhya Pradesh,Chhatarpur,,,,,
CITY,Madhya Pradesh,Chhindwara,,,,,
CITY,Madhya Pradesh,Damoh,,,,,
CITY,Madhya Pradesh,Datia,,,,,
CITY,Madhya Pradesh,Dewas,,,,,
CITY,Madhya Pradesh,Dhar,,,,,
CITY,Madhya Pradesh,Dhar,,,,,
CITY,Madhya Pradesh,Dindori,,,,,
CITY,Madhya Pradesh,Guna,,,,,
CITY,Madhya Pradesh,Gwalior,,,,,
CITY,Madhya Pradesh,Harda,,,,,
CITY,Madhya Pradesh,Hoshangabad,,,,,
CITY,Madhya Pradesh,Indore,,,,,
CITY,Madhya Pradesh,Jabalpur,,,,,
CITY,Madhya Pradesh,Jhabua,,,,,
CITY,Madhya Pradesh,Katni,,,,,
CITY,Madhya Pradesh,Khandwa,,,,,
CITY,Madhya Pradesh,Khargone,,,,,
CITY,Madhya Pradesh,Mandla,,,,,
CITY,Madhya Pradesh,Mandsaur,,,,,
CITY,Madhya Pradesh,Morena,,,,,
CITY,Madhya Pradesh,Narsinghpur,,,,,
CITY,Madhya Pradesh,Neemuch,,,,,
CITY,Madhya Pradesh,Panna,,,,,
CITY,Madhya Pradesh,Raisen,,,,,
CITY,Madhya Pradesh,Rajgarh,,,,,
CITY,Madhya Pradesh,Ratlam,,,,,
CITY,Madhya Pradesh,Rewa,,,,,
CITY,Madhya Pradesh,Sagar,,,,,
CITY,Madhya Pradesh,Satna,,,,,
CITY,Madhya Pradesh,Sehore,,,,,
CITY,Madhya Pradesh,Seoni,,,,,
CITY,Madhya Pradesh,Shahdol,,,,,
CITY,Madhya Pradesh,Shajapur,,,,,
CITY,Madhya Pradesh,Shivpuri,,,,,
CITY,Madhya Pradesh,Sidhi,,,,,
CITY,Madhya Pradesh,Singrauli,,,,,
CITY,Madhya Pradesh,Tikamgarh,,,,,
CITY,Madhya Pradesh,Ujjain,,,,,
CITY,Madhya Pradesh,Umaria,,,,,
CITY,Madhya Pradesh,Vidisha,,,,,
CITY,Madhya Pradesh,Ahmednagar,,,,,
CITY,Madhya Pradesh,Akola,,,,,
CITY,Madhya Pradesh,Amravati,,,,,
CITY,Madhya Pradesh,Aurangabad,,,,,
CITY,Madhya Pradesh,Beed,,,,,
CITY,Madhya Pradesh,Buldhana,,,,,
CITY,Madhya Pradesh,Chandrapur,,,,,
CITY,Madhya Pradesh,Dhule,,,,,
CITY,Madhya Pradesh,Gadchiroli,,,,,
CITY,Madhya Pradesh,Gondia,,,,,
CITY,Madhya Pradesh,Hingoli,,,,,
CITY,Madhya Pradesh,Jalgaon,,,,,
CITY,Madhya Pradesh,Jalna,,,,,
CITY,Madhya Pradesh,Kolhapur,,,,,
CITY,Madhya Pradesh,Latur,,,,,
CITY,Madhya Pradesh,Mumbai Suburban,,,,,
CITY,Madhya Pradesh,Nagpur,,,,,
CITY,Madhya Pradesh,Nanded,,,,,
CITY,Madhya Pradesh,Nandurbar,,,,,
CITY,Madhya Pradesh,Nashik,,,,,
CITY,Madhya Pradesh,Osmanabad,,,,,
CITY,Madhya Pradesh,Parbhani,,,,,
CITY,Madhya Pradesh,Pune,,,,,
CITY,Madhya Pradesh,Raigad,,,,,
CITY,Madhya Pradesh,Ratnagiri,,,,,
CITY,Madhya Pradesh,Sangli,,,,,
CITY,Madhya Pradesh,Satara,,,,,
CITY,Madhya Pradesh,Sindhudurg,,,,,
CITY,Madhya Pradesh,Solapur,,,,,
CITY,Madhya Pradesh,Thane,,,,,
CITY,Madhya Pradesh,Wardha,,,,,
CITY,Madhya Pradesh,Washim,,,,,
CITY,Madhya Pradesh,Yavatmal,,,,,
CITY,Maharashtra,Mumbai,,,,,
CITY,Maharashtra,Ahmednagar,,,,,
CITY,Maharashtra,Akola,,,,,
CITY,Maharashtra,Amravati,,,,,
CITY,Maharashtra,Aurangabad,,,,,
CITY,Maharashtra,Beed,,,,,
CITY,Maharashtra,Bhandara,,,,,
CITY,Maharashtra,Buldhana,,,,,
CITY,Maharashtra,Chandrapur,,,,,
CITY,Maharashtra,Dhule,,,,,
CITY,Maharashtra,Gadchiroli,,,,,
CITY,Maharashtra,Gondia,,,,,
CITY,Maharashtra,Hingoli,,,,,
CITY,Maharashtra,Jalgaon,,,,,
CITY,Maharashtra,Jalna,,,,,
CITY,Maharashtra,Kolhapur,,,,,
CITY,Maharashtra,Latur,,,,,
CITY,Maharashtra,Mumbai Suburban,,,,,
CITY,Maharashtra,Nagpur,,,,,
CITY,Maharashtra,Nanded,,,,,
CITY,Maharashtra,Nandurbar,,,,,
CITY,Maharashtra,Nashik,,,,,
CITY,Maharashtra,Osmanabad,,,,,
CITY,Maharashtra,Parbhani,,,,,
CITY,Maharashtra,Pune,,,,,
CITY,Maharashtra,Raigad,,,,,
CITY,Maharashtra,Ratnagiri,,,,,
CITY,Maharashtra,Sangli,,,,,
CITY,Maharashtra,Satara,,,,,
CITY,Maharashtra,Sindhudurg,,,,,
CITY,Maharashtra,Solapur,,,,,
CITY,Maharashtra,Baramati,,,,,
CITY,Maharashtra,Thane,,,,,
CITY,Maharashtra,Washim,,,,,
CITY,Maharashtra,Yavatmal,,,,,
CITY,Maharashtra,Bhiwandi,,,,,
CITY,Orissa,Bhubaneshwar,,,,,
CITY,Orissa,Azimabad,,,,,
CITY,Orissa,Balasore Court,,,,,
CITY,Orissa,Balasore Ho,,,,,
CITY,Orissa,Balasore Rs,,,,,
CITY,Orissa,Fakirmohan College,,,,,
CITY,Orissa,Issannagar,,,,,
CITY,Orissa,Nayabazar Balasore,,,,,
CITY,Orissa,Reserve Police Line Edso,,,,,
CITY,Orissa,Sahadevkhunta,,,,,
CITY,Orissa,Sovarampur,,,,,
CITY,Orissa,Srikanthapur,,,,,
CITY,Orissa,Manikula,,,,,
CITY,Orissa,Panjibag,,,,,
CITY,Orissa,Puruna Balasore,,,,,
CITY,Orissa,Ranasahi,,,,,
CITY,Orissa,Sahada,,,,,
CITY,Orissa,Sunhat,,,,,
CITY,Orissa,Badasindhia,,,,,
CITY,Orissa,Barabati,,,,,
CITY,Orissa,Chasakhand,,,,,
CITY,Orissa,Dahapada,,,,,
CITY,Orissa,Fulwar-kaswa,,,,,
CITY,Orissa,Ghodapada,,,,,
CITY,Orissa,Haripur,,,,,
CITY,Orissa,Makalpur,,,,,
CITY,Orissa,Motiganj,,,,,
CITY,Orissa,Nijampur,,,,,
CITY,Orissa,Sahid Park,,,,,
CITY,Orissa,Sahupada,,,,,
CITY,Orissa,Sindhia,,,,,
CITY,Orissa,Khirachora Gopinath Edso,,,,,
CITY,Orissa,Armala,,,,,
CITY,Orissa,Badapal,,,,,
CITY,Orissa,Gobindpur,,,,,
CITY,Orissa,Gududapatna,,,,,
CITY,Orissa,Januganj,,,,,
CITY,Orissa,Kanrali,,,,,
CITY,Orissa,Kashimpur,,,,,
CITY,Orissa,Naraharipur,,,,,
CITY,Orissa,Remuna,,,,,
CITY,Orissa,Somnathpur,,,,,
CITY,Orissa,Udambar,,,,,
CITY,Orissa,Begunia,,,,,
CITY,Orissa,Bhounriabad,,,,,
CITY,Orissa,Dharaganj,,,,,
CITY,Orissa,Durgadevi,,,,,
CITY,Orissa,Kans,,,,,
CITY,Orissa,Machhua,,,,,
CITY,Orissa,Mahispata,,,,,
CITY,Orissa,Mitrapur,,,,,
CITY,Orissa,Narasingpur,,,,,
CITY,Orissa,Nimpal,,,,,
CITY,Orissa,Nuapadhi,,,,,
CITY,Orissa,Patna,,,,,
CITY,Orissa,Pundala,,,,,
CITY,Orissa,Rasaslpur,,,,,
CITY,Orissa,Sathilabalbalia,,,,,
CITY,Orissa,Singiri,,,,,
CITY,Orissa,Tikirapal,,,,,
CITY,Orissa,Bankeswar,,,,,
CITY,Rajasthan,Ajmer,,,,,
CITY,Rajasthan,Alwar,,,,,
CITY,Rajasthan,Banswara,,,,,
CITY,Rajasthan,Baran,,,,,
CITY,Rajasthan,Barmer,,,,,
CITY,Rajasthan,Bharatpur,,,,,
CITY,Rajasthan,Bhilwara,,,,,
CITY,Rajasthan,Bikaner,,,,,
CITY,Rajasthan,Bundi,,,,,
CITY,Rajasthan,Chittorgarh,,,,,
CITY,Rajasthan,Churu,,,,,
CITY,Rajasthan,Dausa,,,,,
CITY,Rajasthan,Dholpur,,,,,
CITY,Rajasthan,Dungarpur,,,,,
CITY,Rajasthan,Hanumangarh,,,,,
CITY,Rajasthan,Jaipur,,,,,
CITY,Rajasthan,Jaisalmer,,,,,
CITY,Rajasthan,Jalore,,,,,
CITY,Rajasthan,Jhalawar,,,,,
CITY,Rajasthan,Jhunjhunu,,,,,
CITY,Rajasthan,Jodhpur,,,,,
CITY,Rajasthan,Karauli,,,,,
CITY,Rajasthan,Kota,,,,,
CITY,Rajasthan,Nagaur,,,,,
CITY,Rajasthan,Pali,,,,,
CITY,Rajasthan,Pratapgarh,,,,,
CITY,Rajasthan,Sawai Madhopur,,,,,
CITY,Rajasthan,Sikar,,,,,
CITY,Rajasthan,Sirohi,,,,,
CITY,Rajasthan,Sri Ganganagar,,,,,
CITY,Rajasthan,Tonk,,,,,
CITY,Rajasthan,Udaipur,,,,,
CITY,Tamil Nadu,Ariyalur,,,,,
CITY,Tamil Nadu,Chennai,,,,,
CITY,Tamil Nadu,Cuddalore,,,,,
CITY,Tamil Nadu,Dharmapuri,,,,,
CITY,Tamil Nadu,Dindigul,,,,,
CITY,Tamil Nadu,Erode,,,,,
CITY,Tamil Nadu,Kanchipuram,,,,,
CITY,Tamil Nadu,Kanyakumari,,,,,
CITY,Tamil Nadu,Karur,,,,,
CITY,Tamil Nadu,Krishnagiri,,,,,
CITY,Tamil Nadu,Madurai,,,,,
CITY,Tamil Nadu,Nagapattinam,,,,,
CITY,Tamil Nadu,Namakkal,,,,,
CITY,Tamil Nadu,Nilgiris,,,,,
CITY,Tamil Nadu,Perambalur,,,,,
CITY,Tamil Nadu,Pudukkottai,,,,,
CITY,Tamil Nadu,Ramanathapuram,,,,,
CITY,Tamil Nadu,Salem,,,,,
CITY,Tamil Nadu,Sivaganga,,,,,
CITY,Tamil Nadu,Thanjavur,,,,,
CITY,Tamil Nadu,Theni,,,,,
CITY,Tamil Nadu,Thoothukudi (Tuticorin),,,,,
CITY,Tamil Nadu,Tiruchirappalli,,,,,
CITY,Tamil Nadu,Tirunelveli,,,,,
CITY,Tamil Nadu,Tiruppur,,,,,
CITY,Tamil Nadu,Tiruvallur,,,,,
CITY,Tamil Nadu,Tiruvannamalai,,,,,
CITY,Tamil Nadu,Tiruvarur,,,,,
CITY,Tamil Nadu,Vellore,,,,,
CITY,Tamil Nadu,Viluppuram,,,,,
CITY,Tamil Nadu,Virudhunagar,,,,,
CITY,Uttar Pradesh,Agra,,,,,
CITY,Uttar Pradesh,Aligarh,,,,,
CITY,Uttar Pradesh,Allahabad,,,,,
CITY,Uttar Pradesh,Ambedkar Nagar,,,,,
CITY,Uttar Pradesh,Amethi (Chatrapati Sahuji Mahraj Nagar),,,,,
CITY,Uttar Pradesh,Amroha (J.P. Nagar),,,,,
CITY,Uttar Pradesh,Auraiya,,,,,
CITY,Uttar Pradesh,Azamgarh,,,,,
CITY,Uttar Pradesh,Baghpat,,,,,
CITY,Uttar Pradesh,Bahraich,,,,,
CITY,Uttar Pradesh,Ballia,,,,,
CITY,Uttar Pradesh,Balrampur,,,,,
CITY,Uttar Pradesh,Banda,,,,,
CITY,Uttar Pradesh,Barabanki,,,,,
CITY,Uttar Pradesh,Bareilly,,,,,
CITY,Uttar Pradesh,Basti,,,,,
CITY,Uttar Pradesh,Bijnor,,,,,
CITY,Uttar Pradesh,Budaun,,,,,
CITY,Uttar Pradesh,Bulandshahr,,,,,
CITY,Uttar Pradesh,Chandauli,,,,,
CITY,Uttar Pradesh,Chitrakoot,,,,,
CITY,Uttar Pradesh,Deoria,,,,,
CITY,Uttar Pradesh,Etah,,,,,
CITY,Uttar Pradesh,Etawah,,,,,
CITY,Uttar Pradesh,Faizabad,,,,,
CITY,Uttar Pradesh,Farrukhabad,,,,,
CITY,Uttar Pradesh,Fatehpur,,,,,
CITY,Uttar Pradesh,Firozabad,,,,,
CITY,Uttar Pradesh,Gautam Buddha Nagar,,,,,
CITY,Uttar Pradesh,Ghaziabad,,,,,
CITY,Uttar Pradesh,Ghazipur,,,,,
CITY,Uttar Pradesh,Gonda,,,,,
CITY,Uttar Pradesh,Gorakhpur,,,,,
CITY,Uttar Pradesh,Hamirpur,,,,,
CITY,Uttar Pradesh,Hapur (Panchsheel Nagar),,,,,
CITY,Uttar Pradesh,Hardoi,,,,,
CITY,Uttar Pradesh,Hathras,,,,,
CITY,Uttar Pradesh,Jalaun,,,,,
CITY,Uttar Pradesh,Jaunpur,,,,,
CITY,Uttar Pradesh,Jhansi,,,,,
CITY,Uttar Pradesh,Kannauj,,,,,
CITY,Uttar Pradesh,Kannauj,,,,,
CITY,Uttar Pradesh,Kanpur Dehat,,,,,
CITY,Uttar Pradesh,Kanpur Nagar,,,,,
CITY,Uttar Pradesh,Kaushambi,,,,,
CITY,Uttar Pradesh,Kushinagar (Padrauna),,,,,
CITY,Uttar Pradesh,Lakhimpur - Kheri,,,,,
CITY,Uttar Pradesh,Lalitpur,,,,,
CITY,Uttar Pradesh,Lucknow,,,,,
CITY,Uttar Pradesh,Maharajganj,,,,,
CITY,Uttar Pradesh,Mahoba,,,,,
CITY,Uttar Pradesh,Mainpuri,,,,,
CITY,Uttar Pradesh,Mathura,,,,,
CITY,Uttar Pradesh,Mau,,,,,
CITY,Uttar Pradesh,Meerut,,,,,
CITY,Uttar Pradesh,Mirzapur,,,,,
CITY,Uttar Pradesh,Moradabad,,,,,
CITY,Uttar Pradesh,Muzaffarnagar,,,,,
CITY,Uttar Pradesh,Noida,,,,,
CITY,Uttar Pradesh,Pilibhit,,,,,
CITY,Uttar Pradesh,Pratapgarh,,,,,
CITY,Uttar Pradesh,RaeBareli,,,,,
CITY,Uttar Pradesh,Rampur,,,,,
CITY,Uttar Pradesh,Saharanpur,,,,,
CITY,Uttar Pradesh,Sambhal (Bhim Nagar),,,,,
CITY,Uttar Pradesh,Sant Kabir Nagar,,,,,
CITY,Uttar Pradesh,Sant Ravidas Nagar,,,,,
CITY,Uttar Pradesh,Shahjahanpur,,,,,
CITY,Uttar Pradesh,Shamali (Prabuddh Nagar),,,,,
CITY,Uttar Pradesh,Shravasti,,,,,
CITY,Uttar Pradesh,Siddharth Nagar,,,,,
CITY,Uttar Pradesh,Sitapur,,,,,
CITY,Uttar Pradesh,Sonbhadra,,,,,
CITY,Uttar Pradesh,Sultanpur,,,,,
CITY,Uttar Pradesh,Varanasi,,,,,
CITY,West Bengal,Bankura,,,,,
CITY,West Bengal,Birbhum,,,,,
CITY,West Bengal,Burdwan (Bardhaman),,,,,
CITY,West Bengal,Cooch Behar,,,,,
CITY,West Bengal,Dakshin Dinajpur (South Dinajpur),,,,,
CITY,West Bengal,Darjeeling,,,,,
CITY,West Bengal,Hooghly,,,,,
CITY,West Bengal,Howrah,,,,,
CITY,West Bengal,Howrah,,,,,
CITY,West Bengal,Jalpaiguri,,,,,
CITY,West Bengal,Kolkata,,,,,
CITY,West Bengal,Malda,,,,,
CITY,West Bengal,Murshidabad,,,,,
CITY,West Bengal,Nadia,,,,,
CITY,West Bengal,North 24 Parganas,,,,,
CITY,West Bengal,Paschim Medinipur (West Medinipur),,,,,
CITY,West Bengal,Purba Medinipur (East Medinipur),,,,,
CITY,West Bengal,Purulia,,,,,
CITY,West Bengal,South 24 Parganas,,,,,
CITY,West Bengal,Uttar Dinajpur (North Dinajpur),,,,,
CITY,Arunachal Pradesh,Anjaw,,,,,
CITY,Arunachal Pradesh,Changlang,,,,,
CITY,Arunachal Pradesh,Dibang Valley,,,,,
CITY,Arunachal Pradesh,East Kameng,,,,,
CITY,Arunachal Pradesh,East Kameng,,,,,
CITY,Arunachal Pradesh,East Siang,,,,,
CITY,Arunachal Pradesh,Kurung Kumey,,,,,
CITY,Arunachal Pradesh,Kurung Kumey,,,,,
CITY,Arunachal Pradesh,Lohit,,,,,
CITY,Arunachal Pradesh,Longding,,,,,
CITY,Arunachal Pradesh,Lower Dibang Valley,,,,,
CITY,Arunachal Pradesh,Lower Subansiri,,,,,
CITY,Arunachal Pradesh,Papum Pare,,,,,
CITY,Arunachal Pradesh,Tawang,,,,,
CITY,Arunachal Pradesh,Tirap,,,,,
CITY,Arunachal Pradesh,Upper Siang,,,,,
CITY,Arunachal Pradesh,Upper Subansiri,,,,,
CITY,Arunachal Pradesh,West Kameng,,,,,
CITY,Arunachal Pradesh,West Siang,,,,,
CITY,Assam,Baksa,,,,,
CITY,Assam,Barpeta,,,,,
CITY,Assam,Bongaigaon,,,,,
CITY,Assam,Cachar,,,,,
CITY,Assam,Chirang,,,,,
CITY,Assam,Darrang,,,,,
CITY,Assam,Dhemaji,,,,,
CITY,Assam,Dhubri,,,,,
CITY,Assam,Dibrugarh,,,,,
CITY,Assam,Dima Hasao,,,,,
CITY,Assam,Goalpara,,,,,
CITY,Assam,Golaghat,,,,,
CITY,Assam,Hailakandi,,,,,
CITY,Assam,Jorhat,,,,,
CITY,Assam,Kamrup,,,,,
CITY,Assam,Kamrup Metropolitan,,,,,
CITY,Assam,Karbi Anglong,,,,,
CITY,Assam,Karimganj,,,,,
CITY,Assam,Kokrajhar,,,,,
CITY,Assam,Lakhimpur,,,,,
CITY,Assam,Morigaon,,,,,
CITY,Assam,Nagaon,,,,,
CITY,Assam,Nalbari,,,,,
CITY,Assam,Sivasagar,,,,,
CITY,Assam,Sonitpur,,,,,
CITY,Assam,Tinsukia,,,,,
CITY,Assam,Udalguri,,,,,
CITY,Chhattisgarh,Raipur,,,,,
CITY,Haryana,Ambala,,,,,
CITY,Haryana,Bhiwani,,,,,
CITY,Haryana,Faridabad,,,,,
CITY,Haryana,Gurgaon,,,,,
CITY,Haryana,Hisar,,,,,
CITY,Haryana,Jhajjar,,,,,
CITY,Haryana,Jind,,,,,
CITY,Haryana,Kaithal,,,,,
CITY,Haryana,Karnal,,,,,
CITY,Haryana,Kurukshetra,,,,,
CITY,Haryana,Mahendragarh,,,,,
CITY,Haryana,Mewat,,,,,
CITY,Haryana,Palwal,,,,,
CITY,Haryana,Panchkula,,,,,
CITY,Haryana,Panipat,,,,,
CITY,Haryana,Rewari,,,,,
CITY,Haryana,Rohtak,,,,,
CITY,Haryana,Sirsa,,,,,
CITY,Haryana,Sonipat,,,,,
CITY,Haryana,Yamunanagar,,,,,
CITY,Himachal Pradesh,Bilaspur,,,,,
CITY,Himachal Pradesh,Chamba,,,,,
CITY,Himachal Pradesh,Hamirpur,,,,,
CITY,Himachal Pradesh,Kangra,,,,,
CITY,Himachal Pradesh,Kinnaur,,,,,
CITY,Himachal Pradesh,Kullu,,,,,
CITY,Himachal Pradesh,Lahaul and Spiti,,,,,
CITY,Himachal Pradesh,Mandi,,,,,
CITY,Himachal Pradesh,Shimla,,,,,
CITY,Himachal Pradesh,Sirmaur (Sirmour),,,,,
CITY,Himachal Pradesh,Solan,,,,,
CITY,Himachal Pradesh,Una,,,,,
CITY,Jharkhand,Bokaro,,,,,
CITY,Jharkhand,Chatra,,,,,
CITY,Jharkhand,Deoghar,,,,,
CITY,Jharkhand,Dhanbad,,,,,
CITY,Jharkhand,Dumka,,,,,
CITY,Jharkhand,East Singhbhum,,,,,
CITY,Jharkhand,Garhwa,,,,,
CITY,Jharkhand,Giridih,,,,,
CITY,Jharkhand,Godda,,,,,
CITY,Jharkhand,Gumla,,,,,
CITY,Jharkhand,Hazaribag,,,,,
CITY,Jharkhand,Jamtara,,,,,
CITY,Jharkhand,Khunti,,,,,
CITY,Jharkhand,Koderma,,,,,
CITY,Jharkhand,Latehar,,,,,
CITY,Jharkhand,Lohardaga,,,,,
CITY,Jharkhand,Pakur,,,,,
CITY,Jharkhand,Palamu,,,,,
CITY,Jharkhand,Ramgarh,,,,,
CITY,Jharkhand,Ranchi,,,,,
CITY,Jharkhand,Sahibganj,,,,,
CITY,Jharkhand,Seraikela-Kharsawan,,,,,
CITY,Jharkhand,Simdega,,,,,
CITY,Jharkhand,West Singhbhum,,,,,
CITY,Kerala,Alappuzha,,,,,
CITY,Kerala,Ernakulam,,,,,
CITY,Kerala,Idukki,,,,,
CITY,Kerala,Kannur,,,,,
CITY,Kerala,Kasaragod,,,,,
CITY,Kerala,Kollam,,,,,
CITY,Kerala,Kottayam,,,,,
CITY,Kerala,Kozhikode,,,,,
CITY,Kerala,Malappuram,,,,,
CITY,Kerala,Palakkad,,,,,
CITY,Kerala,Pathanamthitta,,,,,
CITY,Kerala,Thiruvananthapuram,,,,,
CITY,Kerala,Thrissur,,,,,
CITY,Kerala,Wayanad,,,,,
CITY,Manipur,Bishnupur,,,,,
CITY,Manipur,Chandel,,,,,
CITY,Manipur,Churachandpur,,,,,
CITY,Manipur,Imphal West,,,,,
CITY,Manipur,Senapati,,,,,
CITY,Manipur,Tamenglong,,,,,
CITY,Manipur,Thoubal,,,,,
CITY,Manipur,Ukhrul,,,,,
CITY,Meghalaya,East Garo Hills,,,,,
CITY,Meghalaya,East Jaintia Hills,,,,,
CITY,Meghalaya,North Garo Hills,,,,,
CITY,Meghalaya,Ri Bhoi,,,,,
CITY,Meghalaya,South Garo Hills,,,,,
CITY,Meghalaya,South West Khasi Hills,,,,,
CITY,Meghalaya,West Garo Hills,,,,,
CITY,Meghalaya,West Jaintia Hills,,,,,
CITY,Meghalaya,West Khasi Hills,,,,,
CITY,Mizoram,Aizawl,,,,,
CITY,Mizoram,Champhai,,,,,
CITY,Mizoram,Kolasib,,,,,
CITY,Mizoram,Lawngtlai,,,,,
CITY,Mizoram,Lunglei,,,,,
CITY,Mizoram,Mamit,,,,,
CITY,Mizoram,Saiha,,,,,
CITY,Nagaland,Kohima,,,,,
CITY,Tripura,Agartala,,,,,
CITY,Tripura,Dhalai,,,,,
CITY,Tripura,North Tripura,,,,,
CITY,Tripura,Sepahijala,,,,,
CITY,Tripura,South Tripura,,,,,
INVENTORY_STATUS_STORE,,Pending Approval,,,,,
INVENTORY_STATUS_STORE,,Pending Brand Approval,,,,,
INVENTORY_STATUS_STORE,,Pending Packaging,,,,,
INVENTORY_STATUS_STORE,,Pending Store Dispatch,,,,,
INVENTORY_STATUS_STORE,,In-Transit,,,,,
INVENTORY_STATUS_STORE,,Pending Repair,,,,,
INVENTORY_STATUS_STORE,,Pending Replacement,,,,,
INVENTORY_STATUS_STORE,,Pending Brand Inspection,,,,,
INVENTORY_STATUS_STORE,,Pending Packaging,,,,,
INVENTORY_STATUS_WAREHOUSE,,Pending Grade,,,,,
INVENTORY_STATUS_WAREHOUSE,,Pending QC,,,,,
INVENTORY_STATUS_WAREHOUSE,,Pending Restock,,,,,
INVENTORY_STATUS_WAREHOUSE,,Pending Transfer Out,,,,,
INVENTORY_STATUS_WAREHOUSE,,Pending Replacement,,,,,
INVENTORY_STATUS_WAREHOUSE,,Pending Repair,,,,,
INVENTORY_STATUS_WAREHOUSE,,Pending Rental,,,,,
INVENTORY_STATUS_WAREHOUSE,,Pending Repackaging,,,,,
INVENTORY_STATUS_WAREHOUSE,,Pending Liquidation,,,,,
INVENTORY_STATUS_WAREHOUSE,,Pending Brand Call-Log,,,,,
INVENTORY_STATUS_WAREHOUSE,,Pending Publish,,,,,
INVENTORY_STATUS_WAREHOUSE,,Reserved,,,,,
INVENTORY_STATUS_WAREHOUSE,,Pending Buyer Payment,,,,,
INVENTORY_STATUS_WAREHOUSE,,Pending Brand Inspection,,,,,
INVENTORY_STATUS_WAREHOUSE,,Pending e-waste Compliance Document,,,,,
INVENTORY_STATUS_WAREHOUSE,,Pending Warehouse Dispatch,,,,,
INVENTORY_STATUS_WAREHOUSE,,Closed Successfully,,,,,
LOGISTICS_ORDER_TYPES,,Pickup,,,,,
LOGISTICS_ORDER_TYPES,,Drop,,,,,
LOGISTICS_ORDER_TYPES,,Return Pickup,,,,,
EMAIL_TEMPLATES,,Reminder Template,,,,,
EMAIL_TEMPLATES,,Approval Email Template,,,,,
EMAIL_TEMPLATES,,Approved Email Template,,,,,
EMAIL_TEMPLATES,,Esclation Template,,,,,
RETURN_REQUEST_STATUS,,Pending Store Approval,,,,,
RETURN_REQUEST_STATUS,,Pending Client Approval,,,,,
RETURN_REQUEST_STATUS,,Pending Packaging,,,,,
RETURN_REQUEST_STATUS,,Pending Store Dispatch,,,,,
RETURN_REQUEST_STATUS,,In-Transit,,,,,
GATE_PASS_STATUS,,In-Transit,,,,,
GATE_PASS_STATUS,,Received,,,,,
GATE_PASS_STATUS,,Completed,,,,,
GATE_PASS_STATUS,,Created,,,,,
DISTRIBUTION_CENTER_TYPES,,Store,,,,,
DISTRIBUTION_CENTER_TYPES,,Warehouse,,,,,
DISTRIBUTION_CENTER_TYPES,,DC,,,,,
DISTRIBUTION_CENTER_TYPES,,RP Site,,,,,
DISTRIBUTION_CENTER_TYPES,,Institutional Site,,,,,
DISTRIBUTION_CENTER_TYPES,,Ecommerce Site,,,,,
WAREHOUSE_BOX_CONDITIONS,,Intact,,,,,
WAREHOUSE_BOX_CONDITIONS,,Damaged,,,,,
CONSIGNMET_FILE_TYPES,,Outward Document,,,,,
CONSIGNMET_FILE_TYPES,,Delivery Challan,,,,,
CONSIGNMET_FILE_TYPES,,Security Pass,,,,,
CONSIGNMET_BOX_FILE_TYPES,,Outward Document,,,,,
CONSIGNMET_BOX_FILE_TYPES,,Delivery Challan,,,,,
CONSIGNMET_BOX_FILE_TYPES,,Security Pass,,,,,
ALERT_TYPES,,High,,,,,
ALERT_TYPES,,Medium,,,,,
ALERT_TYPES,,Low,,,,,
WAREHOUSE_REASONS,,No PSlip Number,,,,,
WAREHOUSE_REASONS,,Items Mismatch,,,,,
WAREHOUSE_REASONS,,Items Matching,,,,,
WAREHOUSE_REASONS,,Items Count Short,,,,,
WAREHOUSE_REASONS,,Item Count More,,,,,
WAREHOUSE_REASONS,,Physical Damage,,,,,
VENDOR_RETURN_STATUS,,Pending Call Log,2,,,,
VENDOR_RETURN_STATUS,,Pending Brand Approval,4,,,,
VENDOR_RETURN_STATUS,,Pending Disposition,7,,,,
VENDOR_RETURN_STATUS,,Pending Dispatch,5,,,,
VENDOR_RETURN_STATUS,,Pending Settlement,6,,,,
RTV_ALERT_TYPE,,Reminder,,,,,
RTV_ALERT_TYPE,,Escalation,,,,,
REPAIR_STATUS,,Repair Initiation,8,,,,
REPAIR_STATUS,,Pending Repair Completion,4,,,,
REPAIR_STATUS,,Repair QC,9,,,,
REPAIR_STATUS,,Pending Putaway,10,,,,
DEALER_STATUS,,Approved,,,,,
DEALER_STATUS,,Rejected,,,,,
DEALER_STATUS,,Pending Approval,,,,,
DEALER_STATUS,,Pending Submission,,,,,
DEALER_TYPES,,Franchisee,,,,,
DEALER_TYPES,,Wholesaler,,,,,
DEALER_TYPES,,Distributor,,,,,
COMPANY_STOCK_INVENTORY_STATUS,,Available To Sell,,,,,
COMPANY_STOCK_INVENTORY_STATUS,,Reserved,,,,,
COMPANY_STOCK_INVENTORY_STATUS,,Sold,,,,,
DEALER_ORDER_STATUS,,Pending Approval,,,,,
DEALER_ORDER_STATUS,,Approved,,,,,
DEALER_ORDER_STATUS,,Rejected,,,,,
DEALER_ORDER_STATUS,,Edited,,,,,
INVOICE_PAYMENT_TYPES,,Cash,,,,,
INVOICE_PAYMENT_TYPES,,Card,,,,,
INVOICE_PAYMENT_TYPES,,DD,,,,,
DEALER_ORDER_INVENTORY_STATUS,,Completed,,,,,
DEALER_ORDER_INVENTORY_STATUS,,Not Received,,,,,
DEALER_ORDER_INVENTORY_STATUS,,Excess,,,,,
DEALER_ORDER_INVENTORY_SALE_STATUS,,Available To Sell,,,,,
DEALER_ORDER_INVENTORY_SALE_STATUS,,Received,,,,,
DEALER_ORDER_INVENTORY_SALE_STATUS,,Sold,,,,,
VENDOR_RETURN_STATUS,,Pending Claim,1,,,,
VENDOR_RETURN_STATUS,,Pending Brand Inspection,3,,,,
VENDOR_RETURN_STATUS,,RTV Closed,8,,,,
ORDER_STATUS_WAREHOUSE,,Pending Pick,,,,,
ORDER_STATUS_WAREHOUSE,,Pending Pack,,,,,
ORDER_STATUS_WAREHOUSE,,Pending Dispatch,,,,,
ORDER_STATUS_WAREHOUSE,,Dispatched,,,,,
INVENTORY_STATUS_WAREHOUSE,,Pending Receipt,,,,,
GATEPASS_INVENTORY_STATUS,,Pending Receipt,,,,,
GATEPASS_INVENTORY_STATUS,,Fully Received,,,,,
GATEPASS_INVENTORY_STATUS,,Part Received,,,,,
GATEPASS_INVENTORY_STATUS,,Excess Received,,,,,
INSURANCE_STATUS,,Pending Insurance Submission,1,,,,
INSURANCE_STATUS,,Pending Insurance Call Log,2,,,,
INSURANCE_STATUS,,Pending Insurance Inspection,3,,,,
INSURANCE_STATUS,,Pending Insurance Approval,4,,,,
INSURANCE_STATUS,,Pending Insurance Disposition,5,,,,
INSURANCE_STATUS,,Insurance Closed,7,,,,
INSURANCE_FILE_TYPE,,Insurance Submission,,,,,
INSURANCE_FILE_TYPE,,Insurance Inspection,,,,,
INSURANCE_FILE_TYPE,,Insurance Resolution,,,,,
INSURANCE_FILE_TYPE,,Insurance Disposition,,,,,
WAREHOUSE_ORDER_FILE_TYPES,,POD,,,,,
WAREHOUSE_ORDER_FILE_TYPES,,Gatepass,,,,,
WAREHOUSE_ORDER_FILE_TYPES,,Invoice,,,,,
ORDER_STATUS_WAREHOUSE,,In Dispatch,,,,,
REPAIR_STATUS,,Pending Repair Initiation,1,,,,
REPAIR_STATUS,,Pending Repair Estimate,2,,,,
REPAIR_STATUS,,Pending Repair Approval,3,,,,
REPAIR_STATUS,,Pending Repair Grade,5,,,,
REPAIR_STATUS,,Pending Repair Disposition,6,,,,
REPAIR_STATUS,,Pending Repair Disposition Set,7,,,,
REPAIR_STATUS,,Pending Quotation,8,,,,
REPAIR_STATUS,,Pending Repair,9,,,,
REPAIR_STATUS,,Dispatch,10,,,,
REPAIR_STATUS,,Pending Disposition,11,,,,
REPAIR_LOCATION,,In House,,,,,
REPAIR_LOCATION,,External Location,,,,,
INSURANCE_STATUS,,Pending Insurance Dispatch,6,,,,
LIQUIDATION_STATUS,,Pending Lot Creation,3,,,,
GATE_PASS_STATUS,,Open,,,,,
GATE_PASS_STATUS,,Closed,,,,,
GATE_PASS_STATUS,,Pending Receipt,,,,,
GATEPASS_INVENTORY_STATUS,,Pending GRN,,,,,
INVENTORY_STATUS_WAREHOUSE,,Pending GRN,,,,,
REPLACEMENT_STATUS,,Pending Replacement Call Log,1,,,,
REPLACEMENT_STATUS,,Pending Replacement Inspection,2,,,,
REPLACEMENT_STATUS,,Pending Replacement Resolution,3,,,,
REPLACEMENT_STATUS,,Pending Replacement Replaced,4,,,,
REPLACEMENT_STATUS,,Pending Replacement Disposition,5,,,,
REPLACEMENT_STATUS,,Pending Replacement Approved,6,,,,
REPLACEMENT_STATUS,,Pending Replacement Closed,7,,,,
REPLACEMENT_STATUS,,Pending Redeployment,8,,,,
REPLACEMENT_STATUS,,Dispatch,9,,,,
REPLACEMENT_STATUS,,Pending Confirmation,10,,,,
REPLACEMENT_STATUS,,Pending Replacement,11,,,,
REPLACEMENT_LOCATION,,In House,,,,,
REPLACEMENT_LOCATION,,External Location,,,,,
REPLACEMENT_FILE_TYPE,,Replacement Disposition,,,,,
REPLACEMENT_FILE_TYPE,,Replacement Detail,,,,,
REPLACEMENT_FILE_TYPE,,Replacement Approved,,,,,
REPLACEMENT_FILE_TYPE,,Replacement Reject,,,,,
REPLACEMENT_FILE_TYPE,,Replacement Inspection,,,,,
REPLACEMENT_FILE_TYPE,,Replacement Call Log,,,,,
INVENTORY_STATUS_WAREHOUSE,,Pending Issue Resolution,,,,,
INVENTORY_STATUS_WAREHOUSE,,Pending Insurance,,,,,
MARKDOWN_STATUS,,Pending Transfer Out Destination,1,,,,
MARKDOWN_STATUS,,Pending Transfer Out Dispatch,2,,,,
MARKDOWN_STATUS,,Pending Transfer Out Dispatch Complete,3,,,,
MARKDOWN_FILE_TYPE,,Markdown Destination,,,,,
MARKDOWN_FILE_TYPE,,Markdown Dispatch,,,,,
REDEPLOY_STATUS,,Pending Redeploy Destination,1,,,,
REDEPLOY_STATUS,,Pending Redeploy Dispatch,2,,,,
REDEPLOY_STATUS,,Redeploy Dispatch Complete,3,,,,
RESTOCK_STATUS,,Pending Restock Destination,1,,,,
RESTOCK_STATUS,,Pending Restock Dispatch,2,,,,
INVENTORY_STATUS_WAREHOUSE,,Pending Redeploy,,,,,
RTV_FILE_TYPE,,Claim,,,,,
RTV_FILE_TYPE,,Inspection,,,,,
RTV_FILE_TYPE,,Disposition,,,,,
RTV_FILE_TYPE,,Dispatch,,,,,
RTV_FILE_TYPE,,Settlement,,,,,
POLICY,,In-Policy,,,,,
POLICY,,Out-Policy,,,,,
E-WASTE_STATUS,,Pending E-Waste,1,,,,
E-WASTE_STATUS,,Pending E-Waste Dispatch,2,,,,
WAREHOUSE_ORDER_FILE_TYPES,,RSTO Document,,,,,
LOT_STATUS,,Pending Closure,,,,,
LOT_STATUS,,Partial Payment,,,,,
LOT_STATUS,,Full Payment Received,,,,,
LOT_STATUS,,Dispatch Ready,,,,,
LOT_STATUS,,Dispatched,,,,,
INVENTORY_GRADE,,A,,,,,
INVENTORY_GRADE,,AA,,,,,
INVENTORY_GRADE,,B,,,,,
INVENTORY_GRADE,,C,,,,,
INVENTORY_GRADE,,D,,,,,
INVENTORY_GRADE,,E,,,,,
INVENTORY_GRADE,,A1,,,,,
INVENTORY_GRADE,,Not Tested,,,,,
WAREHOUSE_CONSIGNMENT_FILE_TYPES,,NRGP,,,,,
WAREHOUSE_CONSIGNMENT_FILE_TYPES,,OBD,,,,,
WAREHOUSE_CONSIGNMENT_FILE_TYPES,,Customer Invoice,,,,,
WAREHOUSE_CONSIGNMENT_FILE_TYPES,,RTN,,,,,
WAREHOUSE_CONSIGNMENT_FILE_TYPES,,GI Copy,,,,,
WAREHOUSE_CONSIGNMENT_FILE_TYPES,,POD,,,,,
WAREHOUSE_CONSIGNMENT_FILE_TYPES,,Tax Invoice,,,,,
WAREHOUSE_CONSIGNMENT_FILE_TYPES,,RGP,,,,,
WAREHOUSE_DISPOSITION,,Brand Call-Log,,,,,
WAREHOUSE_DISPOSITION,,Redeploy,,,,,
WAREHOUSE_DISPOSITION,,Repair,,,,,
WAREHOUSE_DISPOSITION,,Replacement,,,,,
WAREHOUSE_DISPOSITION,,E-Waste,,,,,
WAREHOUSE_DISPOSITION,,Pending Transfer Out,,,,,
WAREHOUSE_DISPOSITION,,Markdown,,,,,
WAREHOUSE_DISPOSITION,,Insurance,,,,,
WAREHOUSE_DISPOSITION,,Liquidation,,,,,
WAREHOUSE_DISPOSITION,,Restock,,,,,
WAREHOUSE_DISPOSITION,,Rental,,,,,
LIQUIDATION_STATUS,,Pending Liquidation,1,,,,
LIQUIDATION_STATUS,,Pending Liquidation Regrade,2,,,,
LIQUIDATION_STATUS,,Pending Lot Dispatch,4,,,,
LIQUIDATION_STATUS,,Pending B2C Publish,14,,,,
LIQUIDATION_STATUS,,In Progress B2C,15,,,,
LIQUIDATION_STATUS,,B2C Pending Decision,16,,,,
LIQUIDATION_STATUS,,Dispatch,17,,,,
RETURN_REASON_FILE_TYPES,,Customer Invoice,,15,15,FALSE,
RETURN_REASON_FILE_TYPES,,OBD,,,,,
RETURN_REASON_FILE_TYPES,,NRGP,,,,,
RETURN_REASON_FILE_TYPES,,Check List,,,,,
RETURN_REASON_FILE_TYPES,,DOA Letter,,,,,
RETURN_REASON_FILE_TYPES,,NER Number,,4,0,TRUE,
GRADING_TYPE,,Warehouse,,,,,
GRADING_TYPE,,Pending Liquidation Regrade,,,,,
GRADING_TYPE,,Pending Repair Grade,,,,,
GRADING_TYPE,,Own Label,,,,,
GRADING_TYPE,,Non Own Label,,,,,
INVENTORY_STATUS_WAREHOUSE,,Pending E-Waste,,,,,
PENDING_DISPOSITION_STATUS,,Pending Disposition,,,,,
PENDING_DISPOSITION_STATUS,,Pending Disposition Closed,,,,,
INVENTORY_STATUS_WAREHOUSE,,Pending Disposition,,,,,
WAREHOUSE_DISPOSITION,,Pending Disposition,,,,,
WAREHOUSE_ORDER_FILE_TYPES,,NRGP,,,,,
VENDOR_TYPE,,Brand Call-Log,,,,,
VENDOR_TYPE,,Insurance,,,,,
VENDOR_TYPE,,Pending Transfer Out,,,,,
VENDOR_TYPE,,Redeploy,,,,,
VENDOR_TYPE,,Replacement,,,,,
VENDOR_TYPE,,Email Liquidation,,,,,
VENDOR_TYPE,,Contracted Liquidation,,,,,
VENDOR_TYPE,,Repair,,,,,
VENDOR_TYPE,,E-Waste,,,,,
VENDOR_TYPE,,Internal Vendor,,,,,
VENDOR_TYPE,,External Vendor,,,,,
UPDATE_STN_FILE_TYPES,,STN Update Document,,,,,
CITY,Karnataka,Mangalore,,,,,
CITY,Karnataka,Hubballi,,,,,
CITY,Tamil Nadu,Coimbatore,,,,,
LIQUIDATION_LOT_TYPE,,Email Lot,,,,,
LIQUIDATION_LOT_TYPE,,Beam Lot,,,,,
LIQUIDATION_LOT_TYPE,,Manual Dispatch Lot,,,,,
LIQUIDATION_LOT_TYPE,,Contract Lot,,,,,
LIQUIDATION_LOT_TYPE,,Competitive Lot,,,,,
LIQUIDATION_LOT_TYPE,,B2C,,,,,
LIQUIDATION_LOT_TYPE,,MOQ Lot,,,,,
LIQUIDATION_LOT_TYPE,,MOQ Sub Lot,,,,,
LOT_STATUS,,Pending Publish,,,,,
LOT_STATUS,,In Progress,,,,,
LOT_STATUS,,No Bid,,,,,
LOT_STATUS,,Confirmation Pending,,,,,
LOT_STATUS,,Archived,,,,,
LOT_STATUS,,Pending Payment,,,,,
LOT_STATUS,,Pending B2B Publish,,,,,
LOT_STATUS,,Pending lot details,,,,,
LOT_STATUS,,Ready for publishing,,,,,
LOT_STATUS,,Ready For Republishing,,,,,
LOT_STATUS,,Publish Initiated,,,,,
LOT_STATUS,,Publish Error,,,,,
LOT_STATUS,,Ready for publishing sub lot,,,,,
LOT_STATUS,,In Progress B2C,,,,,
LOT_STATUS,,In Progress B2B,,,,,
LOT_STATUS,,MOQ Sub Lot In Progress B2B,,,,,
LOT_STATUS,,MOQ Sub Lot Pending Decision,,,,,
LOT_STATUS,,Pending Decision,,,,,
LOT_STATUS,,Hide For Pending Decision,,,,,
LOT_STATUS,,Creating Sub Lots,,,,,
ORDER_STATUS_WAREHOUSE,,Partial Dispatch,,,,,
WAREHOUSE_DISPOSITION,,RTV,,,,,
INVENTORY_STATUS_WAREHOUSE,,Pending RTV,,,,,
WAREHOUSE_ORDER_DOCUMENT_TYPES,,RTN,,,,,
WAREHOUSE_ORDER_DOCUMENT_TYPES,,GI,,,,,
WAREHOUSE_ORDER_DOCUMENT_TYPES,,POD,,,,,
WAREHOUSE_ORDER_DOCUMENT_TYPES,,NRGP,,,,,
WAREHOUSE_ORDER_DOCUMENT_TYPES,,LR,,,,,
WAREHOUSE_ORDER_DOCUMENT_TYPES,,E-Way Bill,,,,,
WAREHOUSE_ORDER_DOCUMENT_TYPES,,STO,,,,,
WAREHOUSE_ORDER_DOCUMENT_TYPES,,Invoice,,,,,
INVENTORY_STATUS_WAREHOUSE,,Available To Sell,,,,,
GATE_PASS_TYPE,,IBD,,,,,
GATE_PASS_TYPE,,OBD,,,,,
GATE_PASS_TYPE,,GI,,,,,
GATE_PASS_TYPE,,PCKSLP,,,,,
INVENTORY_STATUS_FORWARD,,Inwarded,,,,,
INVENTORY_STATUS_FORWARD,,Submitted,,,,,
GATE_PASS_STATUS,,Assigned,,,,,
GATE_PASS_STATUS,,Scanning In Progress,,,,,
REQUEST_STATUS,,Pending,,,,,
REQUEST_STATUS,,Partialy Graded,,,,,
REQUEST_STATUS,,Fully Graded,,,,,
GATE_PASS_TYPE,,ZRTN,,,,,
LIQUIDATION_STATUS,,Pending RFQ,3,,,,
LIQUIDATION_STATUS,,Pending Publish,4,,,,
LIQUIDATION_STATUS,,Inprogress,5,,,,
LIQUIDATION_STATUS,,Decision Pending,6,,,,
DISPATCH_STATUS,,Pending Pick-Up,,,,,
DISPATCH_STATUS,,Pending Packaging,,,,,
DISPATCH_STATUS,,Pending Dispatch,,,,,
DISPATCH_STATUS,,Pending Disposition,,,,,
DISPATCH_STATUS,,Completed,,,,,
DISPATCH_STATUS,,Dispatched,,,,,
REPAIR_STATUS,,Pending Redeployment,7,,,,
VENDOR_RETURN_STATUS,,Pending Brand Resolution,8,,,,
LIQUIDATION_STATUS,,Allocate B2C,7,,,,
LIQUIDATION_STATUS,,Allocate B2B,8,,,,
LIQUIDATION_STATUS,,Contracted Price,9,,,,
LIQUIDATION_STATUS,,Competitive Bidding Price,10,,,,
LIQUIDATION_STATUS,,MOQ Price,11,,,,
LIQUIDATION_STATUS,,Pending Approval,12,,,,
LIQUIDATION_STATUS,,Pending Payment,13,,,,
BOX_STATUSES,,Pending Receipt,,,,,
BOX_STATUSES,,Box Rejected,,,,,
BOX_STATUSES,,Box Inwarded,,,,,
BOX_STATUSES,,Pending Box Resolution,,,,,
INWARD_STATUSES,,Pending Receipt,,,,,
INWARD_STATUSES,,Box Inwarded,,,,,
INWARD_STATUSES,,Inwarded,,,,,
INWARD_STATUSES,,Item Inwarded,,,,,
INWARD_STATUSES,,Pending Box Resolution,,,,,
INWARD_STATUSES,,Pending Item Resolution,,,,,
INWARD_STATUSES,,Pending Item Inwarding,,,,,
INWARD_STATUSES,,Write Off,,,,,
INWARD_STATUSES,,Pending GRN,,,,,
INWARD_STATUSES,,Pending Brand Call-Log,,,,,
INWARD_STATUSES,,Pending RTV,,,,,
INWARD_STATUSES,,Pending Liquidation,,,,,
INWARD_STATUSES,,Pending Insurance,,,,,
INWARD_STATUSES,,Pending 3P Claim,,,,,
INWARD_STATUSES,,Pending Markdown,,,,,
INWARD_STATUSES,,Send To Customer,,,,,
INWARD_STATUSES,,Send To Consignor,,,,,
INWARD_STATUSES,,Item Rejected,,,,,
PENDING_BOX_SEARCH,,Customer Id,,,,,
PENDING_BOX_SEARCH,,Consignor Location,,,,,
PENDING_ITEM_SEARCH,,Consignor Location,,,,,
PENDING_ITEM_SEARCH,,Issue,,,,,
BOX_CONDITION,,Ok,,,,,
BOX_CONDITION,,Minor Damaged,,,,,
BOX_CONDITION,,Major Damaged,,,,,
BRAND_CALL_LOG_STATUS,,Pending Information,1,,,,
BRAND_CALL_LOG_STATUS,,Pending BCL Ticket,2,,,,
BRAND_CALL_LOG_STATUS,,Pending Inspection,3,,,,
BRAND_CALL_LOG_STATUS,,Pending Decision,4,,,,
BRAND_CALL_LOG_STATUS,,Pending Disposition,5,,,,
BRAND_CALL_LOG_STATUS,,Pending Closed,6,,,,
INSURANCE_STATUS,,Pending Information,1,,,,
INSURANCE_STATUS,,Pending Claim Ticket,2,,,,
INSURANCE_STATUS,,Pending Inspection,3,,,,
INSURANCE_STATUS,,Pending Decision,4,,,,
INSURANCE_STATUS,,Pending Disposition,5,,,,
INSURANCE_STATUS,,Pending Closed,6,,,,
RETURN_TYPES,,Sales Return,,,,,
RETURN_TYPES,,Internal Return,,,,,
RETURN_TYPES,,Exchange Return,,,,,
RETURN_TYPES,,Warranty Claim Return,,,,,
RETURN_TYPES,,Pullback Return,,,,,
RETURN_TYPES,,Lease Return,,,,,
RETURN_CHANNEL_TYPES,,Online,,,,,
RETURN_CHANNEL_TYPES,,Offline,,,,,
RETURN_CHANNEL_TYPES,,Delaer,,,,,
RETURN_CHANNEL_TYPES,,Distributor,,,,,
RETURN_CHANNEL_TYPES,,Franchisee,,,,,
RETURN_CHANNEL_TYPES,,Owned Stores,,,,,
RETURN_CHANNEL_TYPES,,Large Format Retail,,,,,
RETURN_REQUEST_SUB_TYPES,,Refund Request,,,,,Sales Return/Exchange Return/Internal Return/Warranty Claim Return/Pullback Return/Lease Return
RETURN_REQUEST_SUB_TYPES,,Exchange Request,,,,,Sales Return/Exchange Return/Internal Return/Warranty Claim Return/Pullback Return/Lease Return
RETURN_REQUEST_SUB_TYPES,,Store Credit Request,,,,,Sales Return/Exchange Return/Internal Return/Warranty Claim Return/Pullback Return/Lease Return
RETURN_REQUEST_SUB_TYPES,,Warranty Claim,,,,,Sales Return/Exchange Return/Internal Return/Warranty Claim Return/Pullback Return/Lease Return
RETURN_REQUEST_SUB_TYPES,,Return for Repair,,,,,Sales Return/Exchange Return/Internal Return/Warranty Claim Return/Pullback Return/Lease Return
RETURN_REQUEST_SUB_TYPES,,Return for Recall,,,,,Sales Return/Exchange Return/Internal Return/Warranty Claim Return/Pullback Return/Lease Return
RETURN_REQUEST_SUB_TYPES,,Return for Restock,,,,,Sales Return/Exchange Return/Internal Return/Warranty Claim Return/Pullback Return/Lease Return
RETURN_REQUEST_SUB_TYPES,,Return for Damaged or Incorrect Product,,,,,Sales Return/Exchange Return/Internal Return/Warranty Claim Return/Pullback Return/Lease Return
RETURN_REQUEST_RETURN_REASONS,,Defective or Damaged Product,,,,,Refund Request/Exchange Request/Store Credit Request/Warranty Claim/Return for Repair/Return for Recall/Return for Restock/Return for Damaged or Incorrect Product
RETURN_REQUEST_RETURN_REASONS,,Incorrect Product,,,,,Refund Request/Exchange Request/Store Credit Request/Warranty Claim/Return for Repair/Return for Recall/Return for Restock/Return for Damaged or Incorrect Product
RETURN_REQUEST_RETURN_REASONS,,Changed My Mind,,,,,Refund Request/Exchange Request/Store Credit Request/Warranty Claim/Return for Repair/Return for Recall/Return for Restock/Return for Damaged or Incorrect Product
RETURN_REQUEST_RETURN_REASONS,,Don’t Like the Product,,,,,Refund Request/Exchange Request/Store Credit Request/Warranty Claim/Return for Repair/Return for Recall/Return for Restock/Return for Damaged or Incorrect Product
RETURN_REQUEST_RETURN_REASONS,,Product Arrived Late,,,,,Refund Request/Exchange Request/Store Credit Request/Warranty Claim/Return for Repair/Return for Recall/Return for Restock/Return for Damaged or Incorrect Product
RETURN_REQUEST_RETURN_REASONS,,Billing or Payment Issues,,,,,Refund Request/Exchange Request/Store Credit Request/Warranty Claim/Return for Repair/Return for Recall/Return for Restock/Return for Damaged or Incorrect Product
RETURN_REQUEST_RETURN_REASONS,,Product Packaging Issues,,,,,Refund Request/Exchange Request/Store Credit Request/Warranty Claim/Return for Repair/Return for Recall/Return for Restock/Return for Damaged or Incorrect Product
RETURN_REQUEST_RETURN_SUB_REASONS,,Inappropriate Size,,,,,Return for Damaged or Incorrect Product/Defective or Damaged Product/Incorrect Product/Changed My Mind/Don’t Like the Product/Product Arrived Late/Billing or Payment Issues/Product Packaging Issues
RETURN_REQUEST_RETURN_SUB_REASONS,,Inadequate Features,,,,,Return for Damaged or Incorrect Product/Defective or Damaged Product/Incorrect Product/Changed My Mind/Don’t Like the Product/Product Arrived Late/Billing or Payment Issues/Product Packaging Issues
RETURN_REQUEST_RETURN_SUB_REASONS,,Color Dissatisfaction,,,,,Return for Damaged or Incorrect Product/Defective or Damaged Product/Incorrect Product/Changed My Mind/Don’t Like the Product/Product Arrived Late/Billing or Payment Issues/Product Packaging Issues
RETURN_REQUEST_RETURN_SUB_REASONS,,Too Noisy,,,,,Return for Damaged or Incorrect Product/Defective or Damaged Product/Incorrect Product/Changed My Mind/Don’t Like the Product/Product Arrived Late/Billing or Payment Issues/Product Packaging Issues
RETURN_REQUEST_RETURN_SUB_REASONS,,Inadequate Energy Efficiency,,,,,Return for Damaged or Incorrect Product/Defective or Damaged Product/Incorrect Product/Changed My Mind/Don’t Like the Product/Product Arrived Late/Billing or Payment Issues/Product Packaging Issues
RETURN_REQUEST_RETURN_SUB_REASONS,,Quality Issues,,,,,Return for Damaged or Incorrect Product/Defective or Damaged Product/Incorrect Product/Changed My Mind/Don’t Like the Product/Product Arrived Late/Billing or Payment Issues/Product Packaging Issues
RETURN_REQUEST_RETURN_SUB_REASONS,,Delivery or Installation Issues,,,,,Return for Damaged or Incorrect Product/Defective or Damaged Product/Incorrect Product/Changed My Mind/Don’t Like the Product/Product Arrived Late/Billing or Payment Issues/Product Packaging Issues
RETURN_CREATION_LOCATIONS,,Customer,,,,,
RETURN_CREATION_LOCATIONS,,Location ID,,,,,
RETURN_INVENTORY_INFORMATION_STATUS,,New,,,,,
RETURN_INVENTORY_INFORMATION_STATUS,,Returned,,,,,
RETURN_INVENTORY_INFORMATION_STATUS,,Partially Returned,,,,,
RETURN_CREATION_STATUS,,Pending Approval,,,,,
RETURN_CREATION_STATUS,,Closed Approval,,,,,
RETURN_CREATION_STATUS,,Closed Reject,,,,,
RETURN_CREATION_STATUS,,Pending Eligibility Validation,,,,,
RETURN_CREATION_STATUS,,Pending Packaging,,,,,
RETURN_CREATION_STATUS,,Pending Reverse Pickup,,,,,
RETURN_CREATION_STATUS,,Reverse Pickup Closed,,,,,
RETURN_ITEM_DETAILS,,Reference Document,,,,,
RETURN_ITEM_DETAILS,,Serial Number,,,,,
RETURN_ITEM_DETAILS,,Article ID,,,,,
RETURN_ITEM_DETAILS,,Article ID & Serial Number,,,,,
RETURN_INCIDENT_DAMAGE_TYPES,,Physical Damage,,,,,
RETURN_INCIDENT_DAMAGE_TYPES,,Functional Damage,,,,,
RETURN_INCIDENT_DAMAGE_TYPES,,Expiry or Shelf Life,,,,,
RETURN_VENDOR_RESPONSIBLE,,Yes,,,,,
RETURN_VENDOR_RESPONSIBLE,,No,,,,,
RETURN_SALVAGE_VALUES,,Scrap Value,,,,,
RETURN_SALVAGE_VALUES,,Reconditioned Value,,,,,
RETURN_SALVAGE_VALUES,,Residual Value,,,,,
RETURN_SALVAGE_VALUES,,Parts Value,,,,,
RETURN_SALVAGE_VALUES,,Other,,,,,
RETURN_INCIDENT_LOCATION,,Damage During Storage,,,,,
RETURN_INCIDENT_LOCATION,,Manufacturing Defect,,,,,
RETURN_INCIDENT_LOCATION,,Damaged during Handling,,,,,
RETURN_TYPE_OF_LOSS,,Partially,,,,,
RETURN_TYPE_OF_LOSS,,Fully,,,,,
SALES_RETURN_PREFFERED_SETTLEMENT_METHOD,,Refund,,,,,
SALES_RETURN_PREFFERED_SETTLEMENT_METHOD,,Replacement – Same,,,,,
SALES_RETURN_PREFFERED_SETTLEMENT_METHOD,,Replacement – Different,,,,,
RETURN_INITIATION_DISPOSITION_STATUS,,Return Approval,,,,,
RETURN_INITIATION_DISPOSITION_STATUS,,Grading,,,,,
RETURN_INITIATION_DISPOSITION_STATUS,,Reverse Pickup,,,,,
RETURN_INITIATION_DISPOSITION_STATUS,,PRD,,,,,
SALES_RETURN_SETTLEMENT_METHOD,,Refund,,,,,
SALES_RETURN_SETTLEMENT_METHOD,,Replacement - Same,,,,,
SALES_RETURN_SETTLEMENT_METHOD,,Replacement - Other,,,,,
SALES_RETURN_SETTLEMENT_METHOD,,Repair,,,,,
SALES_RETURN_SETTLEMENT_METHOD,,Discount,,,,,
SALES_RETURN_REJECT_SETTLEMENT_METHOD,,Repair - Customer,,,,,
SALES_RETURN_REJECT_SETTLEMENT_METHOD,,None,,,,,
WARRANTY_RETURN_SETTLEMENT_METHOD,,Repair Without Replacement Of Spares,,,,,
WARRANTY_RETURN_SETTLEMENT_METHOD,,Repair With Replacement Of Spares,,,,,
WARRANTY_RETURN_SETTLEMENT_METHOD,,Replacement Of Item,,,,,
LEASE_RETURN_SETTLEMENT_METHOD,,Approve With Deduction,,,,,
LEASE_RETURN_SETTLEMENT_METHOD,,Approve Without Deduction,,,,,
SALEABLE_STATUS,,In Stock,,,,,
SALEABLE_STATUS,,Pending Payment,,,,,
SALEABLE_STATUS,,Dispatch,,,,,
STANDALONE_INVENTORY_GRADE,,Defective,,,,,
STANDALONE_INVENTORY_GRADE,,Refurbished Acceptable,,,,,
STANDALONE_INVENTORY_GRADE,,Refurbished Good,,,,,
STANDALONE_INVENTORY_GRADE,,Refurbished Very Good,,,,,
STANDALONE_INVENTORY_GRADE,,Not Tested,,,,,
STANDALONE_INVENTORY_GRADE,,Open Box,,,,,
STANDALONE_INVENTORY_GRADE,,New,,,,,
STANDALONE_INVENTORY_GRADE,,Mixed,,,,,
CAPITAL_ASSET_STATUS,,Assets,,,,,
FORWARD_REPLACEMENT_STATUS,,In Stock,,,,,
FORWARD_REPLACEMENT_STATUS,,Pending Payment,,,,,
FORWARD_REPLACEMENT_STATUS,,Dispatch,,,,,
FORWARD_DEMO_STATUS,,Demo,,,,,
FORWARD_DEMO_STATUS,,Dispatched,,,,,
FORWARD_DISPOSITION,,Saleable,,,,,
FORWARD_DISPOSITION,,Production,,,,,
FORWARD_DISPOSITION,,Usage,,,,,
FORWARD_DISPOSITION,,Demo,,,,,
FORWARD_DISPOSITION,,Replacement,,,,,
FORWARD_DISPOSITION,,Transfer,,,,,
FORWARD_DISPOSITION,,Capital Assets,,,,,
FORWARD_DISPOSITION,,Rental,,,,,
RENTAL_STATUS,,Reserve,,,,,
RENTAL_STATUS,,Pending Payment,,,,,
RENTAL_STATUS,,Out For Rental,,,,,
TRANSFER_INVENTORY_STATUS,,Pending Transfer,,,,,
PRODUCTION_STATUS,,Production Inventory,,,,,
PRODUCTION_STATUS,,Work In Progress,,,,,
PRODUCTION_STATUS,,Finished Or Semi Finished Goods,,,,,
PRODUCTION_STATUS,,Knitted Item,,,,,
ARTICLE_TYPES,,Consumables,,,,,
ARTICLE_TYPES,,Parts & Spares,,,,,
ARTICLE_TYPES,,Semi Finished Goods,,,,,
ARTICLE_TYPES,,Finished Goods,,,,,
ARTICLE_TYPES,,Packaging Material,,,,,
UOM_CODES,,mm,,,,,
UOM_CODES,,m,,,,,
UOM_CODES,,ml,,,,,
UOM_CODES,,l,,,,,
UOM_CODES,,mg,,,,,
UOM_CODES,,g,,,,,
UOM_CODES,,kg,,,,,
UOM_CODES,,No.,,,,,
PRD_STATUS,,PRD Created,,,,,
PRD_STATUS,,IRD Completed,,,,,
PRD_STATUS,,GRN Submitted,,,,,
PRD_STATUS,,Incomplete,,,,,
PRD_STATUS,,Open,,,,,
PRD_STATUS,,Approval,,,,,
PRD_STATUS,,Closed,,,,,
CANNIBALIZATION_STATUS,,To Be Cannibalized,,,,,
CANNIBALIZATION_STATUS,,To Be Cannibalized Item,,,,,
CANNIBALIZATION_STATUS,,Work In Progress,,,,,
CANNIBALIZATION_STATUS,,Work In Progress Item,,,,,
CANNIBALIZATION_STATUS,,Cannibalized,,,,,
CANNIBALIZATION_STATUS,,Cannibalized Item,,,,,