Category L1,Category L2,Category L3,Category L4,Category L5,Category L6,Category Code
Electronics and Appliances,Home Appliances,Accessories Home Appliances,,,,CC1
Electronics and Appliances,Home Appliances,Air conditioner,Others,,,CC2
Electronics and Appliances,Home Appliances,Air conditioner,Split AC Full Set indoor and outdoor,,,CC3
Electronics and Appliances,Home Appliances,Air conditioner,Split AC indoor unit,,,CC4
Electronics and Appliances,Home Appliances,Air conditioner,Split AC Outdoor unit,,,CC5
Electronics and Appliances,Home Appliances,Air conditioner,Window AC,,,CC6
Electronics and Appliances,Home Appliances,Air Cooler,,,,CC7
Electronics and Appliances,Home Appliances,Camcorder,,,,CC8
Electronics and Appliances,Home Appliances,Ceiling Fan,,,,CC9
Electronics and Appliances,Home Appliances,Digital Camera,,,,CC10
Electronics and Appliances,Home Appliances,DVD Player,,,,CC11
Electronics and Appliances,Home Appliances,Electric Iron,,,,CC12
Electronics and Appliances,Home Appliances,Home Theatre,,,,CC13
Electronics and Appliances,Home Appliances,ipod,,,,CC14
Electronics and Appliances,Home Appliances,MP3 Player,,,,CC15
Electronics and Appliances,Home Appliances,Music system,,,,CC16
Electronics and Appliances,Home Appliances,Others,,,,CC17
Electronics and Appliances,Home Appliances,Room heater,,,,CC18
Electronics and Appliances,Home Appliances,Sewing machine,,,,CC19
Electronics and Appliances,Home Appliances,Spares Home appliances,,,,CC20
Electronics and Appliances,Home Appliances,Speaker,,,,CC21
Electronics and Appliances,Home Appliances,Table Fan,,,,CC22
Electronics and Appliances,Home Appliances,Television,,,,CC23
Electronics and Appliances,Home Appliances,Vaccum Cleaner,,,,CC24
Electronics and Appliances,Home Appliances,Video or PC Game Accessories,,,,CC25
Electronics and Appliances,Home Appliances,Video or PC Game CD or DVD,,,,CC26
Electronics and Appliances,Home Appliances,Video or PC Game Others,,,,CC27
Electronics and Appliances,Home Appliances,Video or PC Game Player,,,,CC28
Electronics and Appliances,Home Appliances,Washing Machine,,,,CC29
Electronics and Appliances,Home Appliances,Water heater,,,,CC30
Electronics and Appliances,Kitchen appliances,Accessories Kitchen appliances,,,,CC31
Electronics and Appliances,Kitchen appliances,Electric Chimney,,,,CC32
Electronics and Appliances,Kitchen appliances,Electric Tandoor,,,,CC33
Electronics and Appliances,Kitchen appliances,Food processor,,,,CC34
Electronics and Appliances,Kitchen appliances,Induction plate/ Cooktop,,,,CC35
Electronics and Appliances,Kitchen appliances,Juicer Mixer Grinder,,,,CC36
Electronics and Appliances,Kitchen appliances,Microwave,,,,CC37
Electronics and Appliances,Kitchen appliances,Mixer Grinder,,,,CC38
Electronics and Appliances,Kitchen appliances,Others,,,,CC39
Electronics and Appliances,Kitchen appliances,Refrigerator,,,,CC40
Electronics and Appliances,Kitchen appliances,Rice cooker,,,,CC41
Electronics and Appliances,Kitchen appliances,Roti Maker,,,,CC42
Electronics and Appliances,Kitchen appliances,Sandwitch maker,,,,CC43
Electronics and Appliances,Kitchen appliances,Spares Kitchen appliances,,,,CC44
Electronics and Appliances,Kitchen appliances,Toaster,,,,CC45
Electronics and Appliances,Kitchen appliances,Water Cooler,,,,CC46
Electronics and Appliances,Kitchen appliances,Water purifier,,,,CC47
Electronics and Appliances,Mobiles and Tablets,Accessories mobiles and Tablets,Charger,,,CC48
Electronics and Appliances,Mobiles and Tablets,Accessories mobiles and Tablets,Data Cable,,,CC49
Electronics and Appliances,Mobiles and Tablets,Accessories mobiles and Tablets,Earphone or Headphone,In-Ear Earphone or Headphone,,CC50
Electronics and Appliances,Mobiles and Tablets,Accessories mobiles and Tablets,Earphone or Headphone,On-Ear Earphone or Headphone,,CC51
Electronics and Appliances,Mobiles and Tablets,Accessories mobiles and Tablets,Memory card,,,CC52
Electronics and Appliances,Mobiles and Tablets,Accessories mobiles and Tablets,Mobile case and cover,,,CC53
Electronics and Appliances,Mobiles and Tablets,Accessories mobiles and Tablets,Others,,,CC54
Electronics and Appliances,Mobiles and Tablets,Accessories mobiles and Tablets,Power bank,,,CC55
Electronics and Appliances,Mobiles and Tablets,Accessories mobiles and Tablets,Screen guard,,,CC56
Electronics and Appliances,Mobiles and Tablets,Accessories mobiles and Tablets,Selfie stick,,,CC57
Electronics and Appliances,Mobiles and Tablets,Accessories mobiles and Tablets,USB Cable,,,CC58
Electronics and Appliances,Mobiles and Tablets,Mobile,,,,CC59
Electronics and Appliances,Mobiles and Tablets,Others,,,,CC60
Electronics and Appliances,Mobiles and Tablets,Spares mobiles and Tablets,Mobile Battery,,,CC61
Electronics and Appliances,Mobiles and Tablets,Spares mobiles and Tablets,Mobile Mother Board,,,CC62
Electronics and Appliances,Mobiles and Tablets,Spares mobiles and Tablets,Others,,,CC63
Electronics and Appliances,Mobiles and Tablets,Spares mobiles and Tablets,Tablet Mother Board,,,CC64
Electronics and Appliances,Mobiles and Tablets,Tablets,,,,CC65
Electronics and Appliances,Accessories,Others,,,,CC66
Electronics and Appliances,Cameras,Others,,,,CC67
Electronics and Appliances,Home Audio,Others,,,,CC68
Electronics and Appliances,Others,,,,,CC69
Electronics and Appliances,Personal care appliances,Activity Tracker,,,,CC70
Electronics and Appliances,Personal care appliances,Digital Watch,,,,CC71
Electronics and Appliances,Personal care appliances,Electric Shaver,,,,CC72
Electronics and Appliances,Personal care appliances,Electric Trimmer,,,,CC73
Electronics and Appliances,Personal care appliances,Epilators,,,,CC74
Electronics and Appliances,Personal care appliances,Grooming Kit,,,,CC75
Electronics and Appliances,Personal care appliances,Hair Curler,,,,CC76
Electronics and Appliances,Personal care appliances,Hair Dryer,,,,CC77
Electronics and Appliances,Personal care appliances,Hair Straightner,,,,CC78
Electronics and Appliances,Personal care appliances,Healthcare appliance,,,,CC79
Electronics and Appliances,Personal care appliances,Massager,,,,CC80
Electronics and Appliances,Personal care appliances,Others,,,,CC81
Electronics and Appliances,Personal care appliances,Smart Watch,,,,CC82
Fashion and Style,Apparel,Kid's wear,Boys Clothing,Boy's 3/4ths,,CC83
Fashion and Style,Apparel,Kid's wear,Boys Clothing,Boy's Ethnic wear,Blazer/ Coat,CC84
Fashion and Style,Apparel,Kid's wear,Boys Clothing,Boy's Ethnic wear,Indo Western Suit,CC85
Fashion and Style,Apparel,Kid's wear,Boys Clothing,Boy's Ethnic wear,Kurta Pyjama,CC86
Fashion and Style,Apparel,Kid's wear,Boys Clothing,Boy's Ethnic wear,Others,CC87
Fashion and Style,Apparel,Kid's wear,Boys Clothing,Boy's Ethnic wear,Suit,CC88
Fashion and Style,Apparel,Kid's wear,Boys Clothing,Boy's Infant wear,,CC89
Fashion and Style,Apparel,Kid's wear,Boys Clothing,Boy's Inner wear,Boy's Banyan/ Vests,CC90
Fashion and Style,Apparel,Kid's wear,Boys Clothing,Boy's Inner wear,Boy's Night wear,CC91
Fashion and Style,Apparel,Kid's wear,Boys Clothing,Boy's Inner wear,Boy's Swim wear,CC92
Fashion and Style,Apparel,Kid's wear,Boys Clothing,Boy's Inner wear,Boy's Track wear,CC93
Fashion and Style,Apparel,Kid's wear,Boys Clothing,Boy's Inner wear,Others,CC94
Fashion and Style,Apparel,Kid's wear,Boys Clothing,Boy's Inner wear,Underwear,CC95
Fashion and Style,Apparel,Kid's wear,Boys Clothing,Boy's Jackets,,CC96
Fashion and Style,Apparel,Kid's wear,Boys Clothing,Boy's Jeans,,CC97
Fashion and Style,Apparel,Kid's wear,Boys Clothing,Boy's Shorts,,CC98
Fashion and Style,Apparel,Kid's wear,Boys Clothing,Boy's socks,,CC99
Fashion and Style,Apparel,Kid's wear,Boys Clothing,Boy's T-Shirt,,CC100
Fashion and Style,Apparel,Kid's wear,Boys Clothing,Boy's Trousers,,CC101
Fashion and Style,Apparel,Kid's wear,Boys Clothing,Boy's Twin set,,CC102
Fashion and Style,Apparel,Kid's wear,Boys Clothing,Others,,CC103
Fashion and Style,Apparel,Kid's wear,Boys Clothing,Shirt,,CC104
Fashion and Style,Apparel,Kid's wear,Girl's Clothing,Casual dresses,,CC105
Fashion and Style,Apparel,Kid's wear,Girl's Clothing,Frocks,,CC106
Fashion and Style,Apparel,Kid's wear,Girl's Clothing,Girl's Capris,,CC107
Fashion and Style,Apparel,Kid's wear,Girl's Clothing,Girl's Ethnic wear,Kurtis,CC108
Fashion and Style,Apparel,Kid's wear,Girl's Clothing,Girl's Ethnic wear,Lenhanga Choli,CC109
Fashion and Style,Apparel,Kid's wear,Girl's Clothing,Girl's Ethnic wear,Others,CC110
Fashion and Style,Apparel,Kid's wear,Girl's Clothing,Girl's Ethnic wear,Party Gown,CC111
Fashion and Style,Apparel,Kid's wear,Girl's Clothing,Girl's Ethnic wear,Suit set,CC112
Fashion and Style,Apparel,Kid's wear,Girl's Clothing,Girl's Infant wear,,CC113
Fashion and Style,Apparel,Kid's wear,Girl's Clothing,Girl's Inner wear,Girl's Banyan/ Vests,CC114
Fashion and Style,Apparel,Kid's wear,Girl's Clothing,Girl's Inner wear,Girl's Night wear,CC115
Fashion and Style,Apparel,Kid's wear,Girl's Clothing,Girl's Inner wear,Girl's Swim wear,CC116
Fashion and Style,Apparel,Kid's wear,Girl's Clothing,Girl's Inner wear,Girl's Track wear,CC117
Fashion and Style,Apparel,Kid's wear,Girl's Clothing,Girl's Inner wear,Others,CC118
Fashion and Style,Apparel,Kid's wear,Girl's Clothing,Girl's Inner wear,Panty,CC119
Fashion and Style,Apparel,Kid's wear,Girl's Clothing,Girl's Jackets,,CC120
Fashion and Style,Apparel,Kid's wear,Girl's Clothing,Girl's Jeans,,CC121
Fashion and Style,Apparel,Kid's wear,Girl's Clothing,Girl's Leggings,,CC122
Fashion and Style,Apparel,Kid's wear,Girl's Clothing,Girl's Shorts,,CC123
Fashion and Style,Apparel,Kid's wear,Girl's Clothing,Girl's T-Shirt,,CC124
Fashion and Style,Apparel,Kid's wear,Girl's Clothing,Girl's Trousers,,CC125
Fashion and Style,Apparel,Kid's wear,Girl's Clothing,Girl's Twin set,,CC126
Fashion and Style,Apparel,Kid's wear,Girl's Clothing,Others,,CC127
Fashion and Style,Apparel,Kid's wear,Girl's Clothing,Skirt,,CC128
Fashion and Style,Apparel,Kid's wear,Girl's Clothing,Tops,,CC129
Fashion and Style,Apparel,Kid's wear,Others,,,CC130
Fashion and Style,Apparel,Men's wear,Formal wear,Blazer/ Coat,,CC131
Fashion and Style,Apparel,Men's wear,Formal wear,Formal Shirt,,CC132
Fashion and Style,Apparel,Men's wear,Formal wear,Formal Trouser,,CC133
Fashion and Style,Apparel,Men's wear,Formal wear,Men's Socks,,CC134
Fashion and Style,Apparel,Men's wear,Formal wear,Others,,CC135
Fashion and Style,Apparel,Men's wear,Formal wear,Suit,,CC136
Fashion and Style,Apparel,Men's wear,Formal wear,Tie,,CC137
Fashion and Style,Apparel,Men's wear,Men's Casual wear,Casual Shirts,,CC138
Fashion and Style,Apparel,Men's wear,Men's Casual wear,Casual Trousers,,CC139
Fashion and Style,Apparel,Men's wear,Men's Casual wear,Men's Jeans,,CC140
Fashion and Style,Apparel,Men's wear,Men's Casual wear,Men's T-Shirt,,CC141
Fashion and Style,Apparel,Men's wear,Men's Casual wear,Others,,CC142
Fashion and Style,Apparel,Men's wear,Men's Comfort wear,Men's 3/4ths,,CC143
Fashion and Style,Apparel,Men's wear,Men's Comfort wear,Men's Night Suit,,CC144
Fashion and Style,Apparel,Men's wear,Men's Comfort wear,Men's Shorts,,CC145
Fashion and Style,Apparel,Men's wear,Men's Comfort wear,Others,,CC146
Fashion and Style,Apparel,Men's wear,Men's Comfort wear,Tees,,CC147
Fashion and Style,Apparel,Men's wear,Men's Ethnic wear,Dhoti,,CC148
Fashion and Style,Apparel,Men's wear,Men's Ethnic wear,Ethnic Jacket,,CC149
Fashion and Style,Apparel,Men's wear,Men's Ethnic wear,Kurta Pyjama,,CC150
Fashion and Style,Apparel,Men's wear,Men's Ethnic wear,Men's Kurta,,CC151
Fashion and Style,Apparel,Men's wear,Men's Ethnic wear,Others,,CC152
Fashion and Style,Apparel,Men's wear,Men's Ethnic wear,Pyjama,,CC153
Fashion and Style,Apparel,Men's wear,Men's Ethnic wear,Sherwani,,CC154
Fashion and Style,Apparel,Men's wear,Men's Inner wear,Men's Banyan/ Vests,,CC155
Fashion and Style,Apparel,Men's wear,Men's Inner wear,Others,,CC156
Fashion and Style,Apparel,Men's wear,Men's Inner wear,Trunk,,CC157
Fashion and Style,Apparel,Men's wear,Men's Inner wear,Underwear,,CC158
Fashion and Style,Apparel,Men's wear,Men's Sports wear,Men's Sports T-Shirts,,CC159
Fashion and Style,Apparel,Men's wear,Men's Sports wear,Men's Track pants,,CC160
Fashion and Style,Apparel,Men's wear,Men's Sports wear,Others,,CC161
Fashion and Style,Apparel,Men's wear,Men's Sports wear,Sports Jersey,,CC162
Fashion and Style,Apparel,Men's wear,Men's Winter wear,Men's Jackets,,CC163
Fashion and Style,Apparel,Men's wear,Men's Winter wear,Men's Sweat shirts,,CC164
Fashion and Style,Apparel,Men's wear,Men's Winter wear,Men's Sweater,,CC165
Fashion and Style,Apparel,Men's wear,Men's Winter wear,Men's Thermals,,CC166
Fashion and Style,Apparel,Men's wear,Men's Winter wear,Others,,CC167
Fashion and Style,Apparel,Men's wear,Men's Winter wear,Wind sheater,,CC168
Fashion and Style,Apparel,Men's wear,Others,,,CC169
Fashion and Style,Apparel,Others,,,,CC170
Fashion and Style,Apparel,Women's wear,Others,,,CC171
Fashion and Style,Apparel,Women's wear,Women's Casual wear,Evening Gown,,CC172
Fashion and Style,Apparel,Women's wear,Women's Casual wear,Maxi,,CC173
Fashion and Style,Apparel,Women's wear,Women's Casual wear,Midi,,CC174
Fashion and Style,Apparel,Women's wear,Women's Casual wear,Others,,CC175
Fashion and Style,Apparel,Women's wear,Women's Casual wear,Skirts,,CC176
Fashion and Style,Apparel,Women's wear,Women's Casual wear,Top,,CC177
Fashion and Style,Apparel,Women's wear,Women's Casual wear,Women's Capris,,CC178
Fashion and Style,Apparel,Women's wear,Women's Casual wear,Women's Jeans,,CC179
Fashion and Style,Apparel,Women's wear,Women's Casual wear,Women's Leggings,,CC180
Fashion and Style,Apparel,Women's wear,Women's Casual wear,Women's Shorts,,CC181
Fashion and Style,Apparel,Women's wear,Women's Casual wear,Women's T-Shirt,,CC182
Fashion and Style,Apparel,Women's wear,Women's Casual wear,Women's Trousers,,CC183
Fashion and Style,Apparel,Women's wear,Women's Comfort wear,Maternity wear,,CC184
Fashion and Style,Apparel,Women's wear,Women's Ethnic wear,Blouse,,CC185
Fashion and Style,Apparel,Women's wear,Women's Ethnic wear,Chudidar,,CC186
Fashion and Style,Apparel,Women's wear,Women's Ethnic wear,Dress material,,CC187
Fashion and Style,Apparel,Women's wear,Women's Ethnic wear,Kurti,,CC188
Fashion and Style,Apparel,Women's wear,Women's Ethnic wear,Lenhanga,,CC189
Fashion and Style,Apparel,Women's wear,Women's Ethnic wear,Others,,CC190
Fashion and Style,Apparel,Women's wear,Women's Ethnic wear,Salwar,,CC191
Fashion and Style,Apparel,Women's wear,Women's Ethnic wear,Saree,,CC192
Fashion and Style,Apparel,Women's wear,Women's Ethnic wear,Suit piece,,CC193
Fashion and Style,Apparel,Women's wear,Women's Ethnic wear,Women's Kurta,,CC194
Fashion and Style,Apparel,Women's wear,Women's Inner wear,Bra,,CC195
Fashion and Style,Apparel,Women's wear,Women's Inner wear,Others,,CC196
Fashion and Style,Apparel,Women's wear,Women's Inner wear,Panty,,CC197
Fashion and Style,Apparel,Women's wear,Women's Inner wear,Shape wear,,CC198
Fashion and Style,Apparel,Women's wear,Women's Inner wear,Sports bra,,CC199
Fashion and Style,Apparel,Women's wear,Women's Inner wear,Women's Night wear/ Nighty,,CC200
Fashion and Style,Apparel,Women's wear,Women's Inner wear,Women's Swim wear,,CC201
Fashion and Style,Apparel,Women's wear,Women's Sports wear,Others,,CC202
Fashion and Style,Apparel,Women's wear,Women's Sports wear,Tights,,CC203
Fashion and Style,Apparel,Women's wear,Women's Sports wear,Women's Sports T-Shirts,,CC204
Fashion and Style,Apparel,Women's wear,Women's Sports wear,Women's Track pants,,CC205
Fashion and Style,Apparel,Women's wear,Women's Winter wear,Others,,CC206
Fashion and Style,Apparel,Women's wear,Women's Winter wear,Shrugs,,CC207
Fashion and Style,Apparel,Women's wear,Women's Winter wear,Women's Jackets,,CC208
Fashion and Style,Apparel,Women's wear,Women's Winter wear,Women's Sweat shirts,,CC209
Fashion and Style,Apparel,Women's wear,Women's Winter wear,Women's Sweater,,CC210
Fashion and Style,Apparel,Women's wear,Women's Winter wear,Women's Thermals,,CC211
Fashion and Style,Beauty and Grooming products,Baby Care,Baby Body Oil,,,CC212
Fashion and Style,Beauty and Grooming products,Baby Care,Baby Hair Oil,,,CC213
Fashion and Style,Beauty and Grooming products,Baby Care,Baby Shampoo,,,CC214
Fashion and Style,Beauty and Grooming products,Baby Care,Baby soap,,,CC215
Fashion and Style,Beauty and Grooming products,Baby Care,Others,,,CC216
Fashion and Style,Beauty and Grooming products,Bath and Body - Men,After shave,,,CC217
Fashion and Style,Beauty and Grooming products,Bath and Body - Men,Men's Body lotion,,,CC218
Fashion and Style,Beauty and Grooming products,Bath and Body - Men,Men's Body oil,,,CC219
Fashion and Style,Beauty and Grooming products,Bath and Body - Men,Men's Shower gel,,,CC220
Fashion and Style,Beauty and Grooming products,Bath and Body - Men,Men's Soap,,,CC221
Fashion and Style,Beauty and Grooming products,Bath and Body - Men,Others,,,CC222
Fashion and Style,Beauty and Grooming products,Bath and Body - Men,Shaving brush,,,CC223
Fashion and Style,Beauty and Grooming products,Bath and Body - Men,Shaving cream,,,CC224
Fashion and Style,Beauty and Grooming products,Bath and Body - Men,Skin cream,,,CC225
Fashion and Style,Beauty and Grooming products,Bath and Body - Women,Others,,,CC226
Fashion and Style,Beauty and Grooming products,Bath and Body - Women,Women's Body lotion,,,CC227
Fashion and Style,Beauty and Grooming products,Bath and Body - Women,Women's Body oil,,,CC228
Fashion and Style,Beauty and Grooming products,Bath and Body - Women,Women's Shower gel,,,CC229
Fashion and Style,Beauty and Grooming products,Bath and Body - Women,Women's Soap,,,CC230
Fashion and Style,Beauty and Grooming products,Dental Care,Mouthwash,,,CC231
Fashion and Style,Beauty and Grooming products,Dental Care,Others,,,CC232
Fashion and Style,Beauty and Grooming products,Dental Care,Tooth brush,,,CC233
Fashion and Style,Beauty and Grooming products,Dental Care,Tooth Paste,,,CC234
Fashion and Style,Beauty and Grooming products,Make up,Brush and Accessories,Face brush,,CC235
Fashion and Style,Beauty and Grooming products,Make up,Brush and Accessories,Kajal Pencil,,CC236
Fashion and Style,Beauty and Grooming products,Make up,Brush and Accessories,Others,,CC237
Fashion and Style,Beauty and Grooming products,Make up,Brush and Accessories,Powder brush,,CC238
Fashion and Style,Beauty and Grooming products,Make up,Eye Product,Eye liner,,CC239
Fashion and Style,Beauty and Grooming products,Make up,Eye Product,Kajal,,CC240
Fashion and Style,Beauty and Grooming products,Make up,Eye Product,Maskara,,CC241
Fashion and Style,Beauty and Grooming products,Make up,Eye Product,Others,,CC242
Fashion and Style,Beauty and Grooming products,Make up,Face product,Face pack,,CC243
Fashion and Style,Beauty and Grooming products,Make up,Face product,Face powder,,CC244
Fashion and Style,Beauty and Grooming products,Make up,Face product,Moisturizer,,CC245
Fashion and Style,Beauty and Grooming products,Make up,Face product,Mud pack,,CC246
Fashion and Style,Beauty and Grooming products,Make up,Face product,Others,,CC247
Fashion and Style,Beauty and Grooming products,Make up,Face product,Skin cream,,CC248
Fashion and Style,Beauty and Grooming products,Make up,Lip product,Lip Balm,,CC249
Fashion and Style,Beauty and Grooming products,Make up,Lip product,Lip Liner,,CC250
Fashion and Style,Beauty and Grooming products,Make up,Lip product,Lipstick,,CC251
Fashion and Style,Beauty and Grooming products,Make up,Lip product,Others,,CC252
Fashion and Style,Beauty and Grooming products,Make up,Make up kit,,,CC253
Fashion and Style,Beauty and Grooming products,Make up,Nails product,Nail art,,CC254
Fashion and Style,Beauty and Grooming products,Make up,Nails product,Nail polish,,CC255
Fashion and Style,Beauty and Grooming products,Make up,Nails product,Nail polish remover,,CC256
Fashion and Style,Beauty and Grooming products,Make up,Nails product,Others,,CC257
Fashion and Style,Beauty and Grooming products,Make up,Others,,,CC258
Fashion and Style,Beauty and Grooming products,Men's Fragnances,Men's Deodrants,,,CC259
Fashion and Style,Beauty and Grooming products,Men's Fragnances,Men's Gift set,,,CC260
Fashion and Style,Beauty and Grooming products,Men's Fragnances,Men's Perfumes,,,CC261
Fashion and Style,Beauty and Grooming products,Men's Fragnances,Others,,,CC262
Fashion and Style,Beauty and Grooming products,Men's Hair care,Men's Conditioner,,,CC263
Fashion and Style,Beauty and Grooming products,Men's Hair care,Men's Hair color,,,CC264
Fashion and Style,Beauty and Grooming products,Men's Hair care,Men's Hair gel,,,CC265
Fashion and Style,Beauty and Grooming products,Men's Hair care,Men's Hair oil,,,CC266
Fashion and Style,Beauty and Grooming products,Men's Hair care,Men's Shampoo,,,CC267
Fashion and Style,Beauty and Grooming products,Men's Hair care,Others,,,CC268
Fashion and Style,Beauty and Grooming products,Others,,,,CC269
Fashion and Style,Beauty and Grooming products,Women's Fragnances,Others,,,CC270
Fashion and Style,Beauty and Grooming products,Women's Fragnances,Women's Deodrants,,,CC271
Fashion and Style,Beauty and Grooming products,Women's Fragnances,Women's Gift set,,,CC272
Fashion and Style,Beauty and Grooming products,Women's Fragnances,Women's Perfumes,,,CC273
Fashion and Style,Beauty and Grooming products,Women's Hair care,Hair brush/ Comb,,,CC274
Fashion and Style,Beauty and Grooming products,Women's Hair care,Hair packs,,,CC275
Fashion and Style,Beauty and Grooming products,Women's Hair care,Others,,,CC276
Fashion and Style,Beauty and Grooming products,Women's Hair care,Women's Conditioner,,,CC277
Fashion and Style,Beauty and Grooming products,Women's Hair care,Women's Hair color,,,CC278
Fashion and Style,Beauty and Grooming products,Women's Hair care,Women's Hair gel,,,CC279
Fashion and Style,Beauty and Grooming products,Women's Hair care,Women's Hair oil,,,CC280
Fashion and Style,Beauty and Grooming products,Women's Hair care,Women's Shampoo,,,CC281
Fashion and Style,Fashion Accessories,Kid's accessories,Bangles,,,CC282
Fashion and Style,Fashion Accessories,Kid's accessories,Hair Accessories,,,CC283
Fashion and Style,Fashion Accessories,Kid's accessories,Kid's Bags,Kid's Backpack,,CC284
Fashion and Style,Fashion Accessories,Kid's accessories,Kid's Bags,Kid's Trolley,,CC285
Fashion and Style,Fashion Accessories,Kid's accessories,Kid's Bags,Others,,CC286
Fashion and Style,Fashion Accessories,Kid's accessories,Kid's watches,,,CC287
Fashion and Style,Fashion Accessories,Kid's accessories,Others,,,CC288
Fashion and Style,Fashion Accessories,Kid's accessories,Sunglasses,,,CC289
Fashion and Style,Fashion Accessories,Kid's accessories,Wrist Band,,,CC290
Fashion and Style,Fashion Accessories,Men's accessories,Cuffling,,,CC291
Fashion and Style,Fashion Accessories,Men's accessories,Men Bags,Backpack,,CC292
Fashion and Style,Fashion Accessories,Men's accessories,Men Bags,Men's Purse,,CC293
Fashion and Style,Fashion Accessories,Men's accessories,Men Bags,Others,,CC294
Fashion and Style,Fashion Accessories,Men's accessories,Men Bags,Travel bag,,CC295
Fashion and Style,Fashion Accessories,Men's accessories,Men's Analog Watches,,,CC296
Fashion and Style,Fashion Accessories,Men's accessories,Men's Belts,,,CC297
Fashion and Style,Fashion Accessories,Men's accessories,Men's Jewellery,,,CC298
Fashion and Style,Fashion Accessories,Men's accessories,Men's Sunglasses,,,CC299
Fashion and Style,Fashion Accessories,Men's accessories,Others,,,CC300
Fashion and Style,Fashion Accessories,Men's accessories,Ties,,,CC301
Fashion and Style,Fashion Accessories,Men's accessories,,,,CC302
Fashion and Style,Fashion Accessories,Others,,,,CC303
Fashion and Style,Fashion Accessories,Women's accessories,Others,,,CC304
Fashion and Style,Fashion Accessories,Women's accessories,Women Bags,Clutches,,CC305
Fashion and Style,Fashion Accessories,Women's accessories,Women Bags,Handbag,,CC306
Fashion and Style,Fashion Accessories,Women's accessories,Women Bags,Others,,CC307
Fashion and Style,Fashion Accessories,Women's accessories,Women Bags,Sling bag,,CC308
Fashion and Style,Fashion Accessories,Women's accessories,Women Bags,Women's Purse,,CC309
Fashion and Style,Fashion Accessories,Women's accessories,Women's Belts,,,CC310
Fashion and Style,Fashion Accessories,Women's accessories,Women's Jewellery,Anklets,,CC311
Fashion and Style,Fashion Accessories,Women's accessories,Women's Jewellery,Bands,,CC312
Fashion and Style,Fashion Accessories,Women's accessories,Women's Jewellery,Bangles,,CC313
Fashion and Style,Fashion Accessories,Women's accessories,Women's Jewellery,Bracelets,,CC314
Fashion and Style,Fashion Accessories,Women's accessories,Women's Jewellery,Ear rings,,CC315
Fashion and Style,Fashion Accessories,Women's accessories,Women's Jewellery,Mangalsutras,,CC316
Fashion and Style,Fashion Accessories,Women's accessories,Women's Jewellery,Necklace,,CC317
Fashion and Style,Fashion Accessories,Women's accessories,Women's Jewellery,Necklace set,,CC318
Fashion and Style,Fashion Accessories,Women's accessories,Women's Jewellery,Others,,CC319
Fashion and Style,Fashion Accessories,Women's accessories,Women's Jewellery,Pendant,,CC320
Fashion and Style,Fashion Accessories,Women's accessories,Women's Jewellery,Pendant Set,,CC321
Fashion and Style,Fashion Accessories,Women's accessories,Women's Jewellery,Rings,,CC322
Fashion and Style,Fashion Accessories,Women's accessories,Women's Jewellery,Toe rings,,CC323
Fashion and Style,Fashion Accessories,Women's accessories,Women's Sunglasses,,,CC324
Fashion and Style,Fashion Accessories,Women's accessories,Women's Watches,Others,,CC325
Fashion and Style,Fashion Accessories,Women's accessories,Women's Watches,Women's Analog Watches,,CC326
Fashion and Style,Fashion Accessories,Women's accessories,,,,CC327
Fashion and Style,Footwear,Kid's Footwear,Boys Footwear,Others,,CC328
Fashion and Style,Footwear,Kid's Footwear,Boys Footwear,Sandal,,CC329
Fashion and Style,Footwear,Kid's Footwear,Boys Footwear,Shoes,,CC330
Fashion and Style,Footwear,Kid's Footwear,Boys Footwear,Slipper,,CC331
Fashion and Style,Footwear,Kid's Footwear,Girls Footwear,Others,,CC332
Fashion and Style,Footwear,Kid's Footwear,Girls Footwear,Sandal,,CC333
Fashion and Style,Footwear,Kid's Footwear,Girls Footwear,Shoes,,CC334
Fashion and Style,Footwear,Kid's Footwear,Girls Footwear,Slipper,,CC335
Fashion and Style,Footwear,Men's Footwear,Boots,,,CC336
Fashion and Style,Footwear,Men's Footwear,Floaters,,,CC337
Fashion and Style,Footwear,Men's Footwear,Formal shoes,,,CC338
Fashion and Style,Footwear,Men's Footwear,Men's Sandals,,,CC339
Fashion and Style,Footwear,Men's Footwear,Men's Sports shoes,,,CC340
Fashion and Style,Footwear,Men's Footwear,Others,,,CC341
Fashion and Style,Footwear,Men's Footwear,Slippers,,,CC342
Fashion and Style,Footwear,Others,,,,CC343
Fashion and Style,Footwear,Women's Footwear,Flats,,,CC344
Fashion and Style,Footwear,Women's Footwear,Heels,,,CC345
Fashion and Style,Footwear,Women's Footwear,Others,,,CC346
Fashion and Style,Footwear,Women's Footwear,Sneakers,,,CC347
Fashion and Style,Footwear,Women's Footwear,Women's Sandals,,,CC348
Fashion and Style,Footwear,Women's Footwear,Women's Sports Shoes,,,CC349
Fashion and Style,Others,,,,,CC350
IT,Desktop and Laptop,Accessories Desktop and Laptop,Headphone,,,CC351
IT,Desktop and Laptop,Accessories Desktop and Laptop,Cabinet,,,CC352
IT,Desktop and Laptop,Accessories Desktop and Laptop,Cable wire,,,CC353
IT,Desktop and Laptop,Accessories Desktop and Laptop,Cooling pads,,,CC354
IT,Desktop and Laptop,Accessories Desktop and Laptop,HDMI Cable,,,CC355
IT,Desktop and Laptop,Accessories Desktop and Laptop,Keyboard,,,CC356
IT,Desktop and Laptop,Accessories Desktop and Laptop,Laptop Adapter/ Charger,,,CC357
IT,Desktop and Laptop,Accessories Desktop and Laptop,Laptop cover/ Bag,,,CC358
IT,Desktop and Laptop,Accessories Desktop and Laptop,Monitor,,,CC359
IT,Desktop and Laptop,Accessories Desktop and Laptop,Mouse,,,CC360
IT,Desktop and Laptop,Accessories Desktop and Laptop,Others,,,CC361
IT,Desktop and Laptop,Accessories Desktop and Laptop,Speaker,,,CC362
IT,Desktop and Laptop,Accessories Desktop and Laptop,VGA Cable,,,CC363
IT,Desktop and Laptop,Desktop,Desktop CPU,,,CC364
IT,Desktop and Laptop,Desktop,Desktop Full Set,,,CC365
IT,Desktop and Laptop,Laptop,,,,CC366
IT,Desktop and Laptop,Others,,,,CC367
IT,Desktop and Laptop,Spares and Parts Desktop and Laptop,Bazel,,,CC368
IT,Desktop and Laptop,Spares and Parts Desktop and Laptop,Cooling fan,,,CC369
IT,Desktop and Laptop,Spares and Parts Desktop and Laptop,CPU Casing,,,CC370
IT,Desktop and Laptop,Spares and Parts Desktop and Laptop,Desktop Mother Board,,,CC371
IT,Desktop and Laptop,Spares and Parts Desktop and Laptop,Drive connectors,,,CC372
IT,Desktop and Laptop,Spares and Parts Desktop and Laptop,DVD Drive,,,CC373
IT,Desktop and Laptop,Spares and Parts Desktop and Laptop,Hard Disk,,,CC374
IT,Desktop and Laptop,Spares and Parts Desktop and Laptop,Hinges,,,CC375
IT,Desktop and Laptop,Spares and Parts Desktop and Laptop,Internal speaker,,,CC376
IT,Desktop and Laptop,Spares and Parts Desktop and Laptop,Laptop Battery,,,CC377
IT,Desktop and Laptop,Spares and Parts Desktop and Laptop,Laptop keyboard,,,CC378
IT,Desktop and Laptop,Spares and Parts Desktop and Laptop,Laptop Mother Board,,,CC379
IT,Desktop and Laptop,Spares and Parts Desktop and Laptop,Others,,,CC380
IT,Desktop and Laptop,Spares and Parts Desktop and Laptop,Palm rest,,,CC381
IT,Desktop and Laptop,Spares and Parts Desktop and Laptop,Power Supply unit,,,CC382
IT,Desktop and Laptop,Spares and Parts Desktop and Laptop,RAM,,,CC383
IT,Desktop and Laptop,Spares and Parts Desktop and Laptop,SMPS,,,CC384
IT,Desktop and Laptop,Spares and Parts Desktop and Laptop,Sound Card,,,CC385
IT,Desktop and Laptop,Spares and Parts Desktop and Laptop,SSD,,,CC386
IT,Desktop and Laptop,Spares and Parts Desktop and Laptop,Touch pad,,,CC387
IT,Desktop and Laptop,Thin Client,,,,CC388
IT,Networking products,Access Point,,,,CC389
IT,Networking products,Modem,,,,CC390
IT,Networking products,Network Adapter,,,,CC391
IT,Networking products,Networking Cable,,,,CC392
IT,Networking products,Others,,,,CC393
IT,Networking products,Range Extender,,,,CC394
IT,Networking products,Router,,,,CC395
IT,Networking products,Switch,,,,CC396
IT,Others,,,,,CC397
IT,Printer,Accessories Printer,Cartridge,,,CC398
IT,Printer,Accessories Printer,Ink,,,CC399
IT,Printer,Accessories Printer,Others,,,CC400
IT,Printer,Accessories Printer,Toner,,,CC401
IT,Printer,Barcode Printer,,,,CC402
IT,Printer,Dot Matrix Printer,,,,CC403
IT,Printer,Inkjet or Deskjet Printer,,,,CC404
IT,Printer,Laserjet Printer,,,,CC405
IT,Printer,Ink Tank Printer,,,,CC406
IT,Printer,Photo Printer,,,,CC407
IT,Printer,others,,,,CC408
IT,Projector,,,,,CC409
IT,Server,,,,,CC410
IT,Storage Products,Hard Disk,,,,CC411
IT,Storage Products,Network Area Storage,,,,CC412
IT,Storage Products,Others,,,,CC413
IT,Storage Products,Pen Drive,,,,CC414
IT,Storage Products,Portable Hard Disk,,,,CC415
IT,UPS,,,,,CC416
IT,UPS Batteries,,,,,CC417
Others,Automobile products,Commercial Vehicle,Commercial Vehicle Accessories,,,CC418
Others,Automobile products,Commercial Vehicle,Commercial Vehicle Spare parts,,,CC419
Others,Automobile products,Commercial Vehicle,Others,,,CC420
Others,Automobile products,Commercial Vehicle,,,,CC421
Others,Automobile products,Four Wheeler,Four Wheeler Accessories,,,CC422
Others,Automobile products,Four Wheeler,Four Wheeler Spare parts,,,CC423
Others,Automobile products,Four Wheeler,Others,,,CC424
Others,Automobile products,Four Wheeler,,,,CC425
Others,Automobile products,Others,,,,CC426
Others,Automobile products,Two Wheeler,Others,,,CC427
Others,Automobile products,Two Wheeler,Two Wheeler Accessories,,,CC428
Others,Automobile products,Two Wheeler,Two Wheeler Spare parts,,,CC429
Others,Automobile products,Two Wheeler,,,,CC430
Others,Cleaning,Home cleaning,Air perfurmes,,,CC431
Others,Cleaning,Home cleaning,Bathroom cleaner,,,CC432
Others,Cleaning,Home cleaning,Broom,,,CC433
Others,Cleaning,Home cleaning,Carpet Cleaner,,,CC434
Others,Cleaning,Home cleaning,Cleaning tools,,,CC435
Others,Cleaning,Home cleaning,Cloths and wipes,,,CC436
Others,Cleaning,Home cleaning,Deodrizers,,,CC437
Others,Cleaning,Home cleaning,Drain opener,,,CC438
Others,Cleaning,Home cleaning,Floor cleaner,,,CC439
Others,Cleaning,Home cleaning,Glass Cleaner,,,CC440
Others,Cleaning,Home cleaning,Kitchen Cleaner,,,CC441
Others,Cleaning,Home cleaning,Metal Polish,,,CC442
Others,Cleaning,Home cleaning,Mops,,,CC443
Others,Cleaning,Home cleaning,Others,,,CC444
Others,Cleaning,Home cleaning,Upholstery Cleaner,,,CC445
Others,Cleaning,Home cleaning,Wood polish,,,CC446
Others,Cleaning,Laundry,Anti-static Spray,,,CC447
Others,Cleaning,Laundry,Bleach,,,CC448
Others,Cleaning,Laundry,Detergent Soap,,,CC449
Others,Cleaning,Laundry,Deterget Soap Set,,,CC450
Others,Cleaning,Laundry,Fabric Deodrizer,,,CC451
Others,Cleaning,Laundry,Fabric Softner,,,CC452
Others,Cleaning,Laundry,Liquid Detergent,,,CC453
Others,Cleaning,Laundry,Others,,,CC454
Others,Cleaning,Laundry,Powder Detergent,,,CC455
Others,Cleaning,Laundry,Stain remover,,,CC456
Others,Cleaning,Laundry,Starch,,,CC457
Others,Cleaning,Others,,,,CC458
Others,Electrical product,Bulbs,,,,CC459
Others,Electrical product,CFL,,,,CC460
Others,Electrical product,Chandilier,,,,CC461
Others,Electrical product,Electrical accessories,,,,CC462
Others,Electrical product,Extension cords,,,,CC463
Others,Electrical product,Junction box,,,,CC464
Others,Electrical product,Lamps,,,,CC465
Others,Electrical product,Multiplug adapters,,,,CC466
Others,Electrical product,Others,,,,CC467
Others,Electrical product,Regulators,,,,CC468
Others,Electrical product,Rope light,,,,CC469
Others,Electrical product,Spot light,,,,CC470
Others,Electrical product,Switches,,,,CC471
Others,Electrical product,Tubelight,,,,CC472
Others,Electrical product,Wires,,,,CC473
Others,Food products,Beverages,Alcoholic beverage,,,CC474
Others,Food products,Beverages,Coffee,,,CC475
Others,Food products,Beverages,Green tea,,,CC476
Others,Food products,Beverages,Juices,,,CC477
Others,Food products,Beverages,Milk supplement,,,CC478
Others,Food products,Beverages,Non-Alcoholic beverage,,,CC479
Others,Food products,Beverages,Others,,,CC480
Others,Food products,Beverages,Tea,,,CC481
Others,Food products,Bread,,,,CC482
Others,Food products,Bread spread,,,,CC483
Others,Food products,Dry Fruits,,,,CC484
Others,Food products,Grocery,Atta,,,CC485
Others,Food products,Grocery,Others,,,CC486
Others,Food products,Grocery,Pulses,,,CC487
Others,Food products,Grocery,Rice,,,CC488
Others,Food products,Honey,,,,CC489
Others,Food products,Jams,,,,CC490
Others,Food products,Milk product,,,,CC491
Others,Food products,Oil and Ghee,,,,CC492
Others,Food products,Others,,,,CC493
Others,Food products,Packaged food,Noodles and pasta,,,CC494
Others,Food products,Packaged food,Others,,,CC495
Others,Food products,Packaged food,Ready mixes,,,CC496
Others,Food products,Packaged food,Snacks,,,CC497
Others,Food products,Packaged food,Sweeta,,,CC498
Others,Food products,Pickles,,,,CC499
Others,Food products,Sauces,,,,CC500
Others,Food products,Spices and Masala,,,,CC501
Others,Furniture,Bedroom,Bedside Table,,,CC502
Others,Furniture,Bedroom,Double Bed,,,CC503
Others,Furniture,Bedroom,Dressing Table,,,CC504
Others,Furniture,Bedroom,Mattress,,,CC505
Others,Furniture,Bedroom,Mattress,,,CC506
Others,Furniture,Bedroom,Others,,,CC507
Others,Furniture,Bedroom,Single Bed,,,CC508
Others,Furniture,Living room,Bean Bag,,,CC509
Others,Furniture,Living room,Center Table,,,CC510
Others,Furniture,Living room,Dining Chair,,,CC511
Others,Furniture,Living room,Dining set,,,CC512
Others,Furniture,Living room,Dining Table,,,CC513
Others,Furniture,Living room,Others,,,CC514
Others,Furniture,Living room,Recliner,,,CC515
Others,Furniture,Living room,Showcase Cabinet,,,CC516
Others,Furniture,Living room,Single Sofa,,,CC517
Others,Furniture,Living room,Sofa Set,,,CC518
Others,Furniture,Living room,TV Cabinet,,,CC519
Others,Furniture,Others,,,,CC520
Others,Furniture,Outdoor furniture,Bench,,,CC521
Others,Furniture,Outdoor furniture,Folding Chair,,,CC522
Others,Furniture,Outdoor furniture,Others,,,CC523
Others,Furniture,Outdoor furniture,Plastic chair,,,CC524
Others,Furniture,Outdoor furniture,Stool,,,CC525
Others,Furniture,Outdoor furniture,Swing Chair,,,CC526
Others,Furniture,Outdoor furniture,Tent,,,CC527
Others,Furniture,Outdoor furniture,Umbrella Canopy,,,CC528
Others,Furniture,Storage Furniture,Book shelf,,,CC529
Others,Furniture,Storage Furniture,Chest,,,CC530
Others,Furniture,Storage Furniture,Others,,,CC531
Others,Furniture,Storage Furniture,Shoe rack,,,CC532
Others,Furniture,Storage Furniture,Wardrobe,,,CC533
Others,Home Decor,Artificial flowers,,,,CC534
Others,Home Decor,Idol,,,,CC535
Others,Home Decor,Others,,,,CC536
Others,Home Decor,Painting,,,,CC537
Others,Home Decor,Poster,,,,CC538
Others,Home Decor,Temple,,,,CC539
Others,Home Decor,Wall hangings,,,,CC540
Others,Home furnishing,Bathroom furnishing,Bath mat,,,CC541
Others,Home furnishing,Bathroom furnishing,Bath Robe,,,CC542
Others,Home furnishing,Bathroom furnishing,Bath towel,,,CC543
Others,Home furnishing,Bathroom furnishing,Others,,,CC544
Others,Home furnishing,Bathroom furnishing,Shower Curtains,,,CC545
Others,Home furnishing,Bedroom furnishing,Bedding set,,,CC546
Others,Home furnishing,Bedroom furnishing,Bedsheet,,,CC547
Others,Home furnishing,Bedroom furnishing,Bedsheet set,,,CC548
Others,Home furnishing,Bedroom furnishing,Bedspreads,,,CC549
Others,Home furnishing,Bedroom furnishing,Blanket,,,CC550
Others,Home furnishing,Bedroom furnishing,Cushions,,,CC551
Others,Home furnishing,Bedroom furnishing,Kid's bedding,,,CC552
Others,Home furnishing,Bedroom furnishing,Others,,,CC553
Others,Home furnishing,Bedroom furnishing,Pillow,,,CC554
Others,Home furnishing,Bedroom furnishing,Pillow cover,,,CC555
Others,Home furnishing,Floor furnishing,Carpet,,,CC556
Others,Home furnishing,Floor furnishing,Doormat,,,CC557
Others,Home furnishing,Floor furnishing,Others,,,CC558
Others,Home furnishing,Floor furnishing,Rugs,,,CC559
Others,Home furnishing,Kitchen furnishing,Apron,,,CC560
Others,Home furnishing,Kitchen furnishing,Dining Mat,,,CC561
Others,Home furnishing,Kitchen furnishing,Others,,,CC562
Others,Home furnishing,Kitchen furnishing,Table Cloth,,,CC563
Others,Home furnishing,Kitchen furnishing,Table Napkin,,,CC564
Others,Home furnishing,Others,,,,CC565
Others,Home furnishing,Window furnishing,Door Curtain,,,CC566
Others,Home furnishing,Window furnishing,Others,,,CC567
Others,Home furnishing,Window furnishing,Window Curtain,,,CC568
Others,Home Utility,Adhesives,,,,CC569
Others,Home Utility,Bags,,,,CC570
Others,Home Utility,Bathroom fittings,Bathroom accessories,,,CC571
Others,Home Utility,Bathroom fittings,Floor drain lid,,,CC572
Others,Home Utility,Bathroom fittings,Others,,,CC573
Others,Home Utility,Bathroom fittings,Sanitary ware,,,CC574
Others,Home Utility,Bathroom fittings,Shower head,,,CC575
Others,Home Utility,Bathroom fittings,Taps,,,CC576
Others,Home Utility,Bucket,,,,CC577
Others,Home Utility,Candles,,,,CC578
Others,Home Utility,Cloth Drying stand,,,,CC579
Others,Home Utility,Cloth pins,,,,CC580
Others,Home Utility,Door fittings,,,,CC581
Others,Home Utility,Drilling machine,,,,CC582
Others,Home Utility,Dustbin,,,,CC583
Others,Home Utility,Hangers,,,,CC584
Others,Home Utility,Ladder,,,,CC585
Others,Home Utility,Lighter,,,,CC586
Others,Home Utility,Locks,,,,CC587
Others,Home Utility,Match box,,,,CC588
Others,Home Utility,Measurement tape,,,,CC589
Others,Home Decor,Mirror,,,,CC590
Others,Home Utility,Mug,,,,CC591
Others,Home Utility,Others,,,,CC592
Others,Home Utility,Paints,,,,CC593
Others,Home Decor,Photo Frame,,,,CC594
Others,Home Utility,Plastic stool,,,,CC595
Others,Home Utility,Safe and Locker,,,,CC596
Others,Home Utility,Safety gear,,,,CC597
Others,Home Utility,Safety pins,,,,CC598
Others,Home Utility,Screw driver,,,,CC599
Others,Home Utility,Stapler,,,,CC600
Others,Home Utility,Thermometer,,,,CC601
Others,Home Utility,Umbrella,,,,CC602
Others,Home Decor,Vases,,,,CC603
Others,Home Utility,Wall Clock,,,,CC604
Others,Home Utility,Wall paper,,,,CC605
Others,Home Utility,Weighing scale,,,,CC606
Others,Industrial product,,,,,CC607
Others,Kid's and Baby products,Diapers,,,,CC608
Others,Kid's and Baby products,Others,,,,CC609
Others,Kid's and Baby products,Pram,,,,CC610
Others,Kid's and Baby products,Toys,,,,CC611
Others,Kitchenware,Cooking items,Frying pan,,,CC612
Others,Kitchenware,Cooking items,Gas Stove,,,CC613
Others,Kitchenware,Cooking items,Kadai,,,CC614
Others,Kitchenware,Cooking items,Others,,,CC615
Others,Kitchenware,Cooking items,Pressure cooker,,,CC616
Others,Kitchenware,Cooking items,Tawa,,,CC617
Others,Kitchenware,Kitchen Storage,Container,,,CC618
Others,Kitchenware,Kitchen Storage,Jar,,,CC619
Others,Kitchenware,Kitchen Storage,Lunch box,,,CC620
Others,Kitchenware,Kitchen Storage,Others,,,CC621
Others,Kitchenware,Kitchen Storage,Racks or Holders,,,CC622
Others,Kitchenware,Kitchen Storage,Water Bottles,,,CC623
Others,Kitchenware,Kitchen tools,Choppers,,,CC624
Others,Kitchenware,Kitchen tools,Graters,,,CC625
Others,Kitchenware,Kitchen tools,Knives,,,CC626
Others,Kitchenware,Kitchen tools,Ladles,,,CC627
Others,Kitchenware,Kitchen tools,Others,,,CC628
Others,Kitchenware,Kitchen tools,Slicer,,,CC629
Others,Kitchenware,Kitchen tools,Spatulla,,,CC630
Others,Kitchenware,Kitchen tools,Tongs,,,CC631
Others,Kitchenware,Others,,,,CC632
Others,Kitchenware,Table ware,Bowls,,,CC633
Others,Kitchenware,Table ware,Casserole,,,CC634
Others,Kitchenware,Table ware,Cups,,,CC635
Others,Kitchenware,Table ware,Cuttlery,,,CC636
Others,Kitchenware,Table ware,Dinner Set,,,CC637
Others,Kitchenware,Table ware,Glasses,,,CC638
Others,Kitchenware,Table ware,Mugs,,,CC639
Others,Kitchenware,Table ware,Others,,,CC640
Others,Medical Products,Medical Consumable,,,,CC641
Others,Medical Products,Medical equipments,,,,CC642
Others,Medical Products,Others,,,,CC643
Others,Musical instrument,,,,,CC644
Others,Musical instrument,Accessories,,,,CC645
Others,Musical instrument,Equipment,,,,CC646
Others,Musical instrument,Strings,,,,CC647
Others,Sports and fitness,Fitness,Bar,,,CC648
Others,Sports and fitness,Fitness,Dumbles,,,CC649
Others,Sports and fitness,Fitness,Elliptical treadmill,,,CC650
Others,Sports and fitness,Fitness,Exercise balls,,,CC651
Others,Sports and fitness,Fitness,Exercise bike,,,CC652
Others,Sports and fitness,Fitness,Exercise/ Yoga mat,,,CC653
Others,Sports and fitness,Fitness,Fitbit,,,CC654
Others,Sports and fitness,Fitness,Gloves,,,CC655
Others,Sports and fitness,Fitness,Gym Bench,,,CC656
Others,Sports and fitness,Fitness,Heart rate monitor,,,CC657
Others,Sports and fitness,Fitness,Home gym,,,CC658
Others,Sports and fitness,Fitness,Iron rod,,,CC659
Others,Sports and fitness,Fitness,Others,,,CC660
Others,Sports and fitness,Fitness,Stop watch,,,CC661
Others,Sports and fitness,Fitness,Treadmill,,,CC662
Others,Sports and fitness,Fitness,Weights,,,CC663
Others,Sports and fitness,Others,,,,CC664
Others,Sports and fitness,Sports,Badminton,Badminton net,,CC665
Others,Sports and fitness,Sports,Badminton,Badminton racquet,,CC666
Others,Sports and fitness,Sports,Badminton,Badminton Shuttle,,CC667
Others,Sports and fitness,Sports,Badminton,Bandminton racquet strings,,CC668
Others,Sports and fitness,Sports,Badminton,Others,,CC669
Others,Sports and fitness,Sports,Baseball,Baseball ball,,CC670
Others,Sports and fitness,Sports,Baseball,Baseball bat,,CC671
Others,Sports and fitness,Sports,Baseball,Baseball glove,,CC672
Others,Sports and fitness,Sports,Baseball,Others,,CC673
Others,Sports and fitness,Sports,Basketball,,,CC674
Others,Sports and fitness,Sports,Board games,,,CC675
Others,Sports and fitness,Sports,Carrom,,,CC676
Others,Sports and fitness,Sports,Cricket,Cricket Ball,,CC677
Others,Sports and fitness,Sports,Cricket,Cricket Glove,,CC678
Others,Sports and fitness,Sports,Cricket,Cricket set,,CC679
Others,Sports and fitness,Sports,Cricket,Criket bat,,CC680
Others,Sports and fitness,Sports,Cricket,Others,,CC681
Others,Sports and fitness,Sports,Cricket,Protective gear,,CC682
Others,Sports and fitness,Sports,Cycle,Bicycle,,CC683
Others,Sports and fitness,Sports,Cycle,Cycle accessories,,CC684
Others,Sports and fitness,Sports,Cycle,Helmet,,CC685
Others,Sports and fitness,Sports,Cycle,Kid's cycle,,CC686
Others,Sports and fitness,Sports,Cycle,Others,,CC687
Others,Sports and fitness,Sports,Cycle,Tricycle,,CC688
Others,Sports and fitness,Sports,Dart board,,,CC689
Others,Sports and fitness,Sports,Darts,,,CC690
Others,Sports and fitness,Sports,Discuss throw,,,CC691
Others,Sports and fitness,Sports,Football,,,CC692
Others,Sports and fitness,Sports,Hockey stick,,,CC693
Others,Sports and fitness,Sports,Others,,,CC694
Others,Sports and fitness,Sports,Plastic balls,,,CC695
Others,Sports and fitness,Sports,Tennis,Others,,CC696
Others,Sports and fitness,Sports,Tennis,Tennis ball,,CC697
Others,Sports and fitness,Sports,Tennis,Tennis Grips,,CC698
Others,Sports and fitness,Sports,Tennis,Tennis net,,CC699
Others,Sports and fitness,Sports,Tennis,Tennis racquet,,CC700
Others,Sports and fitness,Sports,Tennis,Tennis Set,,CC701
Others,Stationery,Books,,,,CC702
Others,Stationery,Copies,,,,CC703
Others,Stationery,File cover,,,,CC704
Others,Stationery,Others,,,,CC705
Others,Stationery,Painting color,,,,CC706
Others,Stationery,Paiting brush,,,,CC707
Others,Stationery,Pen,,,,CC708
Others,Stationery,Pen stand,,,,CC709
Others,Stationery,Pencil,,,,CC710
Others,Stationery,Pencil box,,,,CC711
Others,Stationery,Pencil box set,,,,CC712
Others,Stationery,Registers,,,,CC713
Others,Stationery,Writing pad,,,,CC714
Others,,,,,,CC715
Others,Stationery,Office items,,,,CC716
Others,Stationery,Envelopes,,,,CC717
